nct_id,intervention_type,intervention_name,description
NCT01100892,DRUG,Once-daily insulin detemir,Insulin detemir is a long-acting insulin analog. Starting dose 0.1 units/kg/day (titrated according to the results of home blood glucose monitoring).
NCT02535130,DEVICE,Positive expiratory pressure,
NCT02535130,DRUG,amikacine nebulization,
NCT02649751,DRUG,Roscovitine,"Roscovitine is an experimental drug candidate in the family of pharmacological cyclin-dependent kinase (CDK) inhibitors that preferentially inhibit multiple enzyme targets including CDK2, CDK7 and CDK9. Seliciclib is a 2,6,9-substituted purine analog."
NCT02649751,DRUG,Placebo,The placebo treatment is lactose capsule.
NCT03052231,DEVICE,caremessage,Central to the mobile health information service is the interactive and personalized text-based message system that delivers actionable and tailored health content to participants: office visit appointment reminders; medication adherence reminders; and general health education messages.
NCT06659757,DRUG,KIT2014,KIT2014 will be administered by inhalation with a nebuliser
NCT06659757,OTHER,Placebo,Placebo will be administered by inhalation with a nebuliser
NCT02252601,OTHER,HFDT test,
NCT02252601,OTHER,Pure tone Audiogram,
NCT03734822,OTHER,End tidal CO2 (EtCO2),End tidal CO2 (EtCO2) is monitored through the endotracheal tube during general anesthesia.
NCT03734822,DEVICE,Transcutaneous CO2 (TCO2),Continuous and noninvasive real-time monitoring of transcutaneous CO2.
NCT03734822,DIAGNOSTIC_TEST,Capillary CO2 (CapCO2),Capillary CO2 collected by finger stick and run on the i-STAT handheld blood analyzer.
NCT03734822,DIAGNOSTIC_TEST,Arterial blood gas (ABG),Arterial blood gas collected from the radial artery and run on the i-STAT handheld blood analyzer.
NCT04553419,DRUG,Cephalexin,Cephalexin capsule: TEVA Cephalexin Cephalexin suspension: LUPIN Cephalexin
NCT04553419,DRUG,Placebo,Cellulose capsules or suspension
NCT02131857,BEHAVIORAL,active interventional program based on Mindfulness training,active interventional program based on Mindfulness training
NCT03020719,DRUG,Oral Glutathione,Oral Glutathione oral powder
NCT03020719,DRUG,Placebo,Placebo oral powder
NCT02449785,DEVICE,"MR measurements of lung morphological changes in cystic fibrosis (Avanto dot, Siemens)",
NCT02449785,DEVICE,CT measurements of lung morphological changes in cystic fibrosis,
NCT03737630,DEVICE,Inspiratory muscle training,This group will initiate inspiratory muscle training with 40% of the MIP load and each week will have a load increase of 10% of the initial MIP up to 4 weeks of training
NCT01641822,DRUG,AZLI,Aztreonam for Inhalation Solution (AZLI) 75 mg 3 times daily combined with diluent administered using an eFlow nebulizer
NCT01641822,DRUG,Placebo to match AZLI,Placebo to match AZLI 3 times daily combined with diluent administered using an eFlow nebulizer
NCT01641822,DRUG,Tobramycin inhalation solution,Tobramycin inhalation solution (TIS) 300 mg 2 times daily using a PARI® LC Plus nebulizer and DeVilbiss Pulmo-Aide® air compressor
NCT01775137,DRUG,TBM100,Tobramycin inhalation powder (TIP) 112mg/b.i.d
NCT04468100,BIOLOGICAL,Tigerase®,2.5 mL (2.5 mg) dornase alfa nebulized once daily for 168 (+/-7) days
NCT04468100,BIOLOGICAL,Pulmozyme®,2.5 mL (2.5 mg) dornase alfa nebulized once daily for 168 (+/-7) days
NCT02566044,OTHER,Placebo,Placebo
NCT02566044,DRUG,QBW276,0.3 mg and 1.5 mg strengths
NCT03045198,DRUG,Azithromycin,
NCT00605761,DRUG,SB656933,50 mg treatment
NCT00605761,DRUG,SB656933,150 mg treatment
NCT02707562,DRUG,GLPG1837 dose 1,"two GLPG1837 tablets in the morning and two GLPG1837 tablets in the evening, for one week"
NCT02707562,DRUG,GLPG1837 dose 2,"two GLPG1837 tablets in the morning and two GLPG1837 tablets in the evening, for one week"
NCT02707562,DRUG,GLPG1837 dose 3,"two GLPG1837 tablets in the morning and two GLPG1837 tablets in the evening, for two weeks"
NCT02137382,DRUG,Creon®,active comparator
NCT02137382,DRUG,Creon N,experimental drug
NCT03800459,BEHAVIORAL,family empowerment program,"The empowerment program-nursing interventions were given in 6 sessions in the experimental group Session 1: Individualized training: General information about CF, respiratory system involvement and treatment process, airway cleaning in CF, drug applications (45-50 min) Session 2:Phone calls: Motivational and reminder interviews were carried out in order to reinforce the content of the first individual training (15 min).Session 3:Phone calls:Motivational and reminder interviews were carried out in order to reinforce the content of the first individual training (15 min) Session 4:Individualized training:protection from infections, nutrition and psychosocial support (45 min) Session 5:Phone calls: Motivational and reminder interviews were carried out in order to reinforce the content of the second individual training. (10 min) Session 6:Phone calls: Motivational and reminder interviews were carried out in order to reinforce the content of the second individual training. (10 min)"
NCT00006169,BEHAVIORAL,Behavioral Treatment,
NCT03265288,DRUG,LAU-7b,"LAU-7b will be administered orally once-a-day with the first meal of the day as cycles of 21 days on, 7 days off, for a total of 6 planned cycles."
NCT03265288,DRUG,Placebo oral capsule,"Placebo will be administered orally once-a-day with the first meal of the day as cycles of 21 days on, 7 days off, for a total of 6 planned cycles."
NCT02054156,DRUG,azithromycin,"3 times weekly, oral suspension, 10 mg/kg/dose up to 500 mg, for 18 months"
NCT02054156,DRUG,placebo,"3 times weekly, oral suspension, volume-matched to azithromycin, for 18 months"
NCT02054156,DRUG,Tobramycin solution for inhalation,"300 mg, twice daily for 28 days when respiratory cultures are found positive for Pa at study visits for 18 months"
NCT01222273,DIETARY_SUPPLEMENT,cholecalciferol (Vitamin D3),"4,000 IU of cholecalciferol (Vitamin D3) orally every day for six months"
NCT01684683,DRUG,Theophylline,Theophylline 0.1 bid
NCT01684683,DRUG,Placebo(for Theophylline),Starch tablet manufactured to Theophylline 100mg (Theophylline Stained-Release Tablet)
NCT04460586,DRUG,Omadacycline Injection [Nuzyra],Participants will receive single dose of omadacycline 100mg IV followed by a 1-week washout and receipt of single dose omadacycline 300 mg PO.
NCT04460586,DRUG,Omadacycline Oral Tablet [Nuzyra],Participants will receive single dose of omadacycline 100mg IV followed by a 1-week washout and receipt of single dose omadacycline 300 mg PO.
NCT06299709,DRUG,VNZ/TEZ/D-IVA,FDC tablet for oral administration.
NCT06299709,DRUG,VNZ/TEZ/D-IVA,FDC granules for oral administration.
NCT01314716,DRUG,AZLI,AZLI 75 mg reconstituted with diluent and administered via nebulizer three times daily
NCT01314716,DRUG,Placebo,Placebo to match AZLI administered via nebulizer three times daily
NCT03597347,DRUG,Molgramostim nebulizer solution,300 µg / dose molgramostim (recombinant human GM-CSF) for inhalation
NCT03597347,DEVICE,PARI eFlow nebulizer system,PARI eFlow nebulizer system
NCT03822455,DRUG,OligoG DPI,OligoG Dry Powder for Inhalation
NCT03948958,OTHER,Evaluation of the catheter function,Catheter function will be measured by the CINAS (Catheter injection and aspiration classification)
NCT03948958,OTHER,"Catheter tip location, thrombus, sleeve and device damage visualization","Catheter tip location, thrombus, sleeve and device damage will be visualized by linogram"
NCT03948958,OTHER,Catheter-related colonization,TIVAD colonization will be investigated by microbiological culture of the tip and chamber content
NCT03948958,OTHER,patient-reported outcome measures (PROM) related to the presence of the TIVAD,"PROM will evaluate patient's experiences regarding the TIVAD insertion, dwell time, and removal using the Leuven Patient Reported Experiences at Port removal (Leuven PREP) questionnaire."
NCT03948958,OTHER,Macroscopic evaluation of the port chamber and catheter,Macroscopic evaluation of the port chamber and catheter will be performed after port removal.
NCT00721071,DRUG,Hypertonic Saline,"After each subject has performed post-bronchodilator spirometry, he/she will inhale increasing concentrations of 3, 4, and 5% of hypertonic saline for 7 minutes each for 3 cycles until expectorating a sufficient sputum sample."
NCT00004471,GENETIC,pGT-1 gene lipid complex,
NCT06280391,DRUG,Itepekimab (SAR440340),Pharmaceutical form: solution for injection in pre-filled syringe. Route of administration: subcutaneous
NCT06280391,DRUG,Placebo,Pharmaceutical form: solution for injection in pre-filled syringe. Route of administration: subcutaneous
NCT01684410,BIOLOGICAL,Alpha-1 HC 100 mg,"Alpha-1 HC is a sterile, liquid preparation of purified alpha1-proteinase inhibitor prepared from pooled human plasma. Alpha-1 HC 100 mg inhaled once daily for 21 days for a total of 21 inhaled treatments."
NCT01684410,BIOLOGICAL,Placebo,"Phosphate Buffer Saline with Polysorbate (placebo) composed of the same elements listed for Alpha-1 HC, minus the 50 mg/mL of Alpha-1 HC. Placebo inhaled once daily for 21 days for a total of 21 inhaled treatments."
NCT01684410,BIOLOGICAL,Alpha-1 HC 200 mg,"Alpha-1 HC is a sterile, liquid preparation of purified alpha1-proteinase inhibitor prepared from pooled human plasma. Alpha-1 HC 200 mg inhaled once daily for 21 days for a total of 21 inhaled treatments."
NCT00803179,DRUG,Nutropin AQ,"Based on recommendations from the 2007 GH Deficiency Consensus Workshop on adult GH deficiency, the recommended initiation of treatment for adult males is 0.2mg/d and for women 0.4mg/d, with a titration upwards based on insulin-like growth factor (IGF-1) (product of GH stimulation at target tissues) levels and patient response. IGF-1 will be monitored at the 3,4,5 and 11 month intervals. For subjects under the age of 25 with an open epiphysis of the hand and/or wrist we will treat with the dose of 0.3mg/kg/week. Subjects will be on growth hormone for 8 months with a baseline visit prior to initiation of therapy and a 3 month follow-up visit after stopping therapy."
NCT01880723,DRUG,Albuterol,2.5 mg diluted in 3mL normal saline nebulized using a Power Neb2 nebulizer
NCT01880723,DRUG,Placebo saline,nebulized 3mL normal saline) using a Power Neb2 nebulizer
NCT00706004,DRUG,lubiprostone,lubiprostone 24 microgram capsule taken twice daily for 4 weeks
NCT02684552,DEVICE,Non invasive ventilation,Training on treadmill with Non invasive ventilation
NCT02684552,DEVICE,Oxygen,Training on treadmill with oxygen
NCT05696912,GENETIC,Ex-vivo approach concerning 25 patients,Ex-vivo approach concerning 25 patients with blood sample in PAXgene tubes or skin biopsy and RNA-Seq analysis
NCT05696912,GENETIC,In-vitro approach concerning 25 patients,In-vitro approach concerning 25 patients without specific samples needed for analysis in minigene or luciferase assay
NCT03251092,DRUG,PTI-808,Active
NCT03251092,DRUG,Placebo,Placebo
NCT03251092,DRUG,PTI-428,Active
NCT03251092,DRUG,PTI-801,Active
NCT00951522,DRUG,GS-9411,Inhaled GS-9411 dissolved in sterile saline
NCT00951522,DRUG,Placebo,Inhaled placebo in sterile saline
NCT00688051,OTHER,My Life with CF game,Play the game My Life with CF
NCT05314764,DRUG,Cefiderocol,Patients will receive intravenous cefiderocol every 6 to 8 hours for 4 to 6 doses.
NCT00775528,DRUG,Pancrelipase Delayed Release,"3,000, 6,000 and 12,000 unit Lipase Capsules"
NCT01693965,OTHER,sputum samples,
NCT00685971,DIETARY_SUPPLEMENT,5000 IU of cholecalciferol,5 drops taken once daily for 12 weeks
NCT00685971,DIETARY_SUPPLEMENT,placebo,5 drops once daily for 12 weeks
NCT00043316,DRUG,interferon gamma-1b,"500 or 1000 mcg, inhalation, 3x per week"
NCT04825067,DEVICE,Respiratory Sensor measurements,"The participant will receive 2 Respiratory Sensors and 1 gateway with wireless compatibility and a welcome packet with instructions for use, a reminder description of the study purpose and procedures, and research staff contact information. Research staff will contact participants to ensure appropriate setup of the Respiratory Sensor and training on proper use. Research staff will ask the subject to place the Respiratory Sensor on the top left-side of the chest. The Respiratory Sensor continuously collects and monitors respiratory data. The participant will be instructed to change each Respiratory Sensor after 24-48 hours. Subjects will be asked to charge each Respiratory Sensor once it is removed. Subjects will exit the study upon completion of the 90-day follow-up."
NCT04075864,BEHAVIORAL,Behavioral Counseling and Exercise,exercise program combined with behavioral counseling for patients who are hospitalized with a cystic fibrosis exacerbation
NCT03227471,DRUG,IVA,IVA tablet for oral administration
NCT03227471,DRUG,TEZ/IVA,TEZ/IVA fixed-dose combination for oral administration.
NCT03227471,DRUG,VX-445,VX-445 tablet for oral administration.
NCT03227471,DRUG,Matched Placebo,Matched placebo.
NCT03227471,DRUG,TEZ,Tablet for oral administration.
NCT03227471,DRUG,VX-561,Tablet for oral administration.
NCT03227471,DRUG,VX-445,VX-445 IV injection
NCT04137133,DIAGNOSTIC_TEST,collection,"bronchial secretions, blood, stools, superficial skin sample, dental plaque sample and urine"
NCT02128984,DIETARY_SUPPLEMENT,Symbiotic Formula with DHA and antioxidants,6 months intervention.
NCT02128984,DIETARY_SUPPLEMENT,Standard Formula,6 months intervention.
NCT01576315,DRUG,Itraconazole/voriconazole,The two treatments will be administered orally for 6 months One doage of treatment permitted based on plasma levels will be performed after two weeks of treatment.
NCT01216046,DRUG,VX-809,"capsule, taken once daily"
NCT01216046,DRUG,VX-770,"tablet, taken once every 12 hours"
NCT01216046,DRUG,VX-809 placebo,"capsule, taken once daily"
NCT01216046,DRUG,VX-770 placebo,"tablet, taken once every 12 hours"
NCT01111383,DRUG,tobramycin,"300mg/4ml solution, via a nebuliser, over a 48-week period in a twice-daily regimen, with 6 ""on"" cycles of 4 weeks duration during the 48-week period."
NCT00298922,DRUG,Azithromycin,500 mg tablets orally thrice weekly for 24 weeks
NCT00298922,DRUG,Placebo,tablet orally thrice weekly for 24 weeks
NCT04488705,DRUG,ETD002 - single dose,Single ascending doses of ETD002
NCT04488705,DRUG,Placebo - single dose,Single doses of placebo
NCT04488705,DRUG,ETD002 - 7 day repeat dose,Twice daily doses of ETD002 for 7 days
NCT04488705,DRUG,Placebo - 7 day repeat dose,Twice daily doses of Placebo for 7 days
NCT04488705,DRUG,ETD002 - 14 day repeat dose,Twice daily doses of ETD002 for 14 days
NCT04488705,DRUG,Placebo - 14 day repeat dose,Twice daily doses of Placebo for 14 days
NCT04488705,DRUG,Salbutamol,"Twice daily doses of salbutamol for 3 days (Days 5, 6 \& 7)"
NCT01353105,PROCEDURE,Ex vivo lung transplantation,Evaluation and reconditioning of lungs following lung transplantation
NCT01181622,DRUG,denufosol tetrasodium Inhalation Solution,60 mg by oral inhalation three times daily
NCT01181622,DRUG,0.9% w/v sodium chloride solution,0.9% w/v sodium chloride solution by oral inhalation three times daily
NCT01140451,DRUG,Ataluren,Ataluren will be provided as a vanilla-flavored powder to be mixed with water or milk.
NCT03140527,DRUG,PTI-801,Active
NCT03140527,DRUG,Placebo,Placebo
NCT03140527,DRUG,PTI-808,Active
NCT03140527,DRUG,Placebo,Placebo
NCT00686361,DRUG,Choline supplementation,"Chart data, height, weight, pulmonary function, dietary intake and a venous blood and urine sample will be collected at enrollment then every 3 months for 9 months. Choline supplementation will be from enrollment for 6 months, with follow up at 3 months post supplementation. To avoid additional hospital visits and blood draws, and to co-ordinate with pulmonary function, hematology, clinical chemistry tests as part of clinical care, each subject will be seen at routine scheduled clinic appointments, which are every 3 months."
NCT04599465,DRUG,ELX/TEZ/IVA,Fixed dose combination (FDC) tablets for oral administration.
NCT04599465,DRUG,IVA,Tablets for oral administration.
NCT05420844,OTHER,Kintsugi voice journaling application,Participants will use the Kintsugi voice journaling phone application for three months.
NCT00008775,DEVICE,Pressure support ventilation,
NCT02392234,DRUG,VX-661/Ivacaftor,"Fixed dose combination tablet, oral use"
NCT02392234,DRUG,Ivacaftor,"Tablet, oral use"
NCT02392234,DRUG,Placebo matched to VX-661/ ivacaftor,"Fixed dose combination tablet, oral use"
NCT02392234,DRUG,Placebo matched to Ivacaftor,"Tablet, oral use"
NCT01710644,DRUG,Burlulipase,Burlulipase oral solution will be taken with meals and snacks for 5 to 7 days
NCT01710644,DRUG,Placebo (Caramel in sterile water),Placebo will be taken with meals and snacks for 5 to 7 days
NCT00458341,DRUG,Ataluren,"Ataluren will be provided as a vanilla-flavored powder to be mixed with water, milk, or apple juice. Participants are to receive a total of 42 doses of ataluren during each cycle, for a total of 84 doses of ataluren in both cycles."
NCT03522480,DEVICE,Jamboxx Respiratory Therapy Device,"The Jamboxx Respiratory Therapy Device is a novel device that uses interactive gaming to encourage patient compliance with their prescribed respiratory therapy routines. The device consists of a computer game controller with mouthpiece, and breath flow sensor that connects to a tablet. With the Jamboxx respiratory therapy device, users can choose from a suite of breath controlled respiratory therapy games to guide them through their routines while receiving real-time feedback, and long-term progress tracking."
NCT03522480,OTHER,Autogenic Draining Training,"A respiratory therapist will teach children how to conduct the autogenic draining technique (a series of exhalations and inhalations) by demonstrating the technique to them, and having them practice in their office. Children will also receive an informational packet and short video about the technique for reference"
NCT02227888,DRUG,N91115,S nitrosoglutathione reductase inhibitor
NCT00457821,DRUG,Ivacaftor 25 mg/75 mg,25 mg or 75 mg q12h for a total of 28 days (Part 1)
NCT00457821,DRUG,Ivacaftor 75 mg/150 mg,75 mg or 150 mg q12h for a total of 28 days (Part 1)
NCT00457821,DRUG,Ivacaftor 150 mg or 250 mg,150 mg or 250 mg of ivacaftor q12h for 28 days (Part 2)
NCT00457821,DRUG,Placebo,Given q12h for 28 days each in Part 1 and Part 2 of the study
NCT02700243,BEHAVIORAL,Fitbit,Participants receive a Fitbit and are followed over the course of one year to determine use and health outcomes.
NCT01793649,DRUG,GS-5737,A single dose of GS-5737 in 2.8% saline
NCT02170025,DRUG,"Riociguat (Adempas, BAY63-2521)","Participants received 0.5 mg BAY63-2521 three times daily (tid) for 14 days. The dose would be increased to 1 mg BAY63-2521 for an additional 14 days, if this was considered safe and tolerable on the basis of the available data for a given patient."
NCT02170025,DRUG,Placebo,Participants received matching placebo tid.
NCT02084043,DRUG,Nebulization of Amikacin during NIV (RR: 15 cycles/minute),500 mg/4 mL Amikacin nebulized using vibrating mesh nebulizer associated with a single limb bilevel ventilator. The nebulizations are considered as finished when there is no visible evidence of nebulization for a period of 30 seconds. The NIV is set with an IPAP of 15 cmH2O and EPAP of 5 cmH2O. The lung model is simulated with a respiratory rate of 15 cycles/minute
NCT02084043,DRUG,Nebulization of Amikacin during NIV (RR: 25 cycles/minute),500 mg/4 mL Amikacin nebulized using vibrating mesh nebulizer associated with a single limb bilevel ventilator. The nebulizations are considered as finished when there is no visible evidence of nebulization for a period of 30 seconds. The NIV is set with an IPAP of 15 cmH2O and EPAP of 5 cmH2O. The lung model is simulated with a respiratory rate of 25 cycles/minute
NCT07632768,DRUG,Discontinuation of Pancreatic Enzyme Replacement Therapy,"Participants with cystic fibrosis who demonstrate pancreatic sufficiency, defined as fecal elastase-1 (FE-1) ≥200 µg/g after treatment with CFTR modulator therapy, will discontinue pancreatic enzyme replacement therapy (PERT) under medical supervision. Participants will undergo follow-up assessments over 6 months, including monitoring of growth, gastrointestinal symptoms, nutritional laboratory markers, and repeat fecal elastase testing to evaluate the safety and sustainability of pancreatic function recovery after PERT discontinuation."
NCT00004533,DRUG,Adeno-associated virus-CFTR vector,
NCT05147285,OTHER,stabilization exercises,Patients will be applied only online supervised stabilization exercises three times a week for 8 weeks.
NCT05147285,OTHER,combined exercises,"Patients will be applied online supervised aerobic exercise training and stabilization exercises.Aerobic exercises will be performed for 8 weeks, for 30-45 minutes, at 65-75% of the maximum heart rate, 3 days a week, on the days when stabilization exercises are not performed."
NCT05147285,OTHER,Physical activity recommendations,The importance of physical activity will be explained to the patients and appropriate physical activity recommendations will be made.
NCT00332215,DRUG,Inhaled Sodium Pyruvate,
NCT03119649,DRUG,GLPG2222 50 mg,Oral tablet(s) containing GLPG2222
NCT03119649,DRUG,GLPG2222 100 mg,Oral tablet(s) containing GLPG2222
NCT03119649,DRUG,Placebo,Matching oral tablet(s) containing placebo
NCT03119649,DRUG,GLPG2222 200 mg,Oral tablet(s) containing GLPG2222
NCT03119649,DRUG,GLPG2222 400 mg,Oral tablet(s) containing GLPG2222
NCT02036879,DRUG,Loestrin (norethindrone acetate and ethinyl estradiol),"This is an optional substudy that females participating in the main study can choose to participate in. Loestrin, an oral contraceptive or birth control pill, will be prescribed and taken daily for approximately 2 months."
NCT01153542,DRUG,VX-770,"In period 1, subjects will receive a single oral dose of desipramine on Day 1."
NCT01153542,DRUG,VX-770,"In period 2, subjects will receive 150 mg VX-770 q12h orally from the morning of Day 1 through the evening of Day 9. Subjects will receive 50 mg Desipramine as a single dose on Day 5 of period 2."
NCT00220259,DRUG,Fluticasone or placebo,
NCT05249322,OTHER,Follow-up alternating between face-to-face consultation and teleconsultation every three months.,"The intervention will be an alternate follow-up every three months with:

* A tele-consult: with paramedical consult (with assistance for home-spirometry) and medical consult for about 1h30 in total, make with a HCL platform for telemedicine.
* An usual in-hospital consult of about 1h30 with paramedical and medical consult."
NCT00812045,DRUG,AZD1236,"Oral tablet, 75 mg twice daily during 4 weeks"
NCT00812045,DRUG,Placebo,
NCT02934698,DRUG,Ivacaftor,Subjects will be treated with ivacaftor for 6 months and followed for 7 months and will undergo assessments along the way to measure sweat chloride and sputum amounts.
NCT01404234,DRUG,AZLI,AZLI 75 mg was administered 3 times daily via the investigational nebulizer.
NCT00880100,DRUG,Ultrase® MT12,"Ultrase® MT12 capsules will be given orally daily based on investigator's discretion to a maximum dose of 2,500 lipase units per kilogram (kg) body weight per meal or snack for 19 to 24 days during the treatment phase. Total maximum dose not to exceed 10,000 lipase units/kg/day."
NCT02048592,DIETARY_SUPPLEMENT,Impact-Nutridrink,IMPACT (immunonutrition) will be given in the first 8 weeks. Afterwards the patients will be returned to their previous nutrition support \|(Nutridrink) for another 8 weeks.
NCT02048592,DIETARY_SUPPLEMENT,Nutridrink-Impact,In this group of patients - the study starts with period of 8 weeks with no change of previous nutrition support (Nutridrink). After 8 weeks the laboratory results will be examined ant the patients will switch to immunonutrition (Impact) for another 8 weeks. After the laboratory examination including oxidative stress parameters will be evaluated.
NCT03748199,DRUG,POL6014,"DL1 80 mg cohorts 1A and 1B (80 mg QD and 40 mg BID) DL2 160 mg cohorts 2A and 2B (160 mg QD and 80 mg BID) DL3 40 mg QD cohort C

DL = dose Level QD= quaque die (once daily) BID= bis in die (twice daily)"
NCT03748199,DRUG,Placebo,Placebo will be administered orally at a dose and frequency matched to POL6014
NCT00004287,GENETIC,H5.001CBCFTR,
NCT05801952,DEVICE,"Aerobika* OPEP, PARI O-PEP (Flutter), PARI PEP® S System","The 4-day physiotherapy program consists of performing bronchial drainage using one of the three devices: Aerobika\* OPEP Device (Trudell Medical International), Flutter - PARI O-PEP Device (PARI Respiratory Equipment, Inc.) and PEP - PARI PEP® S System (PARI Respiratory Equipment, Inc.)."
NCT04966234,DRUG,Posaconazole 100 MG [Noxafil],"Posaconazole is a lipophilic, highly permeable triazole, which is practically insoluble in water. Posaconazole inhibits the enzyme CYP51a (also known as Erg11p or lanosterol demethylase). This enzyme is required for catalysation of an essential step in biosynthesis of ergosterol in filamentous fungi and yeasts.

Posaconazole is favoured over itraconazole and voriconazole with respect to palatability, tolerability and toxicity profile"
NCT04966234,DRUG,Posaconazole 40 MG/ML,"Posaconazole is a lipophilic, highly permeable triazole, which is practically insoluble in water. Posaconazole inhibits the enzyme CYP51a (also known as Erg11p or lanosterol demethylase). This enzyme is required for catalysation of an essential step in biosynthesis of ergosterol in filamentous fungi and yeasts.

Posaconazole is favoured over itraconazole and voriconazole with respect to palatability, tolerability and toxicity profile"
NCT01608555,DRUG,tobramycin,inhaled tobramycin 300 mg single dose OD for 28 days
NCT04537793,DRUG,ELX/TEZ/IVA,Fixed dose combination granules for oral administration.
NCT04537793,DRUG,IVA,Granules for oral administration.
NCT00034515,DRUG,denufosol tetrasodium (INS37217) Inhalation Solution,
NCT07280598,DRUG,Intravenous Bacteriophage Cocktail plus Standard IV Antibiotics,"Participants will receive a seven-day course of intravenous (IV) bacteriophage therapy in combination with standard IV antibiotics. The bacteriophage therapy consists of a pathogen-specific cocktail containing four purified, lytic bacteriophages selected based on pre-treatment sensitivity testing of the participant's bacterial isolate. Each phage cocktail targets one of the following antibiotic-resistant pathogens: Pseudomonas aeruginosa, Klebsiella spp., Stenotrophomonas maltophilia, Escherichia coli, Staphylococcus aureus, or Achromobacter xylosoxidans. Phage cocktails are administered IV twice daily at a concentration of 1x10⁹ PFU/mL, following antibiotic infusion. The first three doses are observed in clinic; remaining doses are self-administered at home via PICC line. All phages are produced under GMP conditions and screened to be lytic-only, free of known toxin, resistance, or lysogeny genes."
NCT03672058,OTHER,Fitness tracker with goal setting and text message feedback,Participants provided with a Fitbit and this will also be linked to Fitabase. The physiotherapist will discuss the participants' baseline physical activity levels and individual patient centred short and long-term goals will be set with each participant. Every week participants will be contacted via text message by their CF physiotherapist. The physiotherapist will review their online data and will provide feedback and encouragement on their progress. Goals will be reviewed for each participant.
NCT03672058,OTHER,Fitness Tracker only,"Participants will be provided with the Fitbit and educated on how to use it. This will be linked to ""Fitabase"", an online monitoring system for data collection purposes, with the consent of the participants. However no goal setting will be completed and no feedback will be provided to the participants on their physical activity levels"
NCT00004315,DRUG,ursodiol,
NCT00208078,DEVICE,pressure support ventilator,Non invasive ventilation 4h/d 5 days a week
NCT00164138,PROCEDURE,Pelvic floor training group,"pelvic floor training, electrotherapy, bladder retraining."
NCT04375514,DRUG,ARO-ENaC,single or multiple doses of ARO-ENaC by inhalation of nebulized solution
NCT04375514,DRUG,Placebo,calculated volume of normal saline to match active treatment by inhalation of nebulized solution
NCT00153634,DRUG,IV amikacin,"5-7.5 mg/kg every 8 hrs or previous dose; start at previous recent stable dose then monitor serum levels and adjust dose, if needed, per standard clinical practice at the site"
NCT00153634,DRUG,PO azithromycin,250 mg once daily
NCT00153634,DRUG,IV ceftazidime,"50 mg/kg every 8 hours, up to 2 grams every 8 hours"
NCT00153634,DRUG,PO ciprofloxacin,500 mg every 12 hours if weight \<50 kg 750 mg every 12 hours if weight ≥50 kg
NCT00153634,DRUG,IV meropenem,"40 mg/kg every 8 hours, up to 2 grams every 8 hours"
NCT00153634,DRUG,IV piperacillin-tazobactam,"100 mg/kg of piperacillin component every 6 hours, up to 3 grams every 6 hours; antibiotic combination formulated in a fixed ratio, thus dosing is described for first component only"
NCT00153634,DRUG,IV ticarcillin-clavulanate,"100 mg/kg of ticarcillin component every 6 hours, up to 3 grams every 6 hours; antibiotic combination formulated in a fixed ratio, thus dosing is described for first component only"
NCT00153634,DRUG,IV tobramycin,"2.5-3.3 mg/kg every 8 hrs or previous dose; start at previous recent stable dose then monitor serum levels and adjust dose, if needed, per standard clinical practice at the site"
NCT00231192,DRUG,Repaglinide and Insulin,
NCT02081963,DRUG,Amikacin,Nebulized 0.2g of amikacin and 2 mL of normal saline twice a day for 14 days in combination with standard treatment.
NCT02081963,DRUG,Normal saline,Nebulized 3 mL of normal saline twice a day for 14 days in combination with standard treatment.
NCT04743206,DEVICE,Standard Airway Clearance device,"Subjects will be using their home standard airway clearance device, VEST (High Frequency Chest Wall Oscillation VEST) for 2 weeks followed by PIAPD."
NCT04743206,DEVICE,Portable Internal Airway Percussion device,"Subjects will be using the investigational device, PIAPD (Portable Internal Airway Percussion Device) for 2 weeks."
NCT01309178,DRUG,Amitriptyline,"2 x 12,5 mg capsules for oral use in the first two weeks, the higher dose of 50 mg (2 x 25 mg) will be adapted after 2 weeks of treatment."
NCT01309178,DRUG,Mannite,"Mannit capsules daily in two doses (2 x 12,5 mg). After 2 weeks of treatment the higher dose of 50 mg (2 x 25 mg) will be given"
NCT06482710,DEVICE,Pinwheel,The children in the intervention group were given breathing exercises with pinwheels.
NCT00357279,DRUG,denufosol tetrasodium (INS37217) Inhalation Solution,"Denufosol 60 mg is administered as an inhalation solution, three times daily for six months during the double-blind portion of the study. Subsequently, denufosol 60 mg is administered for an additional six months during the open label safety extension."
NCT00357279,DRUG,Placebo - 0.9% w/v sodium chloride solution,"4.2 mL of solution, allowing delivery of approximately 4 mL into the nebulizer cup for nebulization, three times daily for six months."
NCT00130182,DRUG,denufosol tetrasodium (INS37217),
NCT03258424,DRUG,PTI-428,PTI-428 or placebo will be given QD for 14 days.
NCT03258424,DRUG,Placebo,PTI-428 or placebo will be given QD for 14 days.
NCT00757237,DRUG,Aztreonam for Inhalation Solution (AZLI),Aztreonam for inhalation solution (75 mg) was administered 3 times a day (TID) for 28 days for each treatment cycle via the PARI eFlow electronic nebulizer.
NCT00757237,DRUG,Tobramycin Inhalation Solution (TIS),Tobramycin inhalation solution (300 mg) was administered 2 times a day (BID) for 28 days for each treatment cycle via the PARI LC Plus nebulizer with compressor or via another nebulizer compatible with country-specified labeling.
NCT06836453,DEVICE,Sweat stimulation and secretion quantification,"First session (50 minutes): a. Left arm: Iontophoresis using the Macroduct for the cholinergic and β-adrenergic stimulation (2 iontophoresis), then bubble test. b. right arm: Iontophoresis using the Macroduct for the cholinergic and β-adrenergic stimulation (2 iontophoresis), then evaporimetry.

Second session (50 minutes): a. Left arm: Iontophoresis using the Macroduct for the cholinergic and intradermal injection for the β-adrenergic stimulation, then bubble test. b. Right arm: Iontophoresis using the Macroduct for the cholinergic and intradermal injection for the β-adrenergic stimulation, then evaporimetry."
NCT02614300,OTHER,Pulmonary Rehabilitation and Chest Physiotherapy,The patient will come 3 times per week during 12 weeks Each session 1h15min
NCT02614300,OTHER,Pulmonary Rehabilitation,The patient will come 3 times per week during 12 weeks Each session 45min
NCT02614300,OTHER,Chest Physiotherapy,The patient will come 3 times per week during 12 weeks Each session 30min
NCT02598128,DEVICE,RELiZORB,Peptamen 1.5 received Period A and Period B (washout only). Impact Peptide 1.5 received Period B (Days 1 and 9 only) and Period C.
NCT02598128,DEVICE,Placebo,Sham device
NCT02722122,DRUG,AIR DNase™,
NCT06238856,DRUG,SLIT™ Amikacin,Amikacin administered via the Pari LC STAR™ nebulizer.
NCT06238856,DRUG,Placebo,Nebulized saline.
NCT01937325,DRUG,ivacaftor,active arm
NCT01937325,DRUG,placebo,active arm
NCT02248922,DRUG,TIS or TIP,"300mg nebulized Tobramycin (Tobramycin inhalation solution(TIS)) or TOBI Podhaler (Tobramycin inhalation powder(TIP), equivalent dry powder)"
NCT02127957,OTHER,Exercise,Exercise will be prescribed by kinesiologist and will be done 3 times a week for 1 hour by subject. Every 4 weeks subject will be on supervised training session.
NCT03797677,DEVICE,MN 4000,"Patients who required regular home airway clearance therapy were enrolled in the study and were prescribed therapy with the MN4000. Adherence to the prescribed therapy regimen and patient/caregiver satisfaction with the therapy was assessed. Pulmonary function, was assessed for each subject at baseline, after 1 month and after 3 months of home therapy. Results from the therapy period was compared to the baseline period, during which the subject received their regular airway clearance regimen. Airway Clearance Satisfaction surveys were conducted at baseline, after 1 month, and after 3 months of therapy. Results from the MN4000 therapy period were compared to the baseline period, during which the subject received their regular regimen"
NCT03312140,DRUG,Choline Chloride,
NCT03560726,BEHAVIORAL,Cognitive Behavioral Stress Management,"Cognitive behavioral stress management is a well-established, practical intervention that combines elements of cognitive behavioral therapy with techniques designed to improve coping skills, social support, communication, and relaxation/mindfulness."
NCT02564354,DRUG,QR-010,Single-stranded RNA antisense oligonucleotide in isoosmolar solution
NCT02690857,DRUG,Docosahexaenoic acid,
NCT02690857,DRUG,Sunflower Oil,
NCT02415959,DRUG,Creon IR,
NCT02415959,DRUG,Creon® (DR/GR),
NCT00043342,DRUG,interferon gamma-1b,"100 or 200 mcg, SQ, 3x per week"
NCT03969888,DRUG,ABBV-3067,Tablet taken orally.
NCT03969888,DRUG,Placebo ABBV-3067,Tablet taken orally.
NCT03969888,DRUG,ABBV-2222,Capsule taken orally.
NCT03969888,DRUG,Placebo ABBV-2222,Capsule taken orally.
NCT04684641,DRUG,Standard Dose YPT-01,Participants will be randomized to receive the standard dose of phage therapy YPT-01.
NCT04684641,OTHER,Placebo,Participants will be randomized to receive the placebo.
NCT00157183,DEVICE,"Nocturnal oxygen , nocturnal bi-level positive pressure ventilation",
NCT04467957,DRUG,Initiation of CFTR Modulator,Inhaled contrast for MRI occurring at each visit
NCT04467957,DRUG,Hyperpolarized Xenon 129,Inhaled contrast for MRI occurring at each visit
NCT00999921,DRUG,Tamoxifen,Tamoxifen is given at 10 mg once daily between Day 5 and Day 25 of menstrual cycle for 3 cycles.
NCT00999921,DRUG,Evening Primrose Oil,Evening Primrose Oil is given at 1000 mg two times daily for 3 months.
NCT00219895,DRUG,Ibuprofen,
NCT00060801,DRUG,BIIL 283 BS (Amelubent),
NCT03500575,DEVICE,photopheresis,• Treated group will receive ECP with Therakos online system. Each session consists in 1 treatment for 2 consecutive days. First session stars within 72 hours after transplantation followed by a session weekly for 3 time and 2 sessions for the next 2 months (6 sessions = 12 treatment)
NCT07414810,DEVICE,micro Sweat Test Patch (mSTP),"A novel sweat test method, using a device that includes a microneedle pilocarpine patch and a microchannel with a sweat chloride sensor.

µSTP sweat testing device that operates without electrical current, eliminating the risk of burns and the need for specialized equipment.

Like the SOC method, the µSTP stimulates sweating with pilocarpine nitrate and measures sweat chloride concentration but differs from the current method by:

1. Utilizing microneedles to painlessly and rapidly administer pilocarpine to the skin (without the complexities and risks of iontophoresis)
2. Requiring only 0.5 µL of sweat to measure sweat chloride (instead of the 15 µL currently required)
3. Wirelessly communicating the result to a tablet or other device
4. Completing the POC measurement to provide immediate results without sending any samples to the laboratory."
NCT07414810,DIAGNOSTIC_TEST,Sweat Testing using SOC,"The study team will place two pilocarpine gel discs into the corresponding electrodes and place them on the participant's arm.

The SOC method takes 5 minutes to induce sweating. After sweat has been induced by the SOC method, a sweat collector will be placed on the location of the red electrode to collect the sweat. At the end of the sweat collection period, the sweat collection device will be removed, and the study visit will be completed. For newborns undergoing evaluation for CF, the study team will perform the µSTP method on their thigh instead of the forearm. Since newborns will undergo sweat testing for their clinical diagnosis, the study team will use the sweat data from SOC testing to minimize burden.

The sweat chloride concentration will be assessed by a laboratory chloridometer."
NCT02690064,DIETARY_SUPPLEMENT,Acute Antioxidant,Flow-Mediated Dilation will be determined at baseline and 2 hours following acute antioxidant treatment
NCT02690064,DIETARY_SUPPLEMENT,Chronic Antioxidant,"Flow-Mediated Dilation will be determined at baseline, week 4, week 8, and week 12."
NCT02690064,OTHER,Placebo,Flow-Mediated Dilation will be determined at baseline and 2 hours following acute antioxidant treatment
NCT02532764,DRUG,QR-010,Single-stranded RNA antisense oligonucleotide in aqueous solution for oral inhalaton
NCT02532764,DRUG,Placebo,Normal Saline
NCT01705145,DRUG,Ivacaftor,
NCT02668575,BEHAVIORAL,Supportive Care Intervention,"Patients in the intervention arm of the study will see a SC specialist during regularly-scheduled CF clinic visits; per usual care, these visits should occur on a quarterly basis. Using a structured intervention manual, these visits will span 30-60 minutes each. Each visit will have a specific focus, such as: 1) comprehensive palliative care assessment; 2) symptom assessment and self-management; 3) advance care planning; and, 4) coping and resilience. Patients requiring follow up with SC before the next CF appointment will receive telephone follow up or an extra SC visit at the discretion of the SC provider."
NCT06645782,BEHAVIORAL,"Virtual, Group CF-CBT","Virtual, group CF-CBT is an online, tailored CBT program for adults diagnosed with CF. Participants will attend eight weekly sessions (90 minutes each) delivered online. The sessions include: Introduction to CBT; Relaxation Skills; Depression in CF: What Helps?; Adaptive Thinking Skills, Part 1; Adaptive Thinking Skills, Part 2; Taking Charge of My Health; Anxiety in CF: What Helps?; and Maintaining Positive Changes."
NCT00546663,DRUG,inhaled 7% hypertonic saline (HS),"7% hypertonic saline administered twice daily for 14 days by nebulization.

A Pari Sprint Junior nebulizer equipped with a Pari Baby face mask and a Pari Proneb compressor will be used to administer the HS (PARI Respiratory Equipment, Inc., Midlothian, VA).

To minimize the risk of cough and bronchospasm with HS inhalation, infants will be pre-treated prior to each dose of HS with albuterol by metered dose inhaler"
NCT05723445,BEHAVIORAL,Low Glycemic Load Diet,"Food delivery service will provide a low glycemic load diet for 8 weeks, followed by a 4-month period of self-adherence to a low glycemic load diet with close nutritionist follow up"
NCT06109675,BEHAVIORAL,Nutrition Education,"All mothers in this group will be given 3 nutrition education sessions including detailed informations on Nutrition Therapy in Cystic Fibrosis. In addition to the education sessions, an informational booklet and a high-energy sample recipe booklet will be given."
NCT01946412,DRUG,Ivacaftor,
NCT02083263,DEVICE,Bilevel,3 months
NCT02083263,DEVICE,PEP mask,3 months
NCT02953314,DRUG,TEZ,
NCT02953314,DRUG,TEZ/IVA,
NCT02953314,DRUG,IVA,
NCT02190604,DRUG,Placebo,Capsule- oral dose
NCT02190604,DRUG,QBW251,Capsule - oral dose
NCT00345449,BEHAVIORAL,Decision Aid,
NCT01002534,DRUG,Vardenafil,Nasal instillation of Vardenafil
NCT01002534,DRUG,Placebo,Nasal instillation of placebo matching in appearance with the Vardenafil instillation
NCT02976714,OTHER,spontaneous sputum,"CF patients carry a spontaneous sputum that is made in the context of bronchial drainage sessions conducted as part of usual care (inclusion, 6 months, 12 months, 18 months).

The collection of spontaneous sputum is carried out within the bronchial drainage sessions, which are routinely performed at each visit. The spontaneous sputum is collected in a sterile container. In order not to contaminate the sputum with buccal epithelial cells will be asked patients to rinse the mouth before expectorate."
NCT01658449,OTHER,Inhalable Hypertonic saline 7% + Hyaluronan 0.1%,"Administration of Inhalable Hypertonic saline 7% + Hyaluronan 0.1% 5 ml twice a day, after bronchodilator for one month."
NCT01658449,OTHER,Inhalable Hypertonic saline 7%,"Administration of Inhalable Hypertonic saline 7% 5 ml twice a day, after bronchodilator for one month."
NCT01082367,DRUG,TOBI,TOBI (tobramycin inhaled solution)
NCT01082367,DRUG,Placebo,Placebo
NCT06654752,OTHER,Immediate Oral Antibiotics,Increase airway clearance and start 14 days of preselected oral antibiotics right away
NCT06654752,OTHER,Tailored Treatment: Oral Antibiotics only if Additional Treatment needed,Increase airway clearance and start preselected oral antibiotics later if symptoms get worse or do not get better according to prespecified criteria
NCT01072721,OTHER,Elastometry,Fibrosis detection with FIBROSCANN
NCT01025258,BEHAVIORAL,Frequent Scheduled CF clinic visits,"Mandatory scheduled visit at the CF clinic every 1-2 months or sooner, if needed, for an evaluation by a a specialized CF team member such as: a pulmonary physician, a gastroenterologist, a dietitian, a clinical pharmacist"
NCT01025258,BEHAVIORAL,frequent telephone calls to patients pre and post visits to the clinic,"Frequent telephone calls for monitoring, educating and identifying barriers in adherence will be made by a designated CF team member such as the CF nurse or the CF clinical pharmacist."
NCT02589444,DIETARY_SUPPLEMENT,High-Dose Vitamin D3,"50,000 IU of oral vitamin D3 once a week (the standard of care for repletion of vitamin D status by the Cystic fibrosis Foundation)"
NCT02589444,OTHER,Stool Sample,Participants will be asked to provide a stool sample in a collection container for analysis of stool microbiota. This will be done upon enrollment (baseline) and at 3 month follow-up.
NCT02589444,OTHER,Sputum Sample,"Participants will be asked to collect their sputum (the thick mucus or phlegm that is expelled from the lower respiratory tract through coughing) into a kit.

This will be done upon enrollment (baseline) and at 3 month follow-up."
NCT02589444,OTHER,Sham Comparator,A placebo capsule taken once a week (manufactured by the same company that makes the Vitamin D supplement).
NCT02589444,PROCEDURE,Blood draw,"Participants will be asked to provide 30 ml of blood collected via a blood draw to measure 25 (OH)D serum concentration and other nutrient markers related to vitamin D including Parathyroid hormone, fibroblast growth factor-23, vitamin D binding protein and markers of immune system/inflammation. This will be done at baseline and at 3 months follow up."
NCT06460506,DRUG,ELX/TEZ/IVA,Fixed-dose combination granules for oral administration.
NCT06460506,DRUG,IVA,Granules for oral administration
NCT03000348,DRUG,Cysteamine,Oral Cysteamine Capsule
NCT03000348,DRUG,Placebo Oral Capsule,Placebo Oral Capsule
NCT03056326,DRUG,CHF6333 (Part 1 - SAD),Single doses of CHF6333 at each period
NCT03056326,DRUG,Placebo (Part 1 - SAD),Single doses of placebo matching CHF6333 at each period
NCT03056326,DRUG,CHF6333 (Part 2 - MAD),once daily multiple doses of CHF6333 for 14 days
NCT03056326,DRUG,Placebo (Part 2 - MAD),once daily multiple doses of placebo matching CHF6333 for 14 days
NCT02565914,DRUG,TEZ/IVA,Fixed dose tablet for oral administration.
NCT02565914,DRUG,IVA,Tablet for oral administration.
NCT03698448,DRUG,OligoG Dry powder for inhalation,"10 capsules Dry Powder for Inhalation, BID"
NCT03424252,DRUG,FDL169,Cystic Fibrosis Transmembrane Regulator (CFTR) corrector
NCT03205904,DIETARY_SUPPLEMENT,Diet,Nutrition booklet with guidelines on types of fats and glycemic index
NCT01746784,DRUG,N6022,Intravenous solution of N6022 in normal saline administered by infusion pump over 1-8 minutes depending on the dose
NCT01746784,DRUG,Normal saline,Intravenous solution of 0.9% (weight/volume) NaCl administered by infusion pump over 1-8 minutes depending on dose of active drug used in same cohort
NCT06364176,DRUG,Losartan,Treatment with losartan through week 12
NCT06364176,DRUG,Placebo,Treatment with placebo through week 12
NCT03525574,DRUG,ELX/TEZ/IVA,Fixed-dose combination (FDC) tablet for oral administration.
NCT03525574,DRUG,IVA,Tablet for oral administration.
NCT00959010,DIETARY_SUPPLEMENT,omega-3 triglycerides,"capsules containing 300mg of omega-3 triglycerides with 100mg DHA and 150mg EPA, 60mg/kg/day 3 times a day during 12 months."
NCT00959010,DIETARY_SUPPLEMENT,Placebo,capsules containing middle chain triglycerides
NCT02680418,DRUG,FDL169,
NCT00506688,DRUG,reduced glutathione sodium salt,"646 mg GSH-Na powder per vial to prepare a 4ml solution, twice daily for 24 weeks."
NCT00506688,DRUG,0.9% normal saline (control),"4 ml of a 0.9% normal saline solution (9mg/ml NaCl), twice daily for 24 weeks."
NCT01859390,DRUG,AquADEKs-2,"AquADEKs-2 contains standard amounts of fat-soluble vitamins (A, D, E, K) that are contained in typical CF multivitamin supplements plus several antioxidants including beta-carotene, mixed tocopherols (different forms of vitamin E), coenzyme Q10 (CoQ10), mixed carotenoids (lutein, lycopene and zeaxanthin), and the minerals zinc and selenium."
NCT01859390,DIETARY_SUPPLEMENT,control multivitamin,"The control multivitamin contains standard (standard for CF multivitamin supplements) amounts of vitamins A, B, D, E, and K without added antioxidants."
NCT01091025,OTHER,Glucose profile for 2 weeks,A study subject has an abnormal OGTT will be referred to a cystic fibrosis consultant who is not involved in the study.
NCT01987271,DEVICE,Noninvasive Ventilation,"A randomized plan define the order in which patients would execute the 6MWT, with or without NIV."
NCT03391414,DRUG,hypertonic bicarbonate,8.4% sodium bicarbonate inhaled
NCT03391414,DRUG,sodium chloride,7% sodium chloride inhaled
NCT07088614,OTHER,Remote respiratory physiotherapy,"Remote respiratory physiotherapy protocol supervised 3 times a week via digital video conferencing, based on Chilean national guidelines for cystic fibrosis.

Each 1-hour session (3×/week for 6 months) includes:

Evaluation: respiratory assessment, teaching and reinforcement of airway clearance techniques, inhaled medication use, physical activity, and adherence to non-physiotherapy care. Six checklists are used to guide and monitor weekly patient activities.

Respiratory physiotherapy: conducted on-screen by the patient or caregiver, guided remotely. Includes: short-acting bronchodilator (if indicated), 7% hypertonic saline nebulization (10 min), 5-min Flutter/Acapella, ELTGOL or ELPr (2×5 min), and assisted coughing.

Re-evaluation: reassessment with the initial checklist, Q\&A, and scheduling the next session.

Participants continue their usual hospital-based care and receive baseline and post-intervention measurements."
NCT02262871,DEVICE,High flow nasal oxygen cannula,"HFN will be set with an inspiratory flow rate at 45-55 L/min (maximal tolerated flow), temperature at 37°C or 34°C if perceived as too warm, and fraction on inspired oxygen (FiO2) will be adjusted to achieve an oxygen saturation (SpO2) of at least 92%."
NCT02262871,DEVICE,Noninvasive ventilation,"The setting of NIV will be appropriately adjusted, based on the clinical assessment of the respiratory therapist in charge and will not be modified during the test."
NCT05809492,OTHER,step test,"The step speed of 18 steps/min was chosen for the first level because it is suitable for all subjects and prevents them from being too fast at the end of the test.

the slow standardized initial tempo at Level 1 of 72 beats/min allowed familiarity with the coordinated cascading technology of the tests (step up and down in time with the metronome beat). Regular replacement of the leading leg was encouraged to prevent unilateral leg fatigue and November muscle pain.

pwCF selected 1-minute stage times for each level in accordance with the maximum exercise test (CPET) recommendations in 18; at each new level, the test speed was increased by two steps / minute to ensure a progressive change in exercise parameters; a suitable end test time of 16 minutes was achieved along with an initial speed of 18 steps/min. The fast pace of 194 beats/min (48 steps/min at Level 16), which was eventually reached, it was physically possible to perform safely."
NCT07540936,BEHAVIORAL,Yoga Program,"The intervention consisted of an eight-week online supervised yoga program including breathing exercises (pranayama), physical postures (asanas), and relaxation techniques. Sessions were conducted three times per week, totaling 24 sessions. The program was designed to improve respiratory control, chest expansion, and overall physical awareness."
NCT01499914,BIOLOGICAL,influenza vaccination,Influenza vaccination in patients with cystic fibrosis
NCT04853368,DRUG,ABBV-576,Oral capsules
NCT04853368,DRUG,Galicaftor,Oral capsules
NCT04853368,DRUG,Placebo,Oral capsules
NCT04853368,DRUG,Navocaftor,Oral capsules
NCT04853368,DRUG,ABBV-119,Oral capsules
NCT02918409,DRUG,Colistin,
NCT02918409,DRUG,Tobramycin,
NCT01641393,DRUG,"EUR-1008 25,000 Units","EUR-1008 25,000 Units is a PEP with pancreas powder as the active ingredient.18 Pancreas powder contains various enzymes having proteolytic, lipolytic, and amylolytic activity. Each capsule contains approximately 25,000 Ph. Eur. lipase units. EUR-1008 25,000 consists of orally administered capsules containing enteric-coated beads."
NCT01641393,DRUG,"Kreon 25,000 Units","Kreon 25,000 is a PEP consisting of porcine-derived pancreatic enzymes.18 Each capsule contains approximately 25,000 Ph. Eur. lipase units. Kreon 25,000 consists of orally administered capsules containing enteric-coated spheres."
NCT00006063,DRUG,pancrelipase with bicarbonate,
NCT07688070,DRUG,Verapamil Hydrochloride,Verapamil extended release (ER) will be initiated at a dose of 120mg daily and up-titrated over six weeks to target dose of 360mg daily as tolerated.
NCT01465529,DRUG,OligoG CF-5/20,6% OligoG CF-5/20 in water
NCT01465529,DRUG,Saline,0.9% NaCl in water
NCT04837911,DEVICE,Spirobank Smart,Patients using the Spirobank Smart
NCT03093714,DRUG,FDL169,CFTR corrector
NCT03093714,DRUG,Placebo,Placebo for FDL169
NCT05882357,DRUG,ELX/TEZ/IVA,Fixed-dose combination granules for oral administration.
NCT05882357,DRUG,IVA,Granules for oral administration
NCT06339593,PROCEDURE,Airway-clearance vest,Airway clearance devices will be re-initiated for those who have self withdrawn and will be withdrawn temporarily for those who are using them regularly and have high FEV1 and low Xe MRI ventilation defects.
NCT06339593,DRUG,Hyperpolarized Xe129,"Hyperpolarized Xe MRI is FDA Approved for evaluation of ventilation in adults and children 12 and above and will be used as a diagnostic test here. Earlier studies using Xe MRI have shown its efficacy in exploring CF and other lung diseases in pediatric and adult populations, and it has been found to be much more sensitive to early lung disease than traditional metrics like spirometry and MBW."
NCT02823964,DRUG,Liprotamase,"Oral, soluble, non-enterically coated, non-porcine, pancreatic enzyme replacement"
NCT02950116,DEVICE,Perform three multiple breath nitrogen washout tests (N2-MBW-test),"* Patient is sitting in upright position, nose clip in place and breathing through a mouth piece with filter (neither sitting forward with back bent, nor supporting arms such that shoulders are raised)
* Patient's breathing pattern is stable for a minimum of 5 breaths
* Start of washout by inhaling 100% oxygen (initiated by lab technician)
* Continuous stable breathing pattern until end of washout test
* End target = 1/40th of start N2 concentration
* To ensure end of washout is achieved, patients should breathe 5 more breaths below the target concentration before the trial is terminated
* Three N2-MBW-tests are performed consecutively. Time between each test is \[duration of the previous test\*1.5\] (e.g. test duration = 6 min., time to next test = 6\*1.5 = 9 min.)"
NCT02563197,DEVICE,T-326 Inhaler,"No drug dosing,three test inhalations through the inhaler device filled with an empty capsule."
NCT00198289,DRUG,Aurexis® (tefibazumab),
NCT01132482,DRUG,Sildenafil,"During the course of the study, patients will receive 4 weeks of therapy: 28 days of placebo orally t.i.d. or 28 days of days of sildenafil orally t.i.d. Dosing of sildenafil will be escalated after the first week (20 mg orally t.i.d for the first week, then subjects will take 40 mg orally t.i.d. for 3 weeks). Patients not tolerating dose escalation will be discontinued from the study."
NCT01132482,DRUG,Placebo,Patients receiving placebo will have sham dose escalation to maintain blinding.
NCT05229640,DEVICE,Fibroscan,"Subjects will fast for at least three hours, then have at least 10 fibroscan readings of their liver."
NCT00777296,DRUG,ARIKACE™,"Study start date is before Jan 18, 2017."
NCT00777296,DRUG,Placebo,"Study start date is before Jan 18, 2017."
NCT02538588,DEVICE,Nebulizer 1,
NCT02538588,DEVICE,Nebulizer 2,
NCT05069597,DRUG,CREON,Capsule; Oral
NCT01899105,DRUG,lumacaftor,
NCT01899105,DRUG,ivacaftor,
NCT02163681,DRUG,Hyperpolarized Helium-3 MRI of the chest,hyperpolarized helium-3 is an inhaled gaseous contrast agent for MRI and permits the acquisition of high quality imagined of lung ventilation.
NCT04489186,DEVICE,Wearable device,"Multimodal electrocardiography (ECG), bioimpedance (bioZ) and tri-axial accelerometry (ACC) monitoring with a single wearable device (Byteflies Sensor Dot) to derive heart rate, respiratory rate and actigraphy."
NCT04090294,DRUG,Roflumilast,"Roflumilast is a phosphodiesterase (PDE) type 4 inhibitor will be prescribed for three month for the study group. the patients will then be assessed for improvement regarding exacerbation frequency , performance and pulmonary function test.

patients will receive Roflumilast 500 Mcg. Tablet once daily for three months"
NCT02334553,DRUG,S1226(8%),"The drug S1226(8%), consists of Perflubron (PFOB) and 8% CO2 delivered as an aerosol/vapour/gas mixture with a Circulaire nebulizer. The drug is administered as a single dose during the early phase asthmatic response for 2 minutes."
NCT02334553,DRUG,Placebo,Normal saline nebulized with compressed medical air for 2 minutes during the early phase asthmatic response
NCT00890370,PROCEDURE,Airway clearance technique,
NCT00589745,OTHER,Nasal potential difference measurement,Nasal potential difference measurement involves dripping small amounts of 5 test solutions into the anterior nostril. This is designed to test the ability of the cells to regulate the movement of salt and water in people with features of CF in whom the diagnosis is not entirely clear.
NCT02700282,BEHAVIORAL,Backpack Carrying,"A 12,5% of body weight backpack will be used for each measurement. Lung function will be assessed while carrying a double strap backpack, a mono shoulder backpack and without a backpack."
NCT04362761,DRUG,ELX/TEZ/IVA,Fixed-dose combination (FDC) tablet for oral administration.
NCT04362761,DRUG,IVA,Tablet for oral administration.
NCT04923880,OTHER,Implementation of Primary Palliative Care Intervention in CF Centers,"Individuals with CF ages 12 years and above will complete an annual palliative care needs assessment with the CF care team using the IPOS (Integrated Palliative Care Outcome Scale).

Individuals with CF under 12 years of age will complete an annual palliative care needs assessment with the CF care team using IPOS as a conversation guide.

Caregivers of Individuals with CF of all ages will be offered the BASC (Brief Assessment Scale for Caregivers).

In addition to annual needs assessment, palliative care needs assessment will take place when triggered by changes in disease status, such as hospitalization, new diagnosis of CF related Diabetes or referral to transplant."
NCT02544451,DRUG,LUM/IVA,"Lumacaftor (LUM) 200 mg every 12 hours (q12h)/ivacaftor (IVA) 250 mg q12h (for 6 through 11 years of age).

LUM 400 mg q12h/IVA 250 mg q12h (for 12 years and older)."
NCT02544451,DRUG,LUM/IVA,LUM 200 mg q12h/IVA 250 mg q12h (for 6 through 11 years of age).
NCT04059094,DRUG,BI 1265162,Inhalation solution
NCT04059094,DRUG,Placebo,Inhalation solution
NCT00823238,DRUG,ceftazidime and tobramycin,
NCT00823238,DRUG,inhaled tobramycin,
NCT07616375,DRUG,"HSK31858, tablet",HSK31858 is a novel inhibitor of DPP1 developed by Hisco Pharmaceutical and can reduce pulmonary exacerbations over a 52-week treatment period in patients with non-cystic fibrosis bronchiectasis
NCT00558844,DRUG,Arikayce™ 560 mg,"Arikayce™ at 560 mg

Subjects will be randomly assigned to study drug dose of of Arikayce™ or placebo in accordance with a code provided by the Sponsor/CRO. Randomization will be made in a 2:1 allocation between Arikayce™ and placebo. They will be blinded whether they receive Arikayce™ or Placebo Study subjects will receive Arikayce™ or placebo on Days 1 through Day 28. Drug is administered once a day via a nebulizer."
NCT00558844,DRUG,Placebo for 560 mg,"Matching placebo

Subjects will be randomly assigned to study drug dose of of Arikayce™ or placebo in accordance with a code provided by the Sponsor/CRO. Randomization will be made in a 2:1 allocation between Arikayce™ and placebo. They will be blinded whether they receive Arikayce™ or Placebo Study subjects will receive Arikayce™ or placebo on Days 1 through Day 28. Drug is administered once a day via a nebulizer."
NCT00558844,DRUG,Arikayce™ 70 mg,Subjects will be randomly assigned to study drug dose of of Arikayce™ or placebo in accordance with a code provided by the Sponsor/CRO. Randomization will be made in a 1:1:1 allocation between Arikayce™ and placebo. They will be blinded whether they receive Arikayce™ or Placebo Study subjects will receive Arikayce™ or placebo on Days 1 through Day 28. Drug is administered once a day via a nebulizer.
NCT00558844,DRUG,Arikayce™ 140 mg,Subjects will be randomly assigned to study drug dose of of Arikayce™ or placebo in accordance with a code provided by the Sponsor/CRO. Randomization will be made in a 1:1:1 allocation between Arikayce™ and placebo. They will be blinded whether they receive Arikayce™ or Placebo Study subjects will receive Arikayce™ or placebo on Days 1 through Day 28. Drug is administered once a day via a nebulizer.
NCT00558844,DRUG,Placebo for 70 mg / 140 mg,"Matching placebo

Subjects will be randomly assigned to study drug dose of of Arikayce™ or placebo in accordance with a code provided by the Sponsor/CRO. Randomization will be made in a 1:1:1 allocation between Arikayce™ and placebo. They will be blinded whether they receive Arikayce™ or Placebo Study subjects will receive Arikayce™ or placebo on Days 1 through Day 28. Drug is administered once a day via a nebulizer."
NCT02029521,DIETARY_SUPPLEMENT,Oral reduced l-glutathione,The treatment was pharmaceutical-grade Reduced L-Glutathione (GSH) with a daily dose of 65 mg/kg. The placebo was calcium citrate with a daily dose of 65 mg/kg. The daily dose of each substance was divided into three doses given at mealtime.
NCT02029521,DIETARY_SUPPLEMENT,Placebo,calcium citrate with a daily dose of 65 mg/kg. The daily dose of each substance was divided into three doses given at mealtime.
NCT00308958,DEVICE,High frequency chest wall oscillator,
NCT07519460,DEVICE,High-Frequency Chest Wall Oscillation,"High-frequency chest wall oscillation will be administered using the SmartVest/Monarch system at a frequency of 12-15 Hz and pressure of 10-20 cm H₂O for 20 minutes per session in an upright sitting position, three times per week for 8 weeks. The intervention is used to mobilize airway secretions and improve mucus clearance in patients with Cystic Fibrosis"
NCT07519460,BEHAVIORAL,Concurrent Training,"Concurrent training will include aerobic treadmill walking at 70-85% of maximum heart rate and resistance exercises including lat pulldown, leg press, chest press, shoulder press, and sit-ups. Sessions will be performed twice weekly for 8 weeks to improve exercise tolerance and respiratory muscle strength"
NCT01072708,OTHER,Prospective cohort with an annual follow-up,"Annualfollow-up including :

* oral glucose tolerance test
* dietary survey
* biological evaluation
* bacteriological and respiratory measures
* dual-energy x-ray absorptiometry
* physical activity survey"
NCT04187924,OTHER,Autogenic drainage,Autogenic drainage is an airway clearance technique characterised by breathing control using expiratory airflow to mobilise secretions from smaller to larger airways. The secretions will be collected during the physiotherapy session and during the 24 hours following the session.
NCT04187924,DEVICE,SIMEOX + Autogenic drainage,SIMEOX is a device generating a succession of gentle depression at the mouth during the expiratory phase associated with autogenic drainage.
NCT00662714,DRUG,Repaglinide,oral; initial dose: 3x 0.5mg/d; 2 years
NCT00662714,DRUG,short-acting Insulin (Actrapid),"initial dose: 3x 0.05E/kg/d, injected; 2 years"
NCT00004489,DRUG,alendronate sodium,
NCT00004489,DRUG,calcium carbonate,
NCT00004489,DRUG,cholecalciferol,
NCT03093974,DRUG,CMS,"1 MIU equivalent to 80 mg colistimethate sodium diluted in 1 mL saline solution 0.45%. Investigational Medicinal Product (IMP) glass vials were shrink wrapped in opaque white plastic and provided in boxes of 30 vials (two weeks of b.i.d dosing).

The 1 MIU/mL CMS/0.45% saline solution was transferred from the glass vial into a specific nebuliser system fitted with a 0.3 mL medication chamber, for administration by inhalation. This delivered a nominal dose of 0.3 MIU/24 mg CMS (\~10 mg CBA) from the device.

The first dose of the IMP was administered at the site under the supervision of the site staff and subjects were instructed how to prepare and self-administer the IMP at home via a specific nebuliser system, b.i.d (morning and evening) over a period of 12 months.

At least 10 minutes (min) before each administration, an inhaled short-acting bronchodilator (e.g., salbutamol /albuterol), supplied by the Sponsor, could be taken to improve tolerability."
NCT03093974,OTHER,Placebo,1 ml saline solution 0.45%. the placebo was made up of identical empty glass vials to which the same saline diluent was added in exactly the same way as the reconstitution of the active treatment by injecting the diluent through the rubber stopper. The glass vials were shrink wrapped with opaque white plastic to maintain the blind.
NCT02894684,DRUG,Aztreonam,14 days of AZLI: 75mg TDS PLUS IV Colistin
NCT02894684,DRUG,Standard Care,14 days of IV Colistin plus one of Tazocin/Ceftazidime/Meropenem/Aztreonam/Fosfomycin
NCT03924947,DRUG,Pancrelipase,Delayed release capsules
NCT03924947,DRUG,Pancrelipase,Delayed release capsules
NCT05422222,DRUG,VX-121/TEZ/D-IVA,Fixed-dose combination for oral administration.
NCT04969224,DRUG,ELX/TEZ/IVA,Fixed dose combination (FDC) tablet for oral administration.
NCT04969224,DRUG,IVA,Tablet for oral administration.
NCT03502070,DRUG,Placebo,One dose (4 capsules) of placebo
NCT03502070,DEVICE,Tobi Podhaler,The placebo capsule has to be released from the blister card and inserted into the Podhaler device. The device is then actuated and the study drug is inhaled according to the instructions for use
NCT02550041,OTHER,T specific response for diagnostic of aspergillus bronchitis,
NCT07275905,BIOLOGICAL,AchromoPhage,"AchromoPhage is a cocktail of four genetically distinct, obligately lytic bacteriophages (phiACH01, phiACH04, phiACH06, phiACH07) with in vitro activity against \>75% of a panel of 17 genetically diverse Achromobacter isolates from persons with cystic fibrosis. In this study, AchromoPhage will be administered by inhaled, intravenous, or sequential inhaled + intravenous routes with weekly dose escalation. Each participant will receive three weekly administrations, with escalating total doses of 4×10⁷ PFU, 4×10⁸ PFU, and 4×10⁹ PFU per route (double the total dose in the combination arm)."
NCT01619657,DRUG,"6% Hypertonic Saline (HS), 4mL","Administered via inhalation twice daily for 52 weeks. The delivery system is a PARI LC SPRINT® Junior nebulizer with a baby bend, size-adapted PARI® Baby face mask size 0-3, connection tubing (2.2m) and a PARI JuniorBOY® SX compressor."
NCT01619657,DRUG,"0.9% Isotonic Saline (IS), 4mL","Administered via inhalation twice daily for 52 weeks. The delivery system is a PARI LC SPRINT® Junior nebulizer with a baby bend, size-adapted PARI® Baby face mask size 0-3, connection tubing (2.2m) and a PARI JuniorBOY® SX compressor."
NCT01069705,DRUG,Tobramycin inhalation powder,Tobramycin dry powder for inhalation in capsules administered by the T-326 inhaler.
NCT04118010,DRUG,Vitamin D3,"High-dose vitamin D3 50,000 IU /week for 12 weeks"
NCT04118010,DRUG,Placebo vitamin D3,Matching to Vitamin D3 placebo capsules for 12 weeks
NCT04118010,DRUG,Inulin,Chicory-derived prebiotic inulin 12 g/day for 12 weeks
NCT04118010,DRUG,Placebo Inulin,Corn-derived maltodextrin 12g/day as the prebiotic placebo for 12 weeks
NCT01270074,DRUG,Azithromycin,azithromycin will be given as a liquid preparation at a dose of 10 mg/kg three times per week from three months of age until three years of age
NCT01270074,DRUG,Placebo control,inert liquid preparation will be given three times per week from three months of age to three years of age
NCT04226118,DEVICE,Vein Illumintion System device,Spotting veins of a patient by use of a Vein Illumintion System device
NCT04302662,DRUG,MS1819-SD,Patients will receive increasing doses from the lowest to a maximum dose of MS1819-SD on top of a stable dose of PPEs. The total treatment phase will range from 39 to 51 days.
NCT00843817,DRUG,Pulmozyme,Pulmozyme® 2.5mg by inhalation
NCT00432861,DRUG,PANCRECARB® (pancrelipase),Capsules
NCT00432861,DRUG,Placebo,Capsules
NCT00274313,DRUG,552-02,
NCT01316276,DRUG,Liposomal amikacin for inhalation,"* Liposomal amikacin for inhalation is provided as a sterile aqueous liposomal dispersion for inhalation via nebulization.
* 590 mg of liposomal amikacin for inhalation is administered once daily using the PARI Investigational eFlow® Nebulizer.
* Administration time is approximately 13 minutes.
* Liposomal amikacin for inhalation will be administered in two consecutive extension periods, each consisting of 6 cycles for a total of 12 cycles. Each cycle consists of 28 days on-treatment followed by 28 days off-treatment."
NCT06606457,BEHAVIORAL,Pain Acknowledgment Coping and Empowerment in CF (PACE CF),"The Pain Acknowledgment Coping and Empowerment in CF (PACE CF) program is a newly developed 3-session mind-body pain management intervention for adults with cystic fibrosis (CF), developed with CF community input. The sessions are delivered by the the CF care team psychologist. Each session will teach mind-body strategies to increase comfort and reduce the impact of pain on the participant\&#39;s life. These strategies include understanding pain in CF from a mind-body perspective, learning relaxation and mindfulness-based skills, identifying and practicing individualized cognitive and behavioral strategies that improve comfort and well-being, and discussing communication skills that empower people living with CF and pain. Participants will receive a workbook that will provide related education and resources and reinforce skill practice."
NCT04857814,DEVICE,ADAMM- RSM Device,All participants will wear the ADAMM- RSM device for a 6 month period
NCT04043806,DRUG,ELX/TEZ/IVA,Fixed-dose combination (FDC) tablet for oral administration.
NCT04043806,DRUG,IVA,Tablet for oral administration.
NCT00687466,DRUG,Insulin,"Insulin Glargine will be administered subcutaneously at the dosage of 0.1 U/Kg/die for three months. In case no hypoglycemic episodes occur during this period, the dosage will be increased to 0.15 U/Kg/die in occasion of the first control (T1) and will be scheduled for other three months. If even during this latter period no cases no hypoglycemic episodes occur, at the second control (T2) the dosage will be increased to the maximum of 0.2/U/Kg/die. It is generally accepted that the final dosage of glargine can be tailored to each patient, but it should be maintained between 0.1 and 0.2 U/Kg/die.

Glargine should be administered once daily in the morning and always at the same hour."
NCT04533646,DRUG,Insulin,"Participants will be asked to dose insulin during the first week using fixed doses. During the second week of the study, participants will dose insulin based on carbohydrate counting. Blood sugar control will be compared between the 2 weeks to determine the outcomes of the study."
NCT04533646,DEVICE,Continuous glucose monitor (CGM),Participants will be required to wear a CGM to measure glucose trends
NCT04094441,OTHER,chest physiotherapy,chest physiotherapy
NCT02971839,DRUG,VX-561,
NCT02971839,DRUG,Placebo,
NCT02971839,DRUG,IVA,
NCT00537602,DRUG,miglustat,
NCT00537602,DRUG,placebo,
NCT04058366,DRUG,ELX/TEZ/IVA,Fixed-dose combination (FDC) tablet for oral administration.
NCT04058366,DRUG,IVA,Tablet for oral administration.
NCT00787917,DRUG,Omalizumab,Omalizumab subcutaneous injections of 600 mg daily.
NCT00787917,DRUG,Placebo,Placebo subcutaneous injections blinded to match experimental arm dosing regimen.
NCT00787917,DRUG,Itraconazole,Itraconazole twice daily with a maximum daily dose of 400 mg.
NCT00450073,DRUG,ergocalciferol (vitamin D2),"50,000 IU weekly"
NCT00450073,DEVICE,Sperti Del Sol Lamp,5 times a week for 12 weeks
NCT00450073,DRUG,Vitamin D3,"50,000 IU weekly"
NCT04153669,BEHAVIORAL,Exercise-NMES,Exercise-NMES
NCT04153669,BEHAVIORAL,Exercise-No NMES,Exercise-No NMES
NCT01303068,DEVICE,13C urea breath test Kit,"20 and 50 mg, 13C urea breath test: urea nebulizer solution to detect Pseudomonas"
NCT06160713,DRUG,Itraconazole 65 MG,Two capsules of suba-itraconazole 65 mg twice daily for 6 months
NCT06160713,OTHER,Standard care,Standard care for bronchiectasis
NCT00930982,DRUG,"Ciprofloxacin (Cipro, BAYQ3939)","Inhalation of 32,5mg Ciprofloxacin inhaled twice a day"
NCT00930982,DRUG,Placebo,Inhalation of matching placebo twice a day
NCT00255242,DRUG,Simvastatin treatment for 28 days,40 mg / day
NCT04744766,PROCEDURE,major duct excision,2 methods of major/central mammary duct excision are compared as regard the outcome
NCT03938324,BEHAVIORAL,PiCASO Intervention Group,"This mobile health intervention utilizes an established telephone/text based secure interface to allow AYAs access knowledge, experience, and instrumental/emotional support from a trained peer coach who has already developed independence an active self-manager. Peers with shared experiences provide instrumental (e.g., health maintenance skills) and emotional support that likely lead to improvements in quality of life. Involving peers in supporting AYAs with chronic conditions to promote self-management and patient activation disrupts the typical over-reliance on the parent and health care provider that often impedes developing independence."
NCT03938324,BEHAVIORAL,Sham Comparator: Attention Control Group,"Over 12 months the attention control group participants will receive a monthly electronic newsletter with educational content about childhood onset chronic condition management and the differences between pediatric and adult health care systems, as well as a monthly phone call from study staff to ensure receipt of the newsletter and to answer questions regarding content, and an opportunity to link them to other resources. If participants report health concerns they will be directed to contact their health care team."
NCT02273661,DRUG,Liposomal amphotericin B (Ambisome®),An aerosol of Liposomal Amphotericin B (Ambisome®) at 25 mg x 1/ week will be administered during 6 months
NCT02273661,DRUG,placebo,An aerosol of isotonic saline x 1/ week will be administered during 6 months
NCT01183286,BEHAVIORAL,CFFONE,"A password-protected, secure website, which can be accessed via a web capable cell phone. The website contains age appropriate medical and behavioral information, disease management tools and social networking features for adolescents and young people who have Cystic Fibrosis."
NCT01183286,BEHAVIORAL,CF website,A CF-related educational website which has some areas of CF information and services relevant to adolescents.
NCT02516410,DRUG,VX-661 plus ivacaftor combination,
NCT02516410,DRUG,Ivacaftor,
NCT02516410,DRUG,Placebo (matched to VX-661 plus ivacaftor combination),
NCT02516410,DRUG,Placebo (matched to ivacaftor),
NCT03635762,BEHAVIORAL,Be In Charge,comparison of pre and post-program weight and calorie intake
NCT06322446,OTHER,Exercise,"16-week exercise intervention: At the beginning of the intervention, we will conduct a face-to-face familiarisation session with the exercises of the training programme. The intervention will consist of 2 sessions/week for 16 weeks. Each session consists of three stages: (i) Warm-up: 10 min of joint mobility and low intensity exercises involving the musculature to be worked in that session; (ii) Main part: circuit training mainly composed of strength exercises targeting the different muscle groups of the body and playing activities (iii) Cool down: 10 min with guided breathing work and stretching of the main muscle groups worked"
NCT00237523,DRUG,IoGen (molecular iodine),
NCT02035488,DRUG,Tobramycin,"Tobramycin dry powder 30 mg inhalation per dose; Dose escalation: 30-60-120 and 240 mg, each one time. One dose per week."
NCT01707290,DRUG,Ivacaftor,"150 mg tablet, oral use, every 12 hours (q12h)"
NCT00615576,DRUG,SB-656933,"SB-656933 will be available as white film coated, round tablet and will be available in strengths of 50 milligrams, administered orally once daily."
NCT00615576,DRUG,Placebo,"A placebo tablet to visually match the SB-656933 tablet will also be supplied, administered orally once daily."
NCT06339450,OTHER,walk tours,"* During 5 days the patient will walk 4 hours in urban green space (open-space areas reserved for parks and other ""green spaces"", including plant life, water features -also referred to as blue spaces and other kinds of natural environment). The 3 hours walk tour includes a lunch break of one hour in the green space.
* During 5 days the patient will walk 4 hours in urban space (including 3 hours walk around the city and one-hour lunch break."
NCT01179347,DRUG,tiotropium Respimat® inhaler,to evaluate safety and efficacy tiotropium delivered with Respimat® inhaler compared to placebo.
NCT01179347,DRUG,Placebo Respimat® inhaler,patient to receive placebo matching active drug once daily
NCT02781610,DRUG,Standard of care IV antibiotic(s),IV antibiotics will be selected by the treating physician following standard of care. Duration of treatment is the assigned intervention.
NCT00786513,OTHER,Conventional antimicrobial susceptibility testing,Subjects in this arm will be prescribed 14 days of an intravenous 2 drug antibiotic combination based on conventional planktonic antimicrobial susceptibility testing results.
NCT00786513,OTHER,Biofilm antimicrobial susceptibility testing,Subjects in this arm will be prescribed 14 days of an intravenous 2 drug antibiotic combination based on biofilm antimicrobial susceptibility testing results.
NCT07071324,BEHAVIORAL,CF Wellness Program,"Intervention modules are 1) Introduction \& Fatigue Explained, 2) Finding Balance between Activity \& Rest, 3) Physical Activity, Self-Review \& Planning, 4) Improving Your Sleep, 5) Managing Emotions, 6) Changing Less Helpful Thoughts, 7) Learning to Relax \& Manage Stress, and 8) Accessing Social Support and Preparing for the Future."
NCT03154541,DRUG,Synrinse,"Non-CF Cohort The first 10 non-CF subjects will be instructed to once daily irrigate both nasal passages with SynRinse (supplied) delivered via nasal irrigation using the NeilMed® Sinus Rinse™ system for 1 week. The subjects will be asked to refrain from performing any sinus irrigations during the test treatment period with any product including saline.

The second set of 10 non-CF subjects (if the study continues to this point) will be instructed to irrigate both nasal passages twice daily (rather than once daily) for one week with SynRinse (supplied). The subjects will be asked to refrain from performing any sinus irrigations during the test treatment period with any product including saline.

CF Cohort The first 5 subjects in the CF cohort will irrigate with with SynRinse delivered via nasal irrigation using the NeilMed Sinus Rinse system for 1 week. The second set of 5 subjects with CF will irrigate both nasal passages twice daily for one week with SynRinse."
NCT06996951,OTHER,STOP NASAL SALINE IRRIGATION WITH OR WITHOUT STEROID,PATIENT WILL STOP USING NASAL SALINE IRRIGATION WITH OR WITHOUT STEROID
NCT06996951,DRUG,CONTINUE NASAL SALINE IRRIGATION WITH OR WITHOUT STEROID,PATIENT WILL CONTINUE USING NASAL SALINE IRRIGATION WITH OR WITHOUT STEROID
NCT01887197,OTHER,Absorptive clearance scan,Subjects inhale a nebulized mixture of the radiopharmaceuticals Indium 111-DTPA and Technetium 99m sulfur colloid.
NCT01887197,DRUG,inhaled hypertonic saline (7%),nebulized hypertonic saline (7%)
NCT01887197,DRUG,mannitol inhalation powder,mannitol inhalation powder
NCT04922255,DEVICE,Reusable Underwear,Reusable Underwear are similarly available for purchase online and are absorbent underwear for bladder leak protection
NCT04922255,DEVICE,Disposable urethral support,The disposable urethral support is a tampon-like device that is available over the counter to help women with urinary incontinence (UI)
NCT04922255,BEHAVIORAL,Pelvic floor physical therapy,Experienced pelvic health physical therapists (at University of Pittsburgh) will complete two visits one week apart.
NCT05495243,DRUG,ARINA-1,"ARINA-1 (88 mg/mL ascorbic acid, ASC; 150 mg/mL reduced glutathione, GSH)"
NCT05495243,DRUG,Placebo,Isotonic saline (0.9%)
NCT05267418,DEVICE,Automated nasal O2 titration with FreeO2,"The participant received, in a randomized, cross-over study design: 1) automated nasal oxygen titration administered by a closed loop system (FreeO2) alone, 2) or with high flow nasal therapy (Airvo2) set at 60 liters per minute with nasal canula, or 3) oxygen by nasal canula at a fixed flow of 2 liters per minute during the 3-min constant speed shuttle test (3-min CSST) and endurance shuttle walking test (ESWT)"
NCT01837589,OTHER,QCT,
NCT01837589,OTHER,DXA,
NCT04415268,BEHAVIORAL,Exercise,"Surpervised exercise program: Includes a concurrent exercise intervention (strength training and aerobic training), 3 days a week, 60 minutes sessions."
NCT04415268,BEHAVIORAL,Unsupervised exercise,Unsupervised exercise program: The same exercise program learned during the supervised phase will be practiced at home.
NCT04415268,DRUG,CFTR Modulators,"Standard of care: Lumacaftor with Ivacaftor or Tezacaftor combined with Ivacaftor.

For children between 6 and 11 years of age, Lumacaftor 400 mg combined with Ivacaftor 500 mg in total per day, divided into 2 doses per day; for those over 11 years of age, Tezacaftor 100 mg combined with Ivacaftor 150 mg in the morning, adding a dose of Ivacaftor 150 mg at night.

https://www.clinicaltrialsregister.eu/ctr-search/trial/2019-000833-37/ES"
NCT01018368,DRUG,VX-770,"In Period 1, subjects will receive a single oral dose of VX-770 150 mg on Day 1. In Period 2, subjects will receive a single oral dose of VX-770 150 mg on Day 6."
NCT01018368,DRUG,Rifampin,"In Period 2, subjects will receive a daily oral dose of rifampin 600 mg on Days 1 through 10"
NCT06526923,COMBINATION_PRODUCT,SP-101 and doxorubicin Cohort 1,Single inhaled dose of SP-101 and doxorubicin Dose 1
NCT06526923,COMBINATION_PRODUCT,SP-101 and doxorubicin Cohort 2,Single inhaled dose of SP-101 and doxorubicin Dose 2
NCT05157646,BEHAVIORAL,Fitness tracker,Participants will be asked to wear a Fitbit fitness tracker and report their fitness activity to the study team
NCT00004747,DRUG,mucoid exopolysaccharide P. aeruginosa immune globulin IV,
NCT04732195,DEVICE,Pilocarpine microneedle patch,"Each microneedle (MN) patch contains an array of solid, water-soluble, micron-scale needles that encapsulate the medication (Pilocarpine). The patch form can be placed directly on the skin."
NCT04732195,DEVICE,Pilocarpine Iontophoresis,Pilocarpine Iontophoresis is a process of transdermal pilocarpine delivery by use of a voltage gradient on the skin. An agar gel disc containing pilocarpine is placed under the electrodes which are connected to the Macroduct 3700 Sweat Inducer device.
NCT04687475,OTHER,Clinical Tool (Mobile Spirometry and Survey),"The clinical tool is a combination of home spirometry measurements and a patient survey measuring patient reported outcomes including the Cystic Fibrosis Respiratory Symptom Diary (CFRSD) and Chronic Respiratory Infection Symptom Score (CRISS©), with permission from the Seattle Quality of Life Group."
NCT06660992,DRUG,"HSK31858, tablet",HSK31858 is a novel inhibitor of DPP1 developed by Hisco Pharmaceutical and can reduce pulmonary exacerbations over a 52-week treatment period in patients with non-cystic fibrosis bronchiectasis
NCT06660992,DRUG,Placebo,the placebo comparator of study
NCT01991028,DRUG,Radiolabelled OligoG CF-5/20 DPI,Inhalation with dry powder by Mia Monodose Inhaler
NCT01991028,DRUG,Radiolabelled OligoG CF-5/20 6% Solution,Inhalation with aerosolised solution by nebuliser
NCT00484263,DRUG,Hypertonic saline 6% -,Hypertonic saline (6%) - 5mls twice a day via a nebuliser for 12 months
NCT00458614,DRUG,Lansoprazole,
NCT02456103,DRUG,Ataluren,Ataluren will be provided as a vanilla-flavored powder to be mixed with water or milk.
NCT03435939,DRUG,Losartan,50 mg/day for 7 days followed by 100 mg/day for 12 weeks
NCT04322929,DRUG,Roflumilast Oral Tablet,"Roflumilast, a phosphodiesterase 4 (PDE4) inhibitor is approved worldwide (including Hong Kong) for treatment of severe chronic obstructive pulmonary disease (COPD) with frequent exacerbations. Roflumilast has been shown to have anti-inflammatory effect in patients with COPD, with significant reduction of sputum absolute neutrophil count, IL-8 and neutrophil elastase compared with placebo treatment. Roflumilast can also improve the lung function parameters in patients with COPD and reduce the rate of moderate-to-severe exacerbations."
NCT00388505,DRUG,Tobramycin Inhalation Powder,Tobramycin Inhalation Powder (TIP) capsules for inhalation.
NCT00388505,DRUG,Tobramycin Solution for Inhalation,"Tobramycin solution for inhalation (TOBI), supplied as 300 mg/5mL ampoules administered with a nebulizer"
NCT07175012,DEVICE,ELECTROVEST,"A wearable vest device that delivers airway clearance therapy through high-frequency chest wall oscillation (HFCWO) combined with surface neuromuscular electrostimulation (EEM). The session includes a 2-minute warm-up phase at 4 Hz, 16 minutes of active stimulation at 8 Hz, and a 2-minute recovery phase at 4 Hz (total duration: 20 minutes). The intervention is administered during supervised physiotherapy sessions to promote mucociliary clearance and respiratory muscle activation in patients with chronic respiratory diseases."
NCT07175012,DEVICE,The Vest® Model 105,"A conventional airway clearance therapy using a commercial high-frequency chest wall oscillation (HFCWO) device (The Vest® Model 105 or AffloVest®). The session includes a 2-minute warm-up phase at 13 Hz, 16 minutes of treatment at 20 Hz, and a 2-minute cool-down at 13 Hz (total duration: 20 minutes). This intervention serves as the active comparator in the crossover trial."
NCT02929420,DRUG,Xiaoru Sanjie capsules,"Oral medication for a total of 90 days. According to the instructions, P.O., three times a day, each time three tablets, take a month as a treatment course, continuous use of 3 courses."
NCT02929420,DRUG,Xiao Yao pills,"Oral medication for a total of 90 days. According to the instructions, P.O., three times a day, each time three tablets, take a month as a treatment course, continuous use of 3 courses."
NCT05033080,DRUG,VX-121/TEZ/D-IVA,Fixed-dose combination tablets for oral administration.
NCT05033080,DRUG,ELX/TEZ/IVA,Fixed-dose combination tablets for oral administration.
NCT05033080,DRUG,IVA,Tablet for oral administration.
NCT05033080,DRUG,Placebo (matched to VX-121/TEZ/D-IVA),Placebo matched to VX-121/TEZ/D-IVA for oral administration.
NCT05033080,DRUG,Placebo (matched to ELX/TEZ/IVA),Placebo matched to ELX/TEZ/IVA for oral administration.
NCT05033080,DRUG,Placebo (matched to IVA),Placebo matched to IVA for oral administration.
NCT02955888,DRUG,PBI4050,Investigational Medicinal Product
NCT02955888,DRUG,Placebo,Comparator
NCT03870841,DRUG,PC945,"PC945, nebulized"
NCT03756922,DRUG,FDL169,CFTR corrector
NCT03756922,DRUG,FDL176,CFTR potentiator
NCT01923753,DEVICE,Aerosure at 15 Hz,Active Aerosure HFAO device operating at lower frequency
NCT01923753,DEVICE,Aerosure at 25 Hz,Active Aerosure HFAO device operating at higher frequency
NCT01923753,DEVICE,Sham Aerosure,Deactivated but identical Aerosure HFAO device
NCT00744250,DRUG,Pancrelipase,PANCRECARB MS-16
NCT00970346,DRUG,OligoG CF-5/20,Inhaled OligoG CF-5/20 will be given to healthy volunteers with different concentrations to test tolerability of the drug
NCT03227094,DIAGNOSTIC_TEST,Standard OGTT,"Standard-OGTT Plasma glucose : 0, 30, 60, 90, 120 minutes Complete biochemical profile, weight and size (body mass index), drugs list, pulmonary function by spirometry (FEV, etc.) Questionnaires CGMS training \& delivery of Jelly-Bean/75g glucose beverage"
NCT03227094,DIAGNOSTIC_TEST,Home-based OGTT (Beverage),In a random order Candy-OGTT (Jelly-Bean) or 75 g glucose beverage Glycemia every 15 minutes from CGMS collection; standardized condition (fasting + rest) Questionnaires
NCT03227094,DIAGNOSTIC_TEST,Home-based OGTT (Candy),In a random order Candy-OGTT (Jelly-Bean) or 75 g glucose beverage Glycemia every 15 minutes from CGMS collection; standardized condition (fasting + rest) Questionnaires
NCT06592742,BEHAVIORAL,Pulmonary rehabilitation (alone),"The Pulmonary Rehabilitation (PR) program for the control group includes daily aerobic exercises such as treadmill walking or cycling for 20-30 minutes at moderate intensity, tailored to improve cardiovascular fitness and respiratory function. Strength training focuses on major muscle groups with resistance exercises lasting 15-20 minutes, promoting muscle strength and endurance. Airway clearance techniques are performed for 15-20 minutes daily, using methods like chest physiotherapy or positive expiratory pressure (PEP) to clear mucus from the lungs. Breathing exercises, including diaphragmatic and pursed-lip breathing, are practiced for 10-15 minutes to improve breathing efficiency. Participants also receive education on disease management and nutritional support to meet caloric needs."
NCT06592742,BEHAVIORAL,Intervention group (PR + PMR),"The intervention group will follow a Pulmonary Rehabilitation (PR) program combined with Progressive Muscle Relaxation (PMR). Daily aerobic exercises like treadmill walking or cycling will be performed for 20-30 minutes at moderate intensity, improving cardiovascular fitness and lung function. Strength training for major muscle groups will be included, with 15-20 minutes of resistance exercises to enhance muscle strength. Airway clearance techniques, such as chest physiotherapy or PEP, will help clear mucus from the lungs in daily 15-20 minute sessions. Breathing exercises, including diaphragmatic and pursed-lip breathing, will be practiced for 10-15 minutes to improve breathing efficiency. The PMR component involves daily 20-30 minute guided sessions to reduce stress and anxiety through muscle relaxation techniques."
NCT03843541,DRUG,N-acetylcysteine (NAC) 600 mg,"NAC will be administered twice a day, morning and evening, during treatment period."
NCT03843541,DRUG,Ambroxol hydrochloride 30 mg,"Ambroxol hydrochloride will be administered twice a day, morning and evening, during treatment period."
NCT03843541,OTHER,placebo,"Placebo will be administered twice a day, morning and evening, during treatment period."
NCT03341741,DRUG,Tobramycin Powder,TOBI®Podhaler 2 x 112 mg daily for 2 x 28 days (on/off);
NCT03341741,DRUG,Colistin,Colistin solution 2 x daily 1 Mega continuously
NCT02392663,OTHER,Hypertonic saline solution,"All patients will perform 4 sessions during the same week. Each session will be include: inhalation period + bronchial drainage period. 20 minutes will be spent to perform the inhalation period. Moreover, 30 minutes will be spent to complete the bronchial drainage session post-inhalation."
NCT02392663,OTHER,Hyaneb solution,"All patients will perform 4 sessions during the same week. Each session will be include: inhalation period + bronchial drainage period. 20 minutes will be spent to perform the inhalation period. Moreover, 30 minutes will be spent to complete the bronchial drainage session post-inhalation."
NCT02392663,OTHER,Isotonic saline solution,"All patients will perform 4 sessions during the same week. Each session will be include: inhalation period + bronchial drainage period. 20 minutes will be spent to perform the inhalation period. Moreover, 30 minutes will be spent to complete the bronchial drainage session post-inhalation."
NCT07722364,DEVICE,High Frequency Chest Wall Oscillation,"High-frequency chest wall oscillation that applies external chest wall oscillations via an inflatable vest worn around the thoracic cage, increasing the air-liquid shear forces during expiration is believed to result in secretion mobilization.

The product name that will be used is Air Way Clearness system; his model is PV-900/ PV-300/PV-100, made in China."
NCT07722364,OTHER,conventional physiotherapy program directed towards improvement of pulmonary functions and quality of life.,"conventional physiotherapy program directed towards improvement of pulmonary functions and quality of life.

Conventional physiotherapy that will be applied to the control group for 30 minutes will include:

* Postural drainage according to accumulation of secretions for 10 minutes accompanied by percussion or vibration
* Active cycle breathing technique (ACBT) for 10 minutes
* Respiratory exercises for 10 minutes"
NCT03947957,DIAGNOSTIC_TEST,"collection of expectoration, stools and blood","collection of expectoration, stools and blood"
NCT03500263,DRUG,PTI-808,Active
NCT03500263,DRUG,Placebo,Placebo
NCT03500263,DRUG,PTI-801,Active
NCT03500263,DRUG,PTI-428,Active
NCT03500263,DRUG,Placebo,Placebo
NCT00753987,DRUG,Hypertonic Saline,5 ml of 7% saline will be administered via mask with Pari LC Plus nebuliser and a Pari Ultra Ned compressor.
NCT01117012,DRUG,Ivacaftor,
NCT06512064,DIAGNOSTIC_TEST,AWARE,AWARE testing to estimate lung function and aid in disease diagnosis
NCT02358798,OTHER,3 years-assessment of respiratory function,
NCT01417481,DIETARY_SUPPLEMENT,Glycine,Daily oral supplement of glycine at a dose of 0.5 g/kg divided in three doses during 8 weeks
NCT01417481,DIETARY_SUPPLEMENT,Placebo,Daily oral administration of placebo (sugar glass) at a dose of 0.5 g/kg divided in three doses during 8 weeks
NCT01155752,DRUG,Pulmozyme single use ampule,"• Each Pulmozyme single use ampule delivers 2.5 mL (2.5 mg) of the sterile solution to the nebulizer bowl. The aqueous solution contains 1.0 mg/mL dornase alfa, 0.15 mg/mL calcium chloride dihydrate, and 8.77 mg/mL sodium chloride."
NCT01155752,DRUG,placebo,identical placebo
NCT02106832,DRUG,Ciprofloxacin (BAYQ3939) dry powder for inhalation,Ciprofloxacin dry powder for inhalation (DPI) 32.5 mg inhaled twice daily in cycles of 28 days on-treatment and 28 days off-treatment.
NCT02106832,DRUG,Ciprofloxacin (BAYQ3939) dry powder for inhalation,Ciprofloxacin DPI 32.5 mg inhaled twice daily in cycles of 14 days on-treatment and 14 days off-treatment.
NCT02106832,DRUG,Placebo,Matching placebo inhaled twice daily intermittently for 28 days on / 28 days off
NCT02106832,DRUG,Placebo,Matching placebo inhaled twice daily intermittently for 14 days on / 14 days off
NCT03584841,DIAGNOSTIC_TEST,Iontophoresis sessions in forearm of subjects with pilocarpine,"The test with two iontophoresis sessions is performed in a forearm of subjects. Pilocarpine is applied during the first iontophoresis session to evoke cholinergic-induced sweat secretion. Atropine, isoprenaline and aminophylline are applied during the second iontophoresis session, to block the cholinergic component and to evoke β-adrenergic-induced sweat secretion."
NCT00406536,DIETARY_SUPPLEMENT,Lym-X-Sorb powder,"Lym-X-Sorb is an organized matrix of lyso phosphatidylcholine (LPC), free fatty acid (FFA) and monoglyceride formulated at 20wt% with flour and sugar. A dosage contains 32 grams of powder and is consumed with food twice a day (6 to 11.9 years old) or three times per day (12 to 17.9 years old) for 18 months."
NCT00406536,DIETARY_SUPPLEMENT,Placebo powder,"The placebo is composed of soybean oil, sunflower oil, fully hydrogenated cottonseed oil and flax seed oil dispersed at 16wt% on flour and sugar. The placebo is \>99% triglycerides with no trans fatty acids. The fatty acid composition and caloric content is designed to match the active supplement (Lym-X-Sorb). A dosage contains 32 grams of powder and is consumed with food twice a day (6 to 11.9 years old) or three times per day (12 to 17.9 years old) for 18 months."
NCT02378467,DRUG,7% Hypertonic Saline (HS),Administered via inhalation twice daily for 48 weeks. The delivery system is a PARI Sprint Junior nebulizer with a PARI Baby face mask or mouthpiece driven by a PARI Vios® compressor.
NCT02378467,DRUG,0.9% Isotonic Saline (IS),Administered via inhalation twice daily for 48 weeks. The delivery system is a PARI Sprint Junior nebulizer with a PARI Baby face mask or mouthpiece driven by a PARI Vios® compressor.
NCT02518672,DIETARY_SUPPLEMENT,MAG-DHA,"MAG-DHA 8 x 625 mg softgels by mouth, every day at bedtime for 90 days."
NCT02518672,DIETARY_SUPPLEMENT,Placebo,"Placebo (sunflower oil) 8 x 625 mg softgels by mouth, every day at bedtime for 90 days."
NCT01323101,DRUG,Doxycycline,"Doxycycline 40mg, 100mg, 200mg tablet once daily, or no drug for 28 days."
NCT01323101,OTHER,No doxycycline,
NCT05140967,OTHER,High Intensity Interval Training (HIIT),High Intensity Interval Training
NCT05140967,OTHER,Moderate Continuous Intensity Training (MICT),Moderate Intensity Continuous Training
NCT01586728,OTHER,Air - oxygen,"1. his routine long term treatment without nocturnal oxygen therapy during 6 weeks (air period)
2. nocturnal oxygen therapy with a stable flow to obtain a nocturnal SpO2 \> 90% (oxygen period) while continuing his routine long term treatment during 6 weeks.

During the oxygen period, the oxygen flow will be at least 1.5l/min. This flow may be increased up to 2L/min in case of the presence of nocturnal periods with SpO2 \<= 90%."
NCT01586728,OTHER,Oxygen - Air,"1. nocturnal oxygen therapy with a stable flow to obtain a nocturnal SpO2 \> 90% (oxygen period) while continuing his routine long term treatment during 6 weeks.
2. his routine long term treatment without nocturnal oxygen therapy during 6 weeks (air period) During the oxygen period, the oxygen flow will be at least 1.5l/min. This flow may be increased up to 2L/min in case of the presence of nocturnal periods with SpO2 \<= 90%."
NCT00205634,DRUG,Biaxin ( clarithromycin),
NCT04596319,BIOLOGICAL,AP-PA02,Bacteriophage administered via inhalation
NCT04596319,OTHER,Placebo,Inactive Placebo administered via inhalation
NCT07035990,DRUG,SION-451,"* Pharmaceutical form: tablet
* Route of administration: oral"
NCT07035990,DRUG,SION-2222,"* Pharmaceutical form: capsule
* Route of administration: oral"
NCT07035990,DRUG,SION-109,"* Pharmaceutical form: tablet
* Route of administration: oral"
NCT07035990,DRUG,Placebo SION-451,Placebo matched to SION-451
NCT07035990,DRUG,Placebo SION-2222,Placebo matched to SION-2222
NCT07035990,DRUG,Placebo SION-109,Placebo matched to SION-109
NCT05206097,DEVICE,Accelerometer,"For the following study, each patient will be asked to wear a portable device over a 7-day period. The accelerometer will be previously set up according to anthropometric data of the patient and scheduled to automatically start and stop accelerations registration. The patient will be asked to wear the sensor as frequently as possible, with the exception of sleep period and during aquatic activities. A diary will be delivered to the patient in order to notify any problem/issue observed during the evaluation week (for example forgetting to wear the sensor). The accelerometry assessment will be associated to a questionnaire. Each patient will have to fill in it during the evaluation week. The questionnaire is composed of various questions from three different questionnaires: Ricci \& Gagnon for subjective evaluation of PA level, CFQ-14+ for the evaluation of quality of life specifically in CF and EQ-5D for a more generic evaluation of quality of life."
NCT07485010,DRUG,Sulbactam 25mg/kg -Durlobactam 25mg/kg (Every 6 hours),"Adults and Children 12 years and older: IV sulbactam/durlobactam Greater than or equal to 130ml/min Every FOUR (4) hourly. Administered by intravenous infusion over 3 hours.

For CrCL 45 to 129ml/min 1g sulbactam/ 1g durlobactam Every SIX (6) hourly. Administer by intravenous infusion over 3 hours.

For CrCL 30 to 44ml/min

1g sulbactam/ 1g durlobactam Every EIGHT (8) hourly. Administer by intravenous infusion over 3 hours.

For CrCL 15 to 29ml/min 1g sulbactam/ 1g durlobactam Every TWELVE (12) hourly. Administer by intravenous infusion over 3 hours.

For CrCL\<15ml/min

1g sulbactam/ 1g durlobactam Every TWELVE (12) hourly for first 3 doses then reduce to every 24 hourly thereafter. Administer by intravenous infusion over 3 hours."
NCT07485010,DRUG,Ceftriaxone for Injection,"Adults and Children 12 years and older: IV ceftriaxone

1g Every TWELVE (12) hourly"
NCT07485010,DRUG,Amoxicillin,Adults and Children 12 years and older: Oral amoxicillin 1000mg Three times daily
NCT07485010,DRUG,Azithromcyin,Adults and Children 12 years and older: Oral Azithromycin 250 - 500mg Once daily If \<40kg or poorly tolerated 250mg Once daily
NCT07485010,DRUG,clarithromycin,Oral clarithromycin. Only for use if azithromycin not tolerated. Adults: 500mg twice daily. Children: 12-18 years of age: Dosing independent of weight 500mg twice daily
NCT07485010,DRUG,Clofazimine,Adults and Children 12 years and older: Oral clofazimine 100mg to 300mg Once daily
NCT07485010,DRUG,Ethambutol,"For participants with confirmed mixed NTM (slow growers + MABS) infections, there is an option to add oral ethambutol to the treatment arm in accordance with the dosing below.

Oral ethambutol 15mg/kg (rounded to account for tablet strength) OR Once daily 25mg/kg (rounded to account for tablet strength) Thrice weekly"
NCT07485010,DRUG,Amikacin Injection,"Adults: Intravenous amikacin 5mg/kg once daily or 7.5mg/kg twice daily or 20-25 mg/kg thrice weekly. Children: Intravenous amikacin 15-30 mg/kg once daily, maximum dose 1500mg"
NCT07485010,DRUG,tigecycline,"Adults: Intravenous Tigecycline 25 mg increasing by 5 mg every two doses until either maximum dose reached (50mg) or until patient is unable to tolerate twice daily. Children (≥8 years of age) intravenous tigecycline: Day 1- 0.6mg/kg twice daily to a maximum of 25mg. Day 2- 0.6mg/kg (maximum 25mg) in the morning, 1.2 mg/kg (maximum 50mg) at night. Day 3- 1.2mg/kg (maximum 50 mg) twice daily"
NCT07485010,DRUG,Imipenem + Cilastatin,Adults: Intravenous Imipenem (≥50kg) 500mg twice daily (\<50kg) 15 mg/kg twice daily. Children: intravenous imipenem Day 1- 2- 25mg/kg (maximum 1g) twice daily. DAY 3- 25mg/kg (maximum 1g) four times daily (drop to 3 if not tolerated).
NCT07485010,DRUG,Cefoxitin,Adults: If imipenem is poorly tolerated intravenous cefoxitin 200 mg/kg thrice daily. Children: if imipenem is poorly tolerated intravenous cefoxitin 50mg/kg (maximum 4g) four times daily.
NCT07485010,DRUG,Amikacin (Inhalation),"Adult: Inhaled amikacin 500mg twice daily. Children: Inhaled amikacin 500mg twice daily. PLEASE NOTE: low preservative intravenous amikacin preparation to be used as inhalation, NOT liposomal amikacin."
NCT07485010,DRUG,linezolid,"Adult: during consolidation in combination with one to three oral antibiotics (co-trimoxazole, doxycycline, moxifloxacin, bedaquiline or rifabutin) guided by participant susceptibility and tolerance. Oral linezolid 600mg once daily.

Children: \>12 years 600mg once daily."
NCT07485010,DRUG,Trimethoprim / Sulfamethoxazole,Adults and children 12 years and older: Oral Co-trimoxazole (Trimethoprim / Sulfamethoxazole) 160/800mg twice daily.
NCT07485010,DRUG,Doxycycline,Adults and Children 12 years and older: Oral doxycycline 100mg once daily.
NCT07485010,DRUG,moxifloxacin,"Adult: Oral moxifloxacin 400mg once daily. Children 12 years and older: Oral moxifloxacin 10-15mg/kg once daily, maximum dose 400mg"
NCT07485010,DRUG,bedaquiline,Adult: Oral bedaquiline (18-64 years of age) 400mg once daily for the first two weeks followed by 400mg thrice weekly for 22 weeks (maximum duration of 6 months).
NCT07485010,DRUG,Rifabutin,"Adult: Oral rifabutin: 5mg/kg once daily, maximum 300-450mg. Children 12 years and older: Oral rifabutin 5mg/kg once daily"
NCT07048262,BIOLOGICAL,CSL787,CSL787 high or low doses once daily (QD) will be administered via inhalation over a period of 6 to 12 months.
NCT07048262,DRUG,Placebo,Participants will receive a matching volume of placebo QD over a period of 6 to 12 months.
NCT07048262,DEVICE,Nebulizer,The nebulizer is a CE-marked device.
NCT02107859,DRUG,Ataluren,Ataluren will be administered per dose and schedule specified in the arm.
NCT01149005,DRUG,novorapid / humalog short acting insulin,"1-4 units will be injected Subcutaneously (SC), before every main meal."
NCT01149005,DRUG,Novo Rapid Insulin (Novonordisk),Novo Rapid Insulin (Novonordisk) will be administered before each main meal 1-4 units depends on the patients weight
NCT01375049,DRUG,Aztreonam for Inhalation Solution (AZLI),AZLI 75 mg administered 3 times daily via the investigational eFlow® nebulizer
NCT06747858,BIOLOGICAL,ARCT-032,CFTR mRNA formulated in lipid nanoparticles
NCT06159725,DRUG,CMTX-101,CMTX-101 is a humanized monoclonal antibody administered as a single IV infusion over approximately 60 minutes.
NCT06159725,DRUG,Placebo,Placebo is normal saline administered as a single IV infusion over approximately 60 minutes.
NCT02661438,DRUG,Placebo to Ciprofloxacin DPI (BAYQ3939),"Placebo to Ciprofloxacin DPI, 3 doses during test session, 1 additional dose for patients during device training"
NCT02717650,OTHER,A-STEP,"Study A) Study A) Development of new exercise test protocol and Observational Feasibility/Safety Study (no comparator).

Feasibility/safety of a newly designed, incremental, maximal, standardised step test in adults with Cystic Fibrosis."
NCT02717650,OTHER,A-STEP (New Protocol),"Study B) Validation Study (random allocation of test order). Validity of an incremental, maximal, standardised incremental step test with breath-by-breath gas analysis using portable metabolic measurement equipment against CPET."
NCT02717650,OTHER,Comparator: CPET cycle ergometer (Gold Standard),"Study B) Validation study (random allocation of test order) ""Gold standard"" CPET. An incremental, maximal standardised cycle ergometer exercise test (performed as per published protocol) using portable metabolic measurement equipment."
NCT02552043,OTHER,Nintendo Wii exercise program,"The aerobic training protocol was designed to improve muscular strength, body endurance and flexibility (involved activities as: running, up the knees, butt kickers, etc.). The game used has a strap pouch to hold the Nunchuk© controller placed on the thigh that detects the lower body movements, and also features a number of exercise options supervised by a virtual personal trainer"
NCT04278040,DRUG,Melphalan,Inhalations with low doses of Melphalan for 5 consequent days
NCT04970225,OTHER,1 blood sample,4 tubes of 7 ml per sample (a single sample)
NCT04970225,OTHER,2 blood samples,4 tubes of 7 ml per sample / 2 samples : before / after antibiotic treatment
NCT07304362,BEHAVIORAL,Online Education Program,"Children with cystic fibrosis and their parents in the intervention group will receive an online education program designed to improve health literacy. The program will be delivered once, immediately after the pretest, through an online platform. The session will last approximately 30-40 minutes and will follow a standardized educational protocol reviewed by expert faculty members. Posttest assessment will be conducted 4 weeks after the intervention. The program aims to enhance parents' ability to interpret, apply, and make decisions based on health information, and to help children understand and take responsibility for their own health."
NCT02734810,DRUG,Liprotamase Powder for Oral Solution,"Oral, soluble, non-enterically coated, non-porcine, pancreatic enzyme replacement therapy"
NCT03219164,DRUG,AZLI,"Administered via the PARI Altera® Nebulizer System. Participants \< 2 years will receive via the SmartMask® Baby, 2 to \< 6 years via the SmartMask Kids® and \> 6 years via the nebulizer mouthpiece."
NCT03219164,DRUG,Placebo,"Administered via the PARI Altera® Nebulizer System. Participants \< 2 years will receive via the SmartMask® Baby, 2 to \< 6 years via the SmartMask Kids® and \> 6 years via the nebulizer mouthpiece."
NCT00449904,DRUG,Liprotamase,Administered orally
NCT01710930,OTHER,Study of predictive factors,"Phase 1 : Inclusion of patients (V0) :

In the case of a participation agreement, data on age, profession, previous history, history of the disease and current treatments will be collected. Different tests will be performed at this visit.

Phase 2 : Determination of the baseline (V1) : Patients will be reviewed one month after V0 (V1). In the absence of exacerbation between V0 and V1, the examinations performed in routine practice will be used to determine the basic state of biological parameters of interest. During this visit, different tests will be performed.

Phase 3 : Quarterly monitoring of patients (V2-V9) : Patients will be followed every three months for 2 years (V2-V9)."
NCT01883284,OTHER,Tests in vitro after sampling nasal cells of CF patients or controls,"Nasal cells of CF patients or controls were collected by scratching of intermediate turbinate and cultured in vitro. Epigenetic modifiers treatment was applied to these ex vivo nasal epithelia. Then, mRNA, protein and secretions were quantified."
NCT00420836,DRUG,Tobramycin,
NCT03485456,DRUG,Tobramycin,"Tobramycin dry powder inhalation with 30, 60 and 90 mg. Nebulisation with 300 mg tobramycin"
NCT07255131,BEHAVIORAL,Group A An online group cognitive behavioral psychotherapy in 13 sessions via Zoom,"An online group cognitive behavioral psychotherapy will be offered via Zoom in 13 sessions to the therapy Group A, to patients with cystic fibrosis"
NCT07255131,BEHAVIORAL,Group B An online group supportive psychotherapy in 13 sessions via Zoom,"An online group supportive psychotherapy will be offered via Zoom in 13 sessions to the control group Group B, to patients with cystic fibrosis"
NCT07255131,BEHAVIORAL,Group C An online group cognitive behavioral psychotherapy in 13 sessions via Zoom,"An online group cognitive behavioral psychotherapy will be offered via Zoom in 13 sessions to the therapy group C, to caregivers of patients with cystic fibrosis"
NCT07255131,BEHAVIORAL,Group D An online group supportive psychotherapy in 13 sessions via Zoom,"An online group supportive psychotherapy will be offered via Zoom in 13 sessions to the control Group D, to caregivers of patients with cystic fibrosis"
NCT01916577,DRUG,Plerixafor mobilization of autologous CD117 stem cells,Peripheral mobilization of autologous CD117+ stem cells from the bone marrow in patients awaiting lung transplantation versus normal controls
NCT01327703,DRUG,"Panzytrat® 25,000","Panzytrat® 25,000 capsule will be given orally daily at a stabilized dose, as per investigator's discretion, for 14 days. Stabilized dose for a participant will be the optimal dose determined during a qualification phase that precedes the first treatment period and will be based upon the participant's usual lipase and lipid intake. Total dose will not exceed 10,000 European Pharmacopoeia (Ph.Eur.) units lipase/kilogram (kg) body weight/day in either first treatment period or second treatment period."
NCT01327703,DRUG,"Kreon® 25,000","Kreon® 25,000 capsule will be given orally daily at a stabilized dose, as per investigator's discretion, for 14 days. Stabilized dose for a participant will be the optimal dose determined during a qualification phase that precedes the first treatment period and will be based upon the participant's usual lipase and lipid intake. Total dose will not exceed 10,000 Ph.Eur. units lipase/kg body weight/day in either first treatment period or second treatment period."
NCT03905642,DRUG,Arikayce™,Amikacin (aminoglycoside) in a liposomal formulation.
NCT03226795,OTHER,""" Information-Motivation-Behavioral skills "" intervention.","* ""information"" -\> Reminders of medication: mobile application
* ""Motivation"" -\> Coaching by patients: intervention or coaching by an expert patient, animation of a social network of patients
* ""Behavioral skills"" -\> Accompaniment by professionals: therapeutic education, assessment of membership during medical visits, prioritization of treatments"
NCT04594369,DRUG,Brensocatib 10 mg,Oral tablet.
NCT04594369,DRUG,Brensocatib 25 mg,Oral tablet.
NCT04594369,DRUG,Placebo,Brensocatib-matching oral tablet.
NCT02950883,DRUG,Active Treatment Group 7% Hypertonic Saline,"Drug: 7% Hypertonic Saline (HS) 4 mL of HS will be administered via inhalation twice daily for 48 weeks. The delivery system is a PARI Sprint Junior nebulizer with a PARI Baby face mask or mouthpiece driven by a PARI compressor (PARI Vios® Pro in USA, PARI BOY SX in Australia and Europe).

Other Names:

Hyper-Sal™, inhaled saline"
NCT02950883,DRUG,Control Group 0.9% Isotonic Saline,"Drug: 0.9% Isotonic Saline (IS) 4 mL of IS will be administered via inhalation twice daily for 48 weeks The delivery system is the same as that for the test product.

Other Names: Normal saline"
NCT02679729,DRUG,AZD5634 for inhalation,"Solution, citrate buffer, saline nebulizer solution; strength 0.1 - 5 mg/g; administered by jet nebulizer"
NCT02679729,DRUG,AZD5634 for infusion,"Solution, citrate buffer, saline solution for infusion; strength 0.013 mg/mL"
NCT02679729,OTHER,Placebo,inactive substance
NCT05531630,DEVICE,Nasal rinsing with saline 0.9%,"Nasal irrigations with saline (NaCl 0.9%) are considered golden standard in the treatment of chronic rhinosinusitis. Sachets consisting of mixtures for saline solutions, produced by DOS Medical®, consist of 1.875g sodium chloride and 0.625g sodium bicarbonate (figure 5). The content of the sachet has to be dissolved in 250mL heated water (lukewarm drinking water, max 37°C) in a NasoFree® nasal irrigator (Figure 4). Afterwards, the solution has to be mixed according to the instructions, the temperature has to be tested on the palm or forearm and afterwards, the product can be used. The patient will be asked to rinse their nose with the saline solution, once daily, for six weeks.

The sachet with rinsing salt is considered to be a class I medical device and has a CE-label (CNK number 3309028)."
NCT05531630,DEVICE,Nasal rinsing with Xylitol,"Xylitol is a sugar-alcohol that is already implemented in the treatment of patients with (difficult-to-treat) chronic rhinosinusitis. Some (pilot) studies have already showed a positive effect in CRS patients without cystic fibrosis. Xylitol nasal rinsing salt, produced by DOS Medical®, is a mixture of 4g Xylitol, 1.875g sodium chloride, 0.625g sodium bicarbonate and 0,03g mint (Figure 3). The content of the sachet has to be dissolved in 250mL heated water (lukewarm drinking water, max 37°C) in a NasoFree® nasal irrigator (Figure 4). Afterwards, the solution has to be mixed according to the instructions, the temperature has to be tested on the palm or forearm and afterwards, the product can be used. The patient will be asked to rinse their nose with the Xylitol solution, once daily, for six weeks.

The sachet with rinsing salt is considered to be a class I medical device, has a CE-label (CNK number 3309036) and is already commercially available in Belgium and The Netherlands."
NCT02888730,DRUG,Tobramycin nebulized nasally,"Two sonic nebulizations per day will be realized by patients: morning and evening during 15 days. There should be a maximum of 12 hours between the 2 doses but shall not be less than 6 hours. The dosage should not be adjusted to body weight. All patients will receive one ampoule of tobramycin twice a dayAmpoules of tobramycin are filled by 5 ml containing 300 mg of tobramycin and 11.25 mg of sodium chloride. Bulb should be employed in nebulizer and administered by the inhalation route approximately 15 minutes to complete.Antibiotic retained for the study, tobramycin is manufactured by the ""Pharmacie à Usage Interne"" of the Henri Mondor Hospital. The study's product will be prepared with Base Tobramycin and excipients in accordance with TOBI's composition."
NCT02888730,DRUG,Physiologic serum nebulized nasally,"Two sonic nebulizations per day will be realized by patients: morning and evening during 15 days. There should be a maximum of 12 hours between the 2 doses but shall not be less than 6 hours. The dosage should not be adjusted to body weight. All patients will receive one ampoule of placebo (Nacl 0.9%) twice a day.Ampoules of placebo are filled by 5 ml containing of sodium chloride. Bulb should be employed in nebulizer and administered by the inhalation route approximately 15 minutes to complete. Placebo for the study is manufactured by the ""Pharmacie à Usage Interne"" of the Henri Mondor Hospital. Patients in placebo arm will receive 5ml of sodium chloride with the same color (light yellow transparent) as tobramycin"
NCT07417267,DEVICE,Intervention configuration - air purifiers equipped with HEPA and three other filters for efficient particle filtration,"Following randomization, and depending on the surface of the residence, two portable air purifying devices (COWAY AP-1516D air purifier) will be placed in each participant's home. One device will be placed in the main living area and one in the bedroom. Depending on the allocated study leg, participants will have first devices with:

1\) Intervention configuration: HEPA filters combined with three additional filters for optimized removal of PM2.5, PM10, and airborne biological contaminants or Participants will be instructed to operate the devices continuously."
NCT07417267,DEVICE,Control configuration - air purifier configured to provide sham particle filtration,"Following randomization, and depending on the surface of the residence, two portable air purifying devices (COWAY AP-1516D air purifier) will be placed in each participant's home. One device will be placed in the main living area and one in the bedroom. Depending on the allocated study leg, participants will have first devices with:

2\) Sham configuration: Identical units with filters removed to provide sham particle filtration.

Participants will be instructed to operate the devices continuously"
NCT02847156,OTHER,Physical assessment,"1 year follow-up in CF infants with clinical, microbiological and therapeutic assessments"
NCT03650712,DIAGNOSTIC_TEST,Oral glucose tolerance test,"oral glucose solution is given by mouth, blood is drawn prior to the administration of the oral glucose beverage and then at timed intervals afterward. This is the standard test to diagnosis cystic fibrosis related diabetes mellitus. However, this study will have more time points than standard screening for cystic fibrosis related diabetes mellitus"
NCT03650712,DIAGNOSTIC_TEST,Continuous glucose monitoring,a device is placed on the subject's arm that continuously monitors subcutaneous glucose levels for up to 10 days
NCT03650712,DIAGNOSTIC_TEST,Dexa scan,low dose x-rays are used to measure the subject's bone density. This is the standard test to diagnose osteoporosis
NCT00103714,DRUG,denufosol tetrasodium (INS37217),
NCT01100606,DRUG,EUR-1008 (APT-1008),"EUR-1008 (APT-1008) (Zenpep® \[pancrelipase\] delayed release capsule) from open capsule, mixed with a small amount of apple juice, will be given orally daily using a syringe nurser at dose increments of 3,000 lipase units, for 10 days in either first treatment period or second treatment period. Total dose will not exceed 10,000 lipase units per kilogram (kg) of body weight per day."
NCT01100606,DRUG,EUR-1008 (APT-1008),"EUR-1008 (APT-1008) (Zenpep® \[pancrelipase\] delayed release capsule) from open capsule, mixed with a small amount of apple sauce, will be given orally daily using a spoon at dose increments of 3,000 lipase units, for 10 days in either first treatment period or second treatment period. Total dose will not exceed 10,000 lipase units per kg of body weight per day."
NCT00405665,DRUG,L-arginine,"Group 1 will receive the active treatment followed by the inactive treatment. The active treatment phase will consist of L-arginine 250 mg/ml dispensed in 2.2 ml vials, from which the patient will take 2ml (500mg) and dilute with 3ml of sterile water to give 5ml of a 100mg/ml solution. Dosing in the inactive treatment phase will consist of a placebo of similar osmolarity and appearance will be formulated and dosed in a similar fashion. It will consist of 2.2ml vials of 1110mmol/L hypertonic saline. Again, the patient will take 2ml and dilute with 3ml of sterile water to give a 445mmol/L solution which has similar tonicity (10%) to the L-arginine. Both treatment phases will be administered by inhalation with a PARI eFLOW device."
NCT00405665,DRUG,L-arginine,Group 2 will receive the inactive treatment followed by the active treatment.
NCT06242795,DRUG,7% Hypertonic Saline via nebulization,Twice a day treatment with nebulized 7% HS for 2 weeks as part of airway clearance
NCT05010577,DRUG,BX004-A,Combination of nebulized bacteriophages targeting Pseudomonas aeruginosa
NCT05010577,DRUG,Placebo,Nebulized placebo
NCT02010411,DRUG,Prolastin (drug),Outcomes compared to saline or no intervention in each subject.
NCT04215796,DEVICE,ReX-C system,CFTR modulators are dispensed to patients via ReX-C system
NCT02504827,DRUG,Ceftazidime/avibactam,Ceftazidime/avibactam 2.5gm iv q8h for 3 doses
NCT01883531,DRUG,Inhaled Mannitol,Active treatment is inhaled mannitol with a particle size of 3-4 microns
NCT01883531,DRUG,Inhaled Placebo,The PLacebo is non respirable mannitol due to the big size particle
NCT01594827,DRUG,Inhaled Vancomycin,"On Days 1-28, subjects will receive nebulized Vancomycin. This will be supplied as a 250 mg solution to be nebulized two times a day for 28 days in 5cc sterile water. Patients will use a Pari Sprint nebulizer and Pari Vios compressor as the delivery system."
NCT01594827,DRUG,Placebo (Sterile Water),"On Days 1-28, subjects will receive 5cc of a nebulized Placebo (Sterile water) twice a day. This is a taste (quinine 0.1mg/mL) matched nebulized placebo (sterile water). Patients will use a Pari Sprint nebulizer and Pari Vios compressor as the delivery system."
NCT01594827,DRUG,Rifampin,"Oral Rifampin by mouth for 28 days

1. \>45 kg: 600 mg by mouth daily
2. 35-45 kg : 450 mg by mouth daily
3. 25-34.9 kg: 300 mg by mouth daily"
NCT01594827,DRUG,Trimethoprim/Sulfamethoxazole (TMP/SMX),"Oral trimethoprim/sulfamethoxazole (DS-160/800)

1. \>45 kg: two DS tablets twice a day by mouth (320/1600)
2. 25-45 kg: one DS tablet twice a day by mouth (160/800)"
NCT01594827,DRUG,Doxycycline,"If sulfa intolerant or TMP/SMX Resistant, use instead oral doxycycline

1. \>45 kg: 100 mg by mouth twice a day
2. 35-45 kg : 75 mg by mouth twice a day iii. 25-34.9 kg: 50 mg by mouth twice a day"
NCT01594827,DRUG,Mupirocin Intranasal Creme,Mupirocin 2% intranasal creme: half of single use tube applied into each nostril twice a day for 5 days.
NCT01594827,DRUG,4% chlorhexidine gluconate liquid skin cleanser,"Hibiclens 15cc liquid skin cleanser packets (4% chlorhexidine gluconate): use three packets once weekly for four weeks in the shower from the neck to toes, with attention on the axilla, groin, and buttocks."
NCT04530383,DRUG,Metformin Hydrochloride,1000 mg twice daily
NCT04742270,DEVICE,SIMEOX+ respiratory physiotherapy telecare,"Every 10 days, the patient's expert physiotherapist will contact the patient by video-transmission or telephone call for motivational reinforcement and technical support in the use of the device.

During these phone calls, a quick 3-question questionnaire will be administered to the patient to monitor events of hemoptysis, chest pain and clinical symptoms of gastroesophageal reflux disease: pyrosis.If patients report this type of event, the physiotherapist will inform the patient's physician for management at his/her discretion.

The expert physiotherapist will also conduct this sessions in order to increase the patient's motivation and compliance to the device. In order to do this, he will identify (in collaboration with the patient), the patient's difficulties and obstacles and he will try to find solutions with him."
NCT01531673,DRUG,VX-661,
NCT01531673,DRUG,Ivacaftor,
NCT01531673,DRUG,Placebo matched to VX-661,
NCT01531673,DRUG,Placebo matched to ivacaftor,
NCT05850351,OTHER,Virtual reality,"Virtual reality is a simulated experience that creates a virtual environment to give the user the feeling of an immersive virtual world, using glasses and a handheld device that can track hand movements. Activities that will improve the functional and respiratory capacity of children with cystic fibrosis will be developed and integrated into the virtual reality game."
NCT05850351,OTHER,Online,Online exercises are physical activities that are performed via a video-conferencing tool. Children will be at their home environment and exercises which will improve their functional and respiratory capacity will be instructed and supervised by a physiotherapist.
NCT07436351,BEHAVIORAL,ACT with CF Self-Help Toolkit,"The ACT with CF Self-Help Toolkit will include 6 main modules, each with 3 or 4 kernels, which will be short videos, in which participants will learn new ways to manage uncomfortable experiences and feelings (e.g., anxiety, depression) and to engage in positive behaviors. These videos are based on the main interventions in our ACT with CF individual therapy protocol. For example, the first main module focuses on how the participant wants to live their life (Values Clarification Intervention), and the kernels in this module are 1-3 minute video clips demonstrating different ways to figure this out (Card Sort, 70th Birthday exercise, accessing barriers). This intervention is directly adapted from the ACT with CF manual, which has been studied previously in several forms and studies."
NCT07436351,OTHER,Waitlist,Participants in the waitlist condition will wait for six weeks before receiving the ACT with CF Self-Help Toolkit
NCT03587961,DRUG,Symdeko,explore the use of off-label CFTR modulators that may affect CFTR function in patients with CFTR mutations that are not currently approved for these drugs.
NCT00004441,DRUG,tauroursodeoxycholic acid,
NCT00004441,DRUG,ursodiol,
NCT02209571,OTHER,Venous blood markers,Routine venous blood sampling
NCT01605565,PROCEDURE,A nasal brushing,A nasal brushing in every nostril
NCT07027553,BEHAVIORAL,Mobile health exercise programme,8 week personalised exercise intervention. Delivered and monitored via mobile health technology
NCT07027553,OTHER,Lifestyle maintenance,Continue current lifestyle
NCT04058548,DIAGNOSTIC_TEST,Sit to stand test,Participants will complete a sit to stand test in addition to a 6 minute walk test
NCT02015663,DRUG,Tobramycin Inhalation Powder,"Tobramycin Inhalation Powder 112 mg (four 28-mg capsules) taken via inhaler once or twice a day, depending on study arm"
NCT01546779,DEVICE,Tri-Gym,"40 CF patients performed airway clearance using the VISex, by exhaling against chosen resistance being motivated by visual feedback of raising colored balls. The level of resistance was set to cause longest expiration/volume, until mucus was transported from the peripheral to the central airways, to be expectorated by the subsequent cough."
NCT03091062,DEVICE,Vest® Airway Clearance System,High frequency chest wall oscillation (HFCWO) therapy is commonly prescribed to provide routine airway clearance in patients with a need for regular airway clearance therapy. HFCWO generates high velocity expiratory airflow that is thought to mobilize secretions by the sheer force created.
NCT03091062,DEVICE,Monarch™ System,Generates airflow at frequencies similar to those provided by HFCWO and also provides direct percussive therapy.
NCT00157690,DRUG,Alendronate,70 mg 1x weekly for 12 months
NCT00157690,DRUG,Placebo,70 mg 1 x weekly for 12 months
NCT01783613,DIETARY_SUPPLEMENT,Docosahexaenoic acid administration: 50 mg/kg/day during 12 months,
NCT01783613,DIETARY_SUPPLEMENT,Placebo: 50 mg/kg/day during 12 months,
NCT07485543,DRUG,BMD003 (CFTR mRNA),"Nebulized inhalation of BMD003 (CFTR mRNA) lyophilized preparation. The drug is reconstituted with sterile water for injection to the required concentration before use. Participants receive weekly administration for 12 consecutive weeks. Prior to each administration, airway clearance therapy (e.g., active cycle of breathing technique) is performed as standard care, with short-acting bronchodilators permitted if clinically indicated."
NCT06963008,DRUG,inhaled BMD003(CFTR mRNA),"BMD003 is the world's first freeze-dried CFTR Mrna product (stored at 2-8 ℃), which is reconstituted with injection water before use, nebulized through a vibrating sieve atomizer, and inhaled into the lungs through the mouth and nose."
NCT02324868,DEVICE,Shower patch IV catheter protection,Shower patch will be available for the patient for bathing activities
NCT02324868,DEVICE,Conventional IV catheter protection,No Shower patch will be provided during study period
NCT00609050,BEHAVIORAL,Self-Regulated Exercise with Telephone Reinforcement,"The self-regulated exercise with telephone reinforcement group will engage in a three-times-a-week (or more) at home exercise regimen for 6 months during which they may choose the mode of exercise. They will receive weekly telephone calls about exercise and airway clearance. After 6 months, they will be instructed to maintain their self-regulated exercise activity for the remaining 6 months of the study, but they will not receive telephone calls"
NCT00609050,BEHAVIORAL,Standard Treatment,"The attention control group will receive standard recommendations for exercise activity, during the first 6 months, as is common in our clinic. Also during the first 6 months, they will receive weekly telephone calls about airway clearance. For the final 6 months of the study, the attention control group will cross over to self-regulated exercise without telephone reinforcement."
NCT00609050,BEHAVIORAL,Qualitative Approach,"A qualitative naturalistic approach is nested within the primary experimental framework to explore the experiences of the children and parents, in both groups, with the exercise regimen."
NCT00056147,DRUG,denufosol tetrasodium (INS37217),
NCT03069625,BEHAVIORAL,Sit-to-stand test,"CF young patients will perform 2 STS tests. Number of repetitions, cardio-respiratory response and physiological adaptations during the second test will be monitored."
NCT03069625,BEHAVIORAL,6-Minute Walk Test,"CF young patients will perform 2 6MWT tests. Number of repetitions, cardio-respiratory response and physiological adaptations during the second test will be monitored."
NCT00572975,OTHER,Pentadecanoic acid (PA) and Triheptadecanoin (THA),"Two fats (Pentadecanoic acid and Triheptadecanoin) are administered in a breakfast shake for the purposes of determining malabsorption.

in breakfast shake x1"
NCT03460990,DRUG,VX-659/TEZ/IVA,Participants received VX-659/TEZ/IVA orally once daily in the morning.
NCT03460990,DRUG,TEZ/IVA,Participants received TEZ/IVA orally once daily in the morning.
NCT03460990,DRUG,IVA,Participants received IVA orally once daily in the evening.
NCT03460990,DRUG,Placebo,Participants received placebo matched TEZ/IVA orally once daily in the morning.
NCT03460990,DRUG,Placebo,Participants received placebo matched to VX-659/TEZ/IVA orally once daily in the morning.
NCT02605590,DRUG,AIR DNase,
NCT02605590,DRUG,Placebo,
NCT02453789,DRUG,Alginate oligosaccharide,Inhalation of dry powder for inhalation (DPI)
NCT02453789,DRUG,Placebo,
NCT06981091,OTHER,XH-S004 20 mg,Administered once per day for 24 weeks.
NCT06981091,OTHER,XH-S004 40 mg,Administered once per day for 24 weeks.
NCT06981091,OTHER,Placebo,Administered once per day for 24 weeks.
NCT05153317,DRUG,ELX/TEZ/IVA,Fixed-dose combination granules or tablets for oral administration.
NCT05153317,DRUG,IVA,Granules or tablets for oral administration.
NCT02342951,OTHER,Lung clearance index determination,Lung clearance index determination
NCT03746483,DRUG,MS1819,"MS1819, an oral, non-systemic, that is non-enterically-coated. It is a yeast-derived (non-porcine) lipase pancreatic enzyme replacement."
NCT03746483,DRUG,Porcine PERT,Porcine PERT is being used as a comparator to MS1819 as a second drug/intervention
NCT02712983,DRUG,TIP,TIP dose regimen
NCT02712983,DRUG,TIP and placebo,TIP and inhaled placebo dose regimen
NCT02712983,DRUG,Placebo,Inhaled placebo dose regimen
NCT01321905,DIETARY_SUPPLEMENT,Supplementation with vitamin D2/D3,"Patients younger than 16 years of age are administered 35,000 IU ergo-/chole-calciferol per week divided into doses 5000 IU per day as a starting dose that is further adjusted by serum 25-hydroxy vitamin D concentration monitoring. The intervention time is 3 months, followed by 2-months wash-out period when patients do not take any more extra vitamin D but they are still monitored.

Patients 16 or more years of age are administered 50,000 IU ergo-/chole-calciferol per week divided into doses 7150 IU per day as a starting dose that is further adjusted by serum 25-hydroxy vitamin D concentration monitoring."
NCT01060566,DRUG,VX-770,"In period 1, subjects will receive a single oral dose of midazolam (2 mg) and on Day 1 and Day 8. Subjects will receive single oral dose of rosiglitazone 4 mg and on Day2 and Day 9. Subjects will receive multiple doses of VX-770 150 mg q12h Day 3-10."
NCT01060566,DRUG,VX-770,"In period 2, subjects will receive 150 mg VX-770 q12h orally from Day 1 through the morning of Day 8. On the morning of Period 2 Day 1, subjects will receive a 400 mg loading dose of fluconazole. Thereafter, subjects will receive 200 mg fluconazole qd orally from Day 2 through Day 9."
NCT00846781,DRUG,Denufosol tetrasodium Inhalation Solution,60 mg by oral inhalation three times daily
NCT03150719,DRUG,Tezacaftor/Ivacaftor,TEZ 100 mg/IVA 150 mg fixed-dose combination tablet.
NCT03150719,DRUG,Ivacaftor,IVA 150 mg tablet.
NCT03150719,DRUG,Placebo,Placebo matched to TEZ/IVA fixed-dose combination tablet.
NCT03150719,DRUG,Placebo,Placebo matched to IVA tablet.
NCT02508207,DRUG,Tezacaftor/Ivacaftor,Tezacaftor/Ivacaftor FDC
NCT02508207,DRUG,Ivacaftor,
NCT02508207,DRUG,Tezacaftor/Ivacaftor matching placebo,
NCT02508207,DRUG,Ivacaftor matching placebo,
NCT02690519,DRUG,GLPG1837 dose 1,"one GLPG1837 tablet in the morning and one GLPG1837 tablet in the evening, for 2 weeks"
NCT02690519,DRUG,GLPG1837 dose 2,"one GLPG1837 tablet in the morning and one GLPG1837 tablet in the evening, for 2 weeks"
NCT01744561,BEHAVIORAL,Exercise Intervention,Add three hours of intense physical activities per week to baseline activities. Weekly exercise should include at least 30 minutes of strength building activities and at least two hours of aerobic activities. Exercise bouts lasting 20 min or longer will be counted with respect to total weekly training time.
NCT02802839,DEVICE,Virtual Reality,
NCT03304028,DEVICE,Connected Devices for 3 months,"Inclusion will be proposed at a follow-up visit by the child's or adult's referring doctor. A written informed consent form will be obtained. Quality of Life and Anxiety-Depression will be collected. Then, each included patient will be equipped with CDs-spirometer, oxymeter, scale and watch during 3 months for base-line."
NCT03304028,BEHAVIORAL,Educationnal Intervention,"After a first statistical analysis and interpretation (5 months), alert parameters for each patient are then fixed. An educational visit will be scheduled with patients and a personnalized action plan will be defined.."
NCT03304028,DEVICE,Connected Devices for 12 months,"Each included patient will be re-equipped with CDs-spirometer, oxymeter, scale and watch during 12 months. If alerts occur, patients will be informed by email or SMS, with data transmission to the medical team who will not interfere. Patients should apply the shared action plan they learned. Quality of Life and Anxiety-Depression will be collected."
NCT03304028,OTHER,Interviews,"At the end, semi-structured interviews will be completed to explore confidence on the CDs, impact on the doctor-patient relationship, change in the workload of medical team…etc."
NCT03304028,BEHAVIORAL,Refusal Questionnaires,Clinic staff will email all patients or parents (pediatric settings) to introduce the study. A qualitative interview with 10 patients who declined to participate in the study will be conducted to identify the reason of refusal
NCT01225211,DRUG,Lumacaftor,Tablet
NCT01225211,DRUG,Ivacaftor,Tablet.
NCT01225211,DRUG,Lumacaftor Placebo,Matching placebo tablet.
NCT01225211,DRUG,Ivacaftor Placebo,Matching placebo tablet.
NCT01131507,DRUG,EUR-1008 (APT-1008),"EUR-1008 (APT-1008) (Zenpep® \[pancrelipase\] 3,000 lipase units delayed release capsules) from open capsules mixed with a small amount of apple juice or apple sauce will be administered orally starting at the same dose as administered at the end of study PR-011 (NCT01100606), with dose increments of 3,000 lipase units. The dose will be adjusted based on participants' age and body weight. Total dose will not exceed 10,000 lipase units per kilogram (kg) of body weight per day unless clinically indicated. Total duration of study treatment will be up to 12 months."
NCT03061331,DRUG,LUM/IVA,LUM 400 mg/IVA 250 mg every 12 hours (q12h)
NCT03061331,DRUG,Placebo,No Active Drug
NCT00789867,DRUG,pGM169/GL67A,Received a nebulized dose via an breath-actuated nebulizer
NCT03653949,OTHER,Educational intervention,"It will be an interactive lecture, 60 minutes long. The class will cover physiopathology, complications, treatment and prevention of exacerbations. Audiovisual resources and practical demonstrations of usual care will be used. Individual questions will be answered during the class."
NCT03653949,OTHER,Aerobic exercise,"The aerobic exercise program will be performed at home, on a cycle ergometer for lower limbs between 24 and 35 minutes: 5 minutes of warm-up, 14 to 25 minutes of high-intensity interval exercise and 5 minutes of cool down."
NCT01983774,DRUG,Esomeprazole,
NCT01983774,DRUG,Placebo,Sugar pill
NCT04095078,DEVICE,SIMEOX,"Use without obligation, in autonomous and at home of the bronchial clearance device: SIMEOX"
NCT03551691,DRUG,Omeprazole 20mg Capsule,Omeprazole 20mg daily for 28 days
NCT03551691,DRUG,Placebo oral capsule,Identically-appearing capsule to omeprazole for 28 days
NCT00163852,DRUG,"Normal saline IV, salt tablets",
NCT02343445,DRUG,P-1037,P-1037 is a novel ENaC inhibitor
NCT02343445,DRUG,Hypertonic Saline,4.2% saline solution
NCT02343445,DRUG,Saline,0.17% saline solution
NCT05331183,DRUG,ELX/TEZ/IVA,Fixed-dose combination (FDC) tablets for oral administration.
NCT05331183,DRUG,IVA,Tablets for oral administration.
NCT01667094,DRUG,"Intermittent, short infusion Ceftazidime",Ceftazidime 1g q8/24
NCT01667094,DRUG,Continuous infusion Ceftazidime,Ceftazidime loading dose 1g infused over 30mins then 3g infused over 12h q12/24
NCT01667094,DRUG,"Intermittent, short infusion Meropenem","Meropenem 1g q8/24, infusion over 30 minutes"
NCT01667094,DRUG,Continuous infusion Meropenem,"Meropenem initial loading dose of 500mg infused over 30 minutes followed by 1.5g infused over 12/24, q12/24"
NCT01667094,DRUG,"Intermittent, short infusion Ticarcillin-clavulanate",Ticarcillin/clavulanate 3.1g q6/24
NCT01667094,DRUG,Continuous infusion Ticarcillin-clavulanate,Ticarcillin-clavulanate loading dose 1.55g followed by 12.4g infused over 24/24 q24/24
NCT01667094,DRUG,"Intermittent, short infusion Cefepime",Cefepime 1g q8/24
NCT01667094,DRUG,Continuous infusion Cefepime,"Cefepime loading dose 500mg followed by 1.5g infused over 12/24, q12/24"
NCT01667094,DRUG,Continuous infusion Piperacillin tazobactam,"Piperacillin tazobactam loading dose of 4.5g infused over 30 minutes followed by 18g infused over 24/24, q24/24"
NCT01667094,DRUG,"Intermittent, short infusion Piperacillin tazobactam",Piperacillin tazobactam 4.5g q6/24
NCT01879228,DRUG,Sitagliptin,"The GPA test as described in the primary outcome section will be performed at baseline and after 6 months of therapy in the Sitagliptin and placebo arms. Furthermore, evaluation of endogenous GLP-1 levels will be assessed by a mixed meal tolerance test compared at baseline and 6 months."
NCT01879228,DRUG,Placebo,"The GPA test as described in the primary outcome section will be performed at baseline and after 6 months of therapy in the Sitagliptin and placebo arms. Furthermore, evaluation of endogenous GLP-1 levels will be assessed by a mixed meal tolerance test compared at baseline and 6 months."
NCT05865886,DRUG,BI 1291583,Once daily oral administration of 5 milligram (mg) tablets of BI 1291583 for 12 weeks.
NCT05865886,DRUG,Placebo to BI 1291583,Once daily oral administration of tablets of placebo matching BI 1291583 for 12 weeks.
NCT01694069,DRUG,Piperacillin-tazobactam combination product,400 mg/kg/day as either intermittent or continuous infusion
NCT06449677,DEVICE,iLet Bionic Pancreas System (BP),"The iLet Bionic Pancreas System (BP) consists of an integrated infusion pump, touchscreen display, Bluetooth radio, and insulin dosing algorithms, that automatically controls insulin delivery based on glucose values obtained by communicating with a CGM sensor."
NCT06449677,DEVICE,Usual Care (UC),Usual Care consists in the participant existing insulin therapy (prior to enrollment) in conjunction with a study CGM. Existing insulin therapies are defined as multiple daily injections of insulin (MDI) or use of an insulin pump.
NCT00625612,DRUG,Denufosol Tetrasodium (INS37217) Inhalation Solution,"Drug: Denufosol Tetrasodium (INS37217) Inhalation Solution, Denufosol 60 mg is administered as an inhalation solution, three times daily for twelve months."
NCT00625612,DRUG,Placebo,"Placebo - 0.9% w/v sodium chloride solution, three times daily for twelve months."
NCT05788965,DRUG,Semaglutide,glucagon-like peptide 1 (GLP-1) receptor agonist
NCT03261219,DEVICE,Intrapulmonary Percussive ventilation,mode of airway clearance using mouthpiece and alternating air currents applied directly to the airway
NCT03261219,DEVICE,Chest Physiotherapy Vest (Incourage),mode of airway clearance using external vibratory vest
NCT00251056,DRUG,mannitol,120mg BD
NCT00251056,DRUG,mannitol,40 mg BD
NCT00251056,DRUG,mannitol,240mg BD
NCT00251056,DRUG,mannitol,400mg BD
NCT00918957,DRUG,Tobramycin Inhalation Powder,Tobramycin Inhalation Powder as produced by a modified manufacturing process TIP. TIP was provided in hard capsules each containing 28 mg active ingredient (tobramycin); Capsules were packaged in blister cards and administered by the T-326 Inhaler.
NCT00918957,DRUG,Placebo,"Placebo inhalation powder consisting of the excipients used for TIP. Placebo was provided in hard capsules, containing 20 mg placebo powder, which were packaged in blister cards, matching in appearance to TIP. Capsules were administered by the T-326 Inhaler."
NCT03066453,DRUG,Tobi Inhalant Product,inhaled tobramycin 300 mg twice per day
NCT03066453,DRUG,Nebcin,10 to 12 mg/kg/day in 1 injection for adults and 10 to 15 mg/kg in 1 pediatric injection (combined with another IV antibiotic)
NCT00630812,DRUG,inhaled mannitol,400 mg BD for 26 + 26 weeks
NCT00630812,DRUG,Placebo comparator,BD for 26 weeks followed by 26 weeks of inhaled mannitol in the open label phase
NCT01059565,DRUG,AZLI,"Aztreonam for inhalation solution (AZLI; 75 mg aztreonam/52.5 mg lysine monohydrate) was administered three times a day, with at least 4 hours between doses, using the investigational nebulizer."
NCT01059565,DRUG,Placebo,"Placebo to match AZLI (lactose and sodium chloride) was administered three times a day, with at least 4 hours between doses, using the investigational nebulizer."
NCT00981214,DRUG,EUR-1008 (APT-1008),"EUR-1008 (APT-1008) Microtabs contained in a capsule will be administered orally from Day 5 to Day 11 at an enzyme dose based on investigator's discretion, in dose stabilization period or the content of the capsule will be allowed to sprinkle on food, where necessary, followed by stabilized dose from Day 12 to Day 18 in treatment period, up to a maximum total dose of 10,000 lipase units per kilogram body weight per day (unit/kg/day)."
NCT02547116,DRUG,Rifampin,Addition of Rifampin to standard anti-Staphylococcal treatment regimen
NCT01194232,DRUG,Sildenafil,8 week course of Sildenafil administered at a dose of 1 mg / Kg three times a day with a maximum dose of 20 mg per dose.
NCT02139306,DRUG,Ataluren (PTC124®),Oral Ataluren TID
NCT02139306,DRUG,Placebo,Oral Placebo TID
NCT02295566,DRUG,Nitric Oxide,Not required
NCT02295566,DRUG,Control,Not required
NCT00006280,DRUG,Tobramycin for Inhalation,
NCT00391703,BEHAVIORAL,Electrostimulation programme: using a cycloergometer,"Quadriceps electrostimulation programme performed prior to an endurance retraining program using a cycloergometer, for 6 weeks, 60 to 90 minutes by session, 5 to 6 sessions per week"
NCT00391703,BEHAVIORAL,Usual sport activity,Usual sport activity performed prior to an endurance retraining program using a cycloergometer
NCT00483769,DRUG,Glargine,
NCT04210427,DRUG,Polyethylene Glycol 3350,All patients will undergo intervention with taking polyethylene glycol (PEG) or Miralax (brand name) 17 grams once daily for total of 2 weeks.
NCT04210427,DEVICE,SmartPill Motility System & PillCam Patency Capsule,"Patients will ingest a Smart pill to obtain baseline motility within the GI lumen. After two weeks of therapy, the patient will repeat the motility survey and again ingest a smart pill to assess the change in motility symptoms while on therapy."
NCT03462056,DIETARY_SUPPLEMENT,Cystic Fibrosis Ready to Use Supplemental Food,Specially formulated for use by children with Cystic Fibrosis
NCT01180842,OTHER,Yoga treatment program,yoga program designed specifically for the patient with CF
NCT03045523,DRUG,GLPG2222 150 mg q.d.,"GLPG2222 150 mg administered as a ready-to-use oral suspension, once daily (q.d.) for 29 days"
NCT03045523,DRUG,GLPG2222 300 mg q.d.,"GLPG2222 300 mg administered as a ready-to-use oral suspension, once daily (q.d.) for 29 days"
NCT03045523,DRUG,Placebo,"Placebo administered as a ready-to-use oral suspension, once daily (q.d.) for 29 days"
NCT01241942,DEVICE,Steen Solution™,"This solution is a buffered dextran and albumin-containing extracellular perfusate with an optimal colloid osmotic pressure developed specifically for extra-corporeal perfusion of lungs. After EVLP, lungs will be cooled in the circuit to room temperature, then flushed with cold Perfadex™ and taken to UNC Hospitals (UNCH) where they will have an ex-vivo CT scan. Lungs determined suitable will be offered to consented patients at UNCH based on Lung Allocation Score. Lungs not considered for transplantation may be subjected to different experiments but are not to be a part of this research study. In summary, lungs with good and stable function during EVLP with Steen Solution™ will be transplanted into recipients as per current clinical practice."
NCT01241942,OTHER,Conventional Lung Transplant,No experimental procedures will be carried out. Lungs from conventional brain-dead organ donors will be used for transplant.
NCT04375878,DRUG,MS1819,MS1819 in enteric capsules. It contains is a yeast-derived (non-porcine) lipase pancreatic enzyme replacement.
NCT04375878,DRUG,Porcine PERT,Porcine PERT is being used a comparator to MS1819 as a second drug/intervention.
NCT00945347,DRUG,Miglustat,Nasal instillation of miglustat
NCT00945347,DRUG,Placebo,Nasal instillation of placebo matching in appearance with the Miglustat instillation
NCT00590538,DRUG,Sodium 4-Phenylbutyrate,The standard oral adult dose is 20 g/day (tablets) for 4 days.
NCT00590538,DRUG,Genistein (Unconjugated Isoflavones 100),Every participant will be administered a perfusion of 50 MicroM of Genistein (Unconjugated Isoflavones 100) during the modified NPD procedure.
NCT00590538,DRUG,Placebo,The placebo is given to match the active comparator for four days.
NCT00287443,PROCEDURE,Oral Glucose tolerance test,
NCT00287443,PROCEDURE,Whole body protein turnover,
NCT00287443,PROCEDURE,IV glucose tolerance test,
NCT00287443,PROCEDURE,Indirect Calorimetry,
NCT00287443,PROCEDURE,Dual Energy X-ray Absorptiometry (DEXA),
NCT00287443,PROCEDURE,Growth Hormone Stimulation Test,
NCT01897233,DRUG,Lumacaftor,
NCT01897233,DRUG,Ivacaftor,
NCT00591864,DEVICE,Molecular Breast Imaging,Molecular breast Imaging is a new nuclear medicine technique for imaging the breast. It uses small filed of view semiconductor-based gamma cameras that use Cadmium Zinc Telluride detectors. These have superior spatial and energy resolution to conventional sodium iodide detectors.
NCT02531984,DRUG,Azithromycin,
NCT05239611,DIAGNOSTIC_TEST,Xenon MRI,"Study participants will be randomized to a 12 week exercise intervention versus usual care. Participants will have Xenon MRI at study start and completion to evaluate impact of exercise on lung function. The exercise intervention for all participants will be delivered by two pulmonary rehabilitation coaches (PR-coach) including a registered respiratory therapist and clinical registered dietitian who've been trained in exercise training as recommended by the AACVPR and American College of Sports Medicine (ACSM). Each TR participant will be assigned a PR-coach, and receive one weekly exercise consulting session during the 12-week intervention."
NCT03447249,DRUG,VX-659/TEZ/IVA,Participants received VX-659/TEZ/IVA orally once daily in the morning.
NCT03447249,DRUG,IVA,Participants received IVA orally once daily in the evening.
NCT03447249,DRUG,Placebo,Participants received placebo matched VX-659/TEZ/IVA orally once daily in the morning and placebo matched to IVA orally once daily in the evening.
NCT05818319,OTHER,12 hours ETI pause,Patients with CF are randomly allocated to ETI pause lasting 12 hours.
NCT05818319,OTHER,36 hours ETI pause,Patients with CF are randomly allocated to ETI pause lasting either 36 hours.
NCT05818319,OTHER,60 hours ETI pause,Patients with CF are randomly allocated to ETI pause lasting either 60 hours.
NCT04921332,DEVICE,Bright Light Therapy (BLT) Lamp,"With its built in automatic timer shut-off function, the bedside registered nurse (RN) would not need to return to the room to turn off this lamp after 30 minutes because the lamp will automatically shut off on its own."
NCT01686672,BEHAVIORAL,Web Intervention,Behavioral
NCT01614457,DRUG,Ivacaftor,Ivacaftor 150 milligram (mg) tablet orally twice daily for 24 weeks.
NCT01614457,DRUG,Placebo,Placebo matched to Ivacaftor tablet orally twice daily for 24 weeks.
NCT04987567,DIETARY_SUPPLEMENT,ANTIOXIDANT DHA TRIGLYCERIDE (TRIDOCOSAHEXAENOINE-AOX®),Pearls of DHA (BrudyNen)
NCT04987567,DIETARY_SUPPLEMENT,PLACEBO (OLIVE OIL),Pearls manufactured to mimic DHA (BrudyNen).
NCT05968612,DRUG,Lumacaftor 200 mg/Ivacaftor 125 mg Film-Coated Tablet,Film-coated tablet administered orally.
NCT05968612,DRUG,Lumacaftor 200 mg Film-Coated Tablet Formulation,Film-coated tablet administered orally.
NCT00803205,DRUG,Ataluren,Ataluren will be provided as a vanilla-flavored powder to be mixed with water.
NCT00803205,DRUG,Placebo,Placebo matching to ataluren will be provided.
NCT03894657,DIAGNOSTIC_TEST,Nasal brushing,Nasal scrapping at visit V0
NCT03894657,OTHER,Sputum sample,"Visit V0 : 1 Aliquot for Sputum biobank

Visit V1 : 2 Aliquots

* for Sputum biobank
* for pharmacokinetic (PK) study

Visit V2 : 2 Aliquots

* for Sputum biobank
* for pharmacokinetic (PK) study"
NCT03894657,OTHER,blood sample,"Visit V0 : Additional 14 mL

* 5 mL in ethylenediaminetetraacetic acid (EDTA) tube for DNA Analysis
* 3 mL in Dry tube for Serum biobank
* 6 mL in acid citrate dextrose (ACD) tube for peripheral blood mononuclear cell (PBMC) biobank

Visit V1 : Additional 9 mL

* 2x3 mL in dry tube for pharmacokinetic (PK) study
* 3 mL in Dry tube for Serum biobank

Visit V2 : Additional 6 mL

* 3 mL in dry tube for pharmacokinetic (PK) study
* 3 mL in Dry tube for Serum biobank"
NCT03894657,DRUG,Orkambi,"Study the predictive value for improvement of the respiratory function after 24 weeks of Orkambi treatment.

Orkambi treatment is part of usual care."
NCT02677701,DRUG,azithromycin,500mg tablet over-encapsulated to match placebo
NCT02677701,DRUG,placebo (for azithromycin),
NCT02677701,DRUG,inhaled tobramycin,clinically prescribed inhaled tobramycin used by subjects participating in the study
NCT06995651,DRUG,Dorzagliatin,"Randomized, double-blind, cross-over study of Dorzagliatin 50 mg orally twice daily for 7 days compared to matched-placebo orally twice daily for 7 days."
NCT06995651,DRUG,Placebo,"Randomized, double-blind, cross-over study of Dorzagliatin 50 mg orally twice daily for 7 days compared to matched-placebo orally twice daily for 7 days."
NCT07780344,DRUG,Linaclotide 290 micrograms,linaclotide
NCT07780344,DRUG,Placebo,lactose 20mg
NCT02279498,DRUG,Liprotamase,"oral, soluble, non-enterically coated, non-porcine, pancreatic enzyme replacement"
NCT02279498,DRUG,porcine (pig) PERT,"oral, enterically-coated, pancreatic replacement enzymes prepared from a porcine source"
NCT02589236,DRUG,Cavosonstat,GSNOR inhibitor
NCT02589236,DRUG,Placebo,Control sample with only capsule excipients and fillers
NCT00095732,DRUG,Liprotamase,"Administered orally as either Size 2 capsules (20,000 Units lipase; 20,000 Units protease; and 3,000 Units amylase) or Size 5 capsules (5,000 Units lipase; 5,000 Units protease; and 750 Units amylase)"
NCT00095732,DRUG,Placebo,Administered orally in either Size 2 or Size 5 capsules
NCT03100214,OTHER,Exercise,"Patients randomized to the intervention group, in addition to routine physical therapy follow-up, will receive an early rehabilitation program, which will begin within the first 48 hours after admission. The patient will perform physical training (aerobic and anaerobic) 5 times a week during the hospitalization period, with sessions about an hour. The professional who supervises the training will be blinded to the results of the measurements."
NCT03100214,OTHER,Control,Patients randomized to the control group will continue to receive the physiotherapeutic follow-up performed by the physiotherapist of the Program for Adults with CF during the hospitalization period. Supervision includes respiratory physiotherapy involving inhalation therapy and techniques for removal of secretions
NCT02748798,DRUG,HP 3He,3He will be hyperpolarized using a custom-built polarizer to enhance its MRI signal. Hyperpolarization does not change the chemical or physical properties of helium gas.
NCT02748798,DRUG,HP 129Xe,129Xe will be hyperpolarized using a Xemed polarizer to enhance its MRI signal. Hyperpolarization does not change the chemical or physical properties of xenon gas.
NCT02748798,DRUG,PFP,Perfluoropropane (PFP) will be premixed and delivered to the participants with no further processing.
NCT02748798,DRUG,SF6,Sulfur hexafluoride (SF6) will be premixed and delivered to the participant with no further processing.
NCT02748798,DEVICE,129Xe Small and Large Human Lung Coil,The investigational 129Xe small and large quadrature lung coils are sensitive to 129Xe resonant frequencies and therefore will be paired with the investigational drug 129Xe. The size of the coil used will depend on the participants' body size.
NCT02748798,DEVICE,3He Human Lung Coil,The investigational 3He quadrature lung coil is sensitive to 3He resonant frequencies and therefore will be paired with the investigational drug 3He.
NCT02748798,DEVICE,PFP and SF6 Human Lung Coil,The investigational PFP and SF6 quadrature lung coil is sensitive to inert fluorinated gas resonant frequencies and therefore will be paired with both PFP and SF6.
NCT02730793,DRUG,Oral Aztreonam,Standard Therapy Comparator (Oral Cayston 75mg three times a day)
NCT02730793,DRUG,Nasal Aztreonam,Study Therapy (nasal Aztreonam 75mg twice per day)
NCT02730793,DRUG,Nasal Placebo,Placebo (nasal saline twice per day)
NCT03172793,DRUG,Telavancin Injection,"Receive 3 doses of telavancin as described in arm/groups, followed by collection of blood for pharmacokinetic analyses."
NCT04126473,DRUG,ELX-02,"ELX-02 is a small molecule, new chemical entity being developed for the treatment of genetic diseases caused by nonsense mutations. ELX-02 is a eukaryotic ribosomal selective glycoside (ERSG)."
NCT04126473,DRUG,Ivacaftor,CFTR potentiator
NCT02994017,OTHER,cardiopulmonary exercise testing,"The Cardiopulmonary exercise testing (CPET) was performed at the beginning of the study, the same at each center. Each patient underwent a symptom-limited incremental exercise test on an ergometric bicycle (Ergoline-Ergometrics 800®). The protocol included a warm-up period of 3 min at 20 W followed by a progressively increasing work rate (WR) in a ramp fashion and then 3 min recovery. The ramped WR increment was individualized (range,8-30 W/min). during exercise, heart rate (HR) was monitored continuously by 12-lead ECG, and arterial oxygen saturation (SpO2) was measured by pulse oximetry (Nellcor N-395). The expired gases were analyzed with an Ergocard®, focusing on oxygen consumption(VO2), carbon dioxide production (VCO2), minute ventilation (VE), and tidal volume (VT)."
NCT03525548,DRUG,VX-445/TEZ/IVA,Participants received VX-445/TEZ/IVA orally once daily in the morning.
NCT03525548,DRUG,TEZ/IVA,Participants received TEZ/IVA orally once daily in the morning.
NCT03525548,DRUG,IVA,Participants received IVA orally once daily in the evening.
NCT03525548,DRUG,Placebo,Participants received placebo matched to VX-445/TEZ/IVA orally once daily in the morning.
NCT03525548,DRUG,Placebo,Participants received placebo matched TEZ/IVA orally once daily in the morning.
NCT04133246,BEHAVIORAL,Focus group,Groups of 6 to 10 patients and spouses led by the psychologist about their parenthood lasting 2 hours
NCT04133246,BEHAVIORAL,Individual interview,Interview led by the psychologist about the patient's parenthood
NCT00846573,DRUG,Hyperpolarized Helium-3,Patients will be required to breath in individual 1 liter bags of gas while in an MRI to produce lung images. These bags of gas are each made up of 333mL of Helium-3 gas and 667mL of Nitrogen. Three bags will be administered to acquire three different scans.
NCT02514473,DRUG,VX-809,
NCT02514473,DRUG,Placebo,
NCT02514473,DRUG,VX-770,
NCT06909903,PROCEDURE,Autogenous drainage of sputum caused by hypertonic saline in adolescents with cystic fibrosis.,"The procedure will be performed at the same session as follows :

* 30 minutes of autogenous drainage, followed by collection of secretions.
* 10 minutes of HSS followed by 30 minutes of autogenous drainage before secretions are collected.

The intervention first step involves verifying patient tolerance to Hypertonic saline solution nebulization (Auscultation, peak flow, saturtion levels), followed by the inhalation of 2 puffs of Ventolin® to prevent bronchospasm. Ten minutes later, the patient undergoes a 10-minute nebulization of 4 mL SSH 6% carried out according to the HAS recommendations.

The patient tolerance to SSH is reassessed. If there are no adverse reactions, the patient continues the protocol. If issues like wheezing, a ≥5% drop in SpO2, or a ≥20% drop in Peak Flow occur, 4 more puffs of Ventolin® are given, and the patient is reassessed.If still intolerant, the patient exits the study.

The session ends with physiotherapy (autogenous drainage) to aid mucus clearance."
NCT02398383,OTHER,Oral Glucose Tolerance Test,"Subjects will be instructed to fast after midnight the night prior to the study. Subjects will be admitted to the research unit on the morning of the test for placement of blood-drawing IV for frequent sampling. Patients will drink 1.75 gm/kg glucose (Glucola) to a maximum of 75 gm. Venous samples for glucose and c-peptide will be drawn from the IV at 0, 30, 60, 90 and 120 minutes. Subjects will be instructed to eat at least 75 gm carbohydrates daily in the week prior to this test."
NCT02398383,OTHER,Mixed Meal Tolerance Test,"Subjects will be instructed to fast after midnight the night prior to the study. Subjects will be admitted to the research unit on the morning of the test for placement of blood-drawing IV for frequent sampling. Subjects will consume 6 kcal/kg (6 ml/kg) Boost High Protein Nutritional Energy Drink (Mead-Johnson) over five minutes to a maximum of 360 ml. Venous samples for glucose, glucagon, GLP-1, GIP, and c-peptide will be drawn at -10, 0, 15, 30, 60, 90, 120, 150, 180, 210, and 240 minutes."
NCT02398383,OTHER,Hypoglycemic Clamp,All subjects with CF and adult (but not pediatric) controls will undergo one-step hypoglycemic clamp. Subjects will be instructed to fast after midnight the night prior to the study. Subjects will be admitted to the research unit on the morning of the test for placement of blood-drawing IV for frequent sampling and a second IV for infusion of insulin and dextrose.
NCT03534986,DEVICE,International Biophysics AffloVest,High-frequency chest wall oscillation vest
NCT03534986,DEVICE,Hill-Rom The Vest,High-frequency chest wall oscillation vest
NCT03534986,DEVICE,Respirtech inCourage,High-frequency chest wall oscillation vest
NCT03534986,DEVICE,Electromed SmartVest,High-frequency chest wall oscillation vest
NCT01325766,OTHER,Yoga,Yoga 2 sessions per week for 8 weeks
NCT03125395,DRUG,LUM/IVA,Participants received LUM/IVA every q12h.
NCT02992080,OTHER,miRNAs isolation from blood samples of patients and control,Blood sample collection in specific PAXGene tubes
NCT00794586,DRUG,"FTI, AZLI",Evaluation of 2 dosage combinations of fosfomycin and tobramycin inhaled twice daily for 28 days following 28 days of inhaled AZLI (Aztreonam Lysine for Inhalation)
NCT00794586,DRUG,"Placebo, AZLI",Volume-matched placebo inhaled twice daily for 28 days following 28 days of AZLI (Aztreonam Lysine for Inhalation).
NCT03540524,DRUG,GLPG2451 dose regimen A,"GLPG2451 oral suspension, daily."
NCT03540524,DRUG,GLPG2451 dose regimen B,"GLPG2451 oral suspension, daily."
NCT03540524,DRUG,GLPG2222,"GLPG2222 tablet for oral use, daily."
NCT03540524,DRUG,GLPG2737,"GLPG2737 capsules for oral use, daily."
NCT00934362,DRUG,Lucinactant first,"lucinactant 120 mg (20 mg/ml) x 5 doses over 24 hours, then washout period x 14 days, then vehicle x 5 doses over 24 hrs"
NCT00934362,DRUG,Placebo first,"6 mL normal saline x 5 doses over 24 hours, then washout period x 14 days, then lucinactant x 5 doses over 24 hours"
NCT03489590,DRUG,PFP,"* Composition: inhaled PFP, a gaseous contrast agent (79% PFP, 21% O2, pre-mixed, medical grade gas)
* Administration: Full-face disposable ventilation mask and a standard Douglas Bag system.
* Dosage: Two controlled breaths of contrast gas followed by a full breath and a 12-second breath-hold and scan for image acquisition.
* Frequency: Repeated 5 times followed by an identical five cycles with room air to ensure PFP gas wash-out has occurred."
NCT02239874,DIETARY_SUPPLEMENT,Vitamin D and fish oil placebo,"Vitamin D3 (cholecalciferol), 2000 IU per day and fish oil placebo"
NCT02239874,DIETARY_SUPPLEMENT,Fish oil and vitamin D placebo,840 mg of marine omega-3 fatty acids (465 mg of eicosapentaenoic acid \[EPA\] and 375 mg of docosahexaenoic acid \[DHA\])
NCT02239874,DIETARY_SUPPLEMENT,Vitamin D placebo and fish oil placebo,placebo
NCT02239874,DIETARY_SUPPLEMENT,Vitamin D and fish oil,"Vitamin D3 (cholecalciferol), 2000 IU per day and 840 mg of marine omega-3 fatty acids (465 mg of eicosapentaenoic acid \[EPA\] and 375 mg of docosahexaenoic acid \[DHA\])"
NCT00885521,OTHER,Exercise,"8 week, twice weekly exercise program with endurance and upper and lower limb strength training"
NCT01537614,DRUG,COLIMYCINE inhalation,2 MILLION UI
NCT01537614,DRUG,COLIMYCINE injectable,2 MILLIONS UI
NCT05584982,DEVICE,AtbFinder,"In the present study, we provided a prospective evaluation of the effectiveness of antibiotics selected with AtbFinder compared to a retrospective analysis of antibiotic efficacy selected with conventional culture-based antibiotic susceptibility tets in patients with cystic fibrosis"
NCT03277196,DRUG,IVA,Granules for oral administration.
NCT01764841,DRUG,Ciprofloxacin DPI (BAYQ3939),Participants received 32.5 mg ciprofloxacin hydrated (corresponding to 50 mg dry powder) administered BID (every 12 hours) using T-326 powder inhaler device.
NCT01764841,DRUG,Placebo,Participants received placebo matched to ciprofloxacin 32.5 mg powder (containing 40 mg dry powder) administered BID (every 12 hours) using T-326 powder inhaler device.
NCT00908505,PROCEDURE,physiotherapy,physiotherapy either by biphasic cuirass ventilator or physiotherapist
NCT03910881,OTHER,Open-platform patient support system (PSS) app,"The PSS app enables tracking and visualization of patient-selected health outcomes and sharing of select outcomes with family and providers. The CF clinical team and the family jointly decide which aspects of daily life to track, how often, and the content and frequency of patient-generated reports. Examples of daily care that can be tracked include symptoms (respiratory, gastrointestinal, pain), energy level, appetite, sleep, exercise, mood, medications, therapies, school/work attendance. Prior to a clinic visit, the patient/family generates a report of the outcomes they have been tracking, to help prepare for the visit and identify successes and areas of struggle. This information facilitates meaningful conversations during the visit and promotes shared decision-making. Patients/families can view their progress at any time and share selected outcomes with family and friends as often as desired."
NCT02976519,DRUG,BI 443651,twice daily
NCT02976519,DRUG,Placebo,twice daily
NCT00566241,DRUG,recombinant human IGF-1,rhIGF-1
NCT00566241,DRUG,Placebo,Placebo
NCT03109912,BEHAVIORAL,Personalized-Coaching Interventions,"At the baseline fitness assessment, participants receive exercise prescriptions based upon their individual assessment. One of the ultimate exercise prescription goals is to achieve 30-minutes of an endurance-style exercise 5 times/week which may vary depending upon baseline fitness assessment. Aside from team sports, endurance-style exercise prescriptions may include simply walking, jump roping or stair climbing to more complex Tabata-style workouts. Two additional physical therapy (PT) 30-minute appointments are scheduled about 4-6 weeks and 8-10 weeks from enrollment. These 30-minute PT follow-up appointments will vary based on initial assessment and previous exercise prescription success but will include strength training for major muscles groups and/or flexibility exercises with yoga as well as reinforcement of previously learned techniques. PT will add additional individualized recommendations."
NCT03109912,BEHAVIORAL,Motivational Messages,"Intervention participants are enrolled to receive motivational messages starting 14 days after enrollment via preferred contact method (SMS, telephone call and/or email) every 3-4 days over the 6-month study period."
NCT03109912,BEHAVIORAL,Online Exercise Tutorials,"Participants are given access to Do More, B'More, Live Fit webpage which includes spotlighted exercises, instructional exercise photos and videos."
NCT03109912,BEHAVIORAL,Social Support and Peer Challenges,"Participants are invited to join the Do More, B'More, Live Fit Activity Group via the FitBit Dashboard and are invited to friend the study team members and other exercise-intervention participants in order to take part in FitBit step-goal challenges."
NCT00903201,DRUG,SB656933,20 mg
NCT00903201,DRUG,SB656933,50mg
NCT00903201,DRUG,Placebo,placebo
NCT00749866,DRUG,Gentamicin,Nebulised 80mg twice daily
NCT00749866,DRUG,Saline,Nebulised 4mls 0.9% Saline twice daily
NCT03139266,BEHAVIORAL,UPLIFT,"Participation in the sessions involves skills practice, discussions, and group exercises based on the sessions' main topics. CBT-related topics include thought monitoring, identifying cognitive distortions, self-esteem, problem identification, goal setting, and identifying supports. Relaxation exercises, including a body scan (i.e., a mindfulness exercise) and progressive muscle relaxation, are also used for coping and to facilitate awareness of the body. Mindfulness activities include attention to skin, sights, and sounds and other meditations. Participants will practice their skills between sessions through homework assignments including monitoring and changing thoughts, and practicing relaxation exercises, meditation exercises, and mindfulness."
NCT03139266,BEHAVIORAL,Treatment as usual,The control group will receive the recommendation to consider maintaining mental health services
NCT04084041,DEVICE,Simeox,Airway clearance device
NCT04084041,OTHER,CCPT,Conventional chest physiotherapy
NCT03190031,OTHER,Endurance respiratory muscle training,Training program of the respiratory muscles in endurance by using sustained isocapnic hyperpnea
NCT03190031,OTHER,Resistance inspiratory muscle training,Training program of the inspiratory muscles in resistance by using repeated inspiratory maneuvers against a resistance
NCT03068312,DRUG,Ivacaftor,IVA 150 mg tablet.
NCT03068312,DRUG,Placebo,Placebo matched to IVA tablet.
NCT00287430,DRUG,Growth Hormone,
NCT00287430,PROCEDURE,Whole body Protein Turnover Study,
NCT00287430,PROCEDURE,Dual Energy X-ray Absorptiometry (DEXA),
NCT01207245,OTHER,Tobramycin time of administration,Random allocation to time of day of administration of tobramycin
NCT01315691,DRUG,Liposomal amikacin for inhalation,"* Liposomal amikacin for inhalation is provided as a sterile aqueous liposomal dispersion for inhalation via nebulization.
* 590 mg of liposomal amikacin for inhalation is administered once daily using the PARI Investigational eFlow® Nebulizer.
* Administration time is approximately 13 minutes.
* Liposomal amikacin for inhalation will be administered for 28 days followed by 56 days off treatment."
NCT01315691,DRUG,Placebo for liposomal amikacin for inhalation,"* Placebo is provided as a sterile aqueous lipid dispersion for inhalation via nebulization.
* Administration procedures, volume and administration time are the same as for Arikace™.
* Placebo will be administered for 28 days."
NCT00817947,DEVICE,High frequency chest wall oscillation,Airway clearance using high frequency chest wall oscillation ('The Vest')
NCT05517655,DRUG,129Xe,"Rapid spatial mapping of lung, liver, and pancreatic structure and function is now possible with a combination of hyperpolarized 129Xe and traditional proton MRI, all absent sedation and ionizing radiation."
NCT03903913,DRUG,S-1226,"The drug product S-1226 has two components delivered by inhalation. It is a mixture of perfluorooctylbromide (PFOB) nebulized with a medical gas mixture containing CO2. The PFOB component remains the same but the medical gas component contains 4%, 8% or 12% CO2."
NCT00645788,DRUG,"Ciprofloxacin (Cipro Inhale, BAYQ3939)",32.5 mg ciprofloxacin DPI corresponding to 50 mg Ciprofloxacin PulmoSphere Inhalation powder twice a day for 28 days
NCT00645788,DRUG,Placebo,50 mg matching placebo powder formulation twice a day for 28 days
NCT00645788,DRUG,"Ciprofloxacin (Cipro Inhale, BAYQ3939)",48.75 mg ciprofloxacin DPI corresponding to 75 mg Ciprofloxacin PulmoSphere Inhalation powder twice a day for 28 days (Arm 3 and Arm 4 was introduced after amendment 2)
NCT00645788,DRUG,Placebo,75 mg matching placebo powder formulation twice a day for 28 days (Arm 3 and Arm 4 was introduced after amendment 2)
NCT02591524,OTHER,Bronchoalveolar and Nasal Lavage,A previously scheduled flexible bronchoscopy via the nasal route on the date of baseline visit combined with a nasal lavage and another nasal lavage after 6 month
NCT04580368,DRUG,CFTR Modulators,Participants with rare mutations will receive active therapy in N-of-1 design with participants serving as their own control
NCT00712166,DRUG,AZLI 75 mg three times daily (TID),
NCT00712166,DRUG,Placebo three times daily (TID),
NCT00850551,OTHER,Early Intervention,Twice a week home spirometry and symptom assessment
NCT01086839,DRUG,sodium chloride 6%,"* one ampoule sodium chloride 6% per day
* inhalation use
* for 28 days"
NCT01086839,DRUG,"sodium chloride 0,9%","* one ampoule sodium chloride 0,9% per day
* inhalation use
* for 28 days"
NCT02951195,DRUG,VX-152,Tablet for oral administration.
NCT02951195,DRUG,TEZ/IVA,Fixed-dose combination tablet for oral administration.
NCT02951195,DRUG,IVA,Tablet for oral administration.
NCT02951195,DRUG,Placebo,Placebo matched to VX-152.
NCT02951195,DRUG,Placebo,Placebo matched to VX-152/TEZ/IVA triple combination (TC).
NCT02354859,DRUG,Gallium nitrate,Study subjects will receive an infusion of either placebo or gallium nitrate.
NCT02354859,DRUG,Normal Saline,Study subjects will receive an infusion of either placebo (normal saline) or gallium nitrate.
NCT01023048,OTHER,preimplantation diagnosis,"genetic testing on embryos to identify embryos that are affected by a single gene disorder (e.g. cystic fibrosis, Tay-Sachs, sickle cell anemia)"
NCT00274391,DRUG,7% NaCl,
NCT00274391,DRUG,Amiloride HCl,
NCT03145051,OTHER,Saline solution,a nasal irrigation care
NCT03145051,OTHER,Respimer Netiflow,a nasal irrigation care
NCT00363402,PROCEDURE,PET-CT,
NCT01229553,DRUG,decolonization,"The decolonization protocol for the patients will consist of two-week course of cephalexin (100 mg/kg/day divided TID) or oral T/S (20 mg/kg/day divided BID), HBW every other day for 2 weeks, and mupirocin ointment into both nares BID for 2 weeks."
NCT04926701,DRUG,ETD001 single dose,Single ascending doses of inhaled ETD001
NCT04926701,DRUG,Placebo single dose,Single doses of inhaled placebo
NCT04926701,DRUG,ETD001 multiple twice daily doses,Ascending doses of inhaled ETD001 administered twice daily
NCT04926701,DRUG,Placebo multiple twice daily doses,Doses of inhaled placebo administered twice daily
NCT04926701,DRUG,ETD001 multiple once daily doses,Doses of inhaled ETD001 administered once daily
NCT04926701,DRUG,Placebo multiple once daily doses,Doses of inhaled placebo administered once daily
NCT00004829,DRUG,tobramycin,
NCT01957072,BEHAVIORAL,Behaviour change intervention,"The behaviour change intervention consists of

1. feedback via a web-based food diary
2. 'coaching' with problem-solving and implementation plans

The intensive intervention phase consists of 2 home visits, 8 telephone calls and 6 reminder emails.

The maintenance phase consists of 3 telephone calls and 4 reminder emails."
NCT01044719,DRUG,Ceftazidime,Ceftazidime 2g TDS IV
NCT01044719,DRUG,Tobramycin,Tobramycin 7mg/kg/day OD IV
NCT01044719,DRUG,Meropenem,Meropenem 2g TDS IV
NCT00499837,DRUG,"Aerosolized, human, plasma-derived Alpha-1 Antitrypsin",
NCT01486199,OTHER,Absorptive clearance scan,Subjects will inhale a nebulized mixture of the radiopharmaceuticals Indium 111-DTPA and Technetium 99m-sulfur colloid.
NCT02157922,DRUG,alginate oligosaccharide,Inhalation
NCT02054377,OTHER,Tai chi,"Tai Chi, a Chinese form of mindful exercise, may help alleviate CF symptoms, encourage active self-management and provide a practical way to relieve and manage stress for patients and carers. It involves gentle physical exercises, combined with breathing techniques and mindful awareness.

It will be taught by qualified instructors either face to face in the participant's home or over videoconferencing technology e.g. Skype.

A DVD of the Tai Chi was developed in Phase 1 which was successful for teaching adults, and will be used here, along with a child-friendly DVD. This will be filmed with and aimed at children aged 6-18. Teaching support materials, incorporating child-specific guidance such as animal-based Tai Chi movements, will be prepared for use in conjunction with the DVD."
NCT00839644,DEVICE,High frequency chest wall oscillation,"Therapy prescribed twce daily for twenty minute sessions. High frequency chest wall oscillation (HFCWO) applies sharp compression pulses via an air-pulse generator and inflatable vest. HFCWO generates transient increases in airflow at low lung volumes, cough-like shear forces, and alterations in the consistency of secretions."
NCT00839644,DEVICE,Oscillatory Positive Expiratory Pressure,"Therapy was prescribed twice daily for 20 minute sessions and included airway vibration, oscillating PEP, and forced expiratory technique (FET) with coughing."
NCT00839644,OTHER,PD&P: Postural drainage and percussion,"Each of the six positions are to be clapped or vibrated for 4 minutes. After each position the patient is to do three forced expiratory techniques (FET) and cough, continue with FET and coughing until all mobilized mucus has been cleared."
NCT06964074,DEVICE,Nebulization with OPEP device,"During hospitalization due to exacerbation of the bronchopulmonary disease, patients performed inhalations twice a day using one of two devices: ""PARI PEP® S System"" (produced by PARI, Germany) with a dedicated Pari LC Sprint nebulizer or the ""Aerobika\*OPEP Device"" (produced by TRUDELL MEDICAL INTERNATIONAL) with a dedicated Aero Eclipse XL nebulizer, or they were in the control group where they performed inhalations in the standard way using the Pari LC Sprint nebulizer (produced by PARI, Germany). Frequency: twice daily. Inhalation duration: 10 minutes. Immediately after inhalation, each patient performed physiotherapy in the same scheme using the ""Pari OPEP"" device, 15 exhalations, and autogenic drainage technique according to the method's concept, with the drainage duration ranging from 15 to 30 minutes."
NCT06964074,DEVICE,Nebulization with PEP device,"During hospitalization due to exacerbation of the bronchopulmonary disease, patients performed inhalations twice a day using one of two devices: ""PARI PEP® S System"" (produced by PARI, Germany) with a dedicated Pari LC Sprint nebulizer or the ""Aerobika\*OPEP Device"" (produced by TRUDELL MEDICAL INTERNATIONAL) with a dedicated Aero Eclipse XL nebulizer, or they were in the control group where they performed inhalations in the standard way using the Pari LC Sprint nebulizer (produced by PARI, Germany). Frequency: twice daily. Inhalation duration: 10 minutes. Immediately after inhalation, each patient performed physiotherapy in the same scheme using the ""Pari OPEP"" device, 15 exhalations, and autogenic drainage technique according to the method's concept, with the drainage duration ranging from 15 to 30 minutes."
NCT06964074,DEVICE,Nebulization with Pari LC Sprint,"During hospitalization due to exacerbation of the bronchopulmonary disease, patients performed inhalations twice a day using one of two devices: ""PARI PEP® S System"" (produced by PARI, Germany) with a dedicated Pari LC Sprint nebulizer or the ""Aerobika\*OPEP Device"" (produced by TRUDELL MEDICAL INTERNATIONAL) with a dedicated Aero Eclipse XL nebulizer, or they were in the control group where they performed inhalations in the standard way using the Pari LC Sprint nebulizer (produced by PARI, Germany). Frequency: twice daily. Inhalation duration: 10 minutes. Immediately after inhalation, each patient performed physiotherapy in the same scheme using the ""Pari OPEP"" device, 15 exhalations, and autogenic drainage technique according to the method's concept, with the drainage duration ranging from 15 to 30 minutes."
NCT05590169,OTHER,Exercise training,Group 1: Group exercises via Zoom application Group 2: Individual exercises via Zoom application Group 3: Routine treatment
NCT00889967,DRUG,Ciprofloxacin for Inhalation,100 mg once daily by inhalation for 28 days
NCT00889967,DRUG,Ciprofloxacin for Inhalation,150 mg once daily by inhalation for 28 days
NCT00889967,DRUG,Placebo,Placebo once daily by inhalation for 28 days
NCT01293084,DRUG,0.12% saline,5mL of 0.12% saline inhaled once over 20 minutes
NCT01293084,DRUG,7% saline,5mL 7% saline inhaled once over 20 minutes
NCT00737100,DRUG,Placebo Respimat,patient to receive placebo matching active drug once daily
NCT00737100,DRUG,Tiotropium bromide 5 mcg,patient to recieve high dose tiotropium once daily
NCT00737100,DRUG,tiotropium bromide-low dose-2.5mcg,patient to receive low dose tiotropium once daily
NCT02641769,BIOLOGICAL,Stem Cell Transplantation,intervention with transplantation of autologous purified stem cells
NCT03591094,DRUG,PTI-428,Active
NCT03591094,DRUG,Placebo,Placebo
NCT02412111,DRUG,Ivacaftor,
NCT02412111,DRUG,Tezacaftor/Ivacaftor,
NCT01818544,DRUG,BAY85-8501,"BAY85-8501 (1.0 mg, 2 tablets each 0.5 mg) will be administered orally once daily in the morning"
NCT01818544,DRUG,Placebo,"Placebo (1.0 mg, 2 tablets each 0.5 mg) will be administered orally once daily in the morning"
NCT01192360,PROCEDURE,Phase contrast flow velocity mapping (PC),"An MRI is done using the phase contrast flow velocity mapping (PC)technique. Using PC, an imaging slice is prescribed perpendicular to the vessel's course. Within the pulmonary circulation, PC can quantify total pulmonary blood flow and the right / left distribution of the lung blood flow volume."
NCT01192360,PROCEDURE,Dynamic contrast-enhanced magnetic resonance imaging,Dynamic contrast-enhanced magnetic resonance (DCE MR) perfusion imaging imaging is a non-invasive method to quantify regional pulmonary blood flow. A bolus of gadolinium-containing contrast medium is injected and its passage through the pulmonary circulation traced using a repetitive rapid three-dimensional (3D) T1 weighted angiography sequence.
NCT00104494,DRUG,Zinc acetate (20mg/d),Randomized to receive either 20mg/d zinc as zinc acetate or an identical placebo
NCT05173194,OTHER,Exercise,Eight-week program of a remotely supervised resistance exercise. Frequency: three times per week. Duration: 60 minutes per session. Training program: warm-up and joint mobility; strength exercises for different muscle groups; and cool down (stretching and breathing exercises).
NCT03617718,DRUG,Glycine Buffer,Subjects will be asked to perform an Inhaled Glycine Buffer followed by a series of Pulmonary Function Tests (PFTs) and then a research bronchoscopy will happen at visit 3.
NCT00633191,DRUG,Anti-pseudomonas IgY gargle,"Gargle (solution), \> 5FKU, every night after toothbrushing, life-long"
NCT00625703,DRUG,Linezolid,"Pharmacokinetics

daily dose of linezolid at 15 mg/kg/dose Intravenously (IV) based on subject's weight at study entry, over half an hour period, every 8 hours for a minimum of 7 days to a maximum of 28 days total. The primary doctor may change the route of administration of linezolid from IV to oral (by mouth)after 72 hours on IV formulation and demonstrated clinical improvement based on the clinical evaluation by the primary doctor and comparison of cystic fibrosis exacerbation criteria scores before and after initiating treatment with linezolid."
NCT01543191,DRUG,PUR118,"low dose and high dose for 3 doses, BID"
NCT02740868,DRUG,Xenon-129 and Perfluoropropane (19F),Xenon gas and perfluoropropane to be inhaled by research participants
NCT02740868,DEVICE,Magnetic Resonance Imaging,Lung imaging will be performed for participants using MRI for all 3 arms
NCT02740868,DEVICE,Lung Clearance Index,Lung clearance index (measure of lung health) will be performed for all participants of all 3 arms
NCT02682290,OTHER,Expectoration and measurement of sputum rheological properties,
NCT02148978,DRUG,Saxagliptin,The participants in this study will undergo an OGTT at recruitment and then will start treatment with the DPP IV inhibitor- Saxagliptin at a dose between 2.5- 5mg a day. After 6 weeks of treatment the participants will return to perform a second OGTT.
NCT01025713,DRUG,GS-9411,Inhaled GS-9411
NCT01025713,DRUG,Placebo,Inhaled Placebo
NCT05601778,DRUG,HSK31858,HSK31858 is a novel inhibitor of DPP1 developed by Hisco Pharmaceutical and can reduce pulmonary exacerbations over a 24-week treatment period in patients with non-cystic fibrosis bronchiectasis
NCT05601778,DRUG,placebo,the placebo comparator of study
NCT00671736,DRUG,Moli1901,"2,5 ml inhalation solution, 8 weeks treatment period"
NCT00671736,DRUG,Moli1901 placebo,"2,5 ml placebo solution, 8 weeks treatment period"
NCT01712334,DRUG,dornase alfa [Pulmozyme®],Inhaled once daily by Pari eRapid nebulizer.
NCT01712334,DRUG,dornase alfa [Pulmozyme®],Inhaled once daily by Pari LC Plus jet nebulizer.
NCT05719311,DRUG,adrulipase,Enteric microgranule formulation of adrulipase.
NCT06312787,DRUG,VX-118,Tablets and Suspension for Oral Administration
NCT01348204,OTHER,quercetin,health food supplement
NCT02947126,DRUG,Hypertonic Saline,Inhaled 7% Hypertonic saline
NCT02947126,DRUG,Isotonic Saline,Inhaled 0.9% Isotonic saline
NCT02947126,DRUG,Indium-DTPA,Inhaled Indium 111 DTPA
NCT02947126,DRUG,Technetium Sulfur Colloid,Inhaled Technetium99m sulfur colloid
NCT01018303,DIETARY_SUPPLEMENT,AquADEK,Two AquADEK softgel vitamins on a daily basis x 12 weeks
NCT02723968,OTHER,glucose solution at a dose of 1.75 g/kg (up to a maximum of 75 g) for the OGTT and glucose solution at a dose of 0.5 g/kg (up to a maximum of 35 g) was injected in 2.5-3 min for the IGTT,"At the first visit at day 1an OGTT will be performed then the CGMS is implanted. Capillary glycaemia will be taken four times a day to set up the CGMS. A second visit is scheduled at day 4, where the intravenous glucose tolerance test is performed as well as the HbA1C level."
NCT02723968,PROCEDURE,HGPIV diagnosis test,
NCT02723968,PROCEDURE,HOMAR-IR diagnosis test,
NCT03264950,DIAGNOSTIC_TEST,Elastography,"an ultrasound exam after selecting the best acoustic window, a region of interest (ROI) is placed in an area of the liver perpendicular to the liver capsule, taking care not to include large vasculature or biliary structures.

Similarly an acoustic window will be selected for the pancreas as well"
NCT02141191,DRUG,inhaled hypertonic saline (7%),Inhaled hypertonic saline delivered by nasal cannula using the Parion transnasal Pulmonary Aerosol Delivery (tPAD) device
NCT06603246,DRUG,GDC-6988,GDC-6988 will be administered using a dry powder inhalation (DPI) device.
NCT02144246,OTHER,Non-hormonal period,
NCT02144246,DRUG,"Ortho-cyclen, Ethinyl estradiol/norgestimate, 0.035 mg/0.250 mg",
NCT03206788,DRUG,Losartan,25 mg or 50 mg (based on patient's weight) Losartan tablets taken by mouth daily in the morning for week 1 followed by twice daily (one in the morning and one in the evening) on Weeks 2-12.
NCT03206788,DRUG,placebo,"Placebo tablets, matching the Losartan intervention, taken by mouth daily in the morning for week 1 followed by twice daily (one in the morning and one in the evening) on Weeks 2-12."
NCT02325362,DRUG,Miglustat ; placebo,"For this 2 x 2 (2 periods /2 treatments) crossover design each patient will receive Miglustat during the first period (2 weeks), following by a wash out period(14 days (up to 4 weeks)), then Placebo during the second period (2 weeks). 30 days follow-up will be carried out after end-of-treatment of the second period."
NCT02325362,DRUG,Placebo ; Miglustat,"For this 2 x 2 (2 periods /2 treatments) crossover design each patient will receive Placebo during the first period (2 weeks), following by wash out period (14 days (up to 4 weeks)), then Miglustat during the second period (2 weeks). 30 days follow-up will be carried out after end of treatment of the second period."
NCT01429259,DRUG,meropenem,meropenem 40mg/kg total body weight will be administered every 8 hours. Each infusion will be infused as a 3 hour infusion.
NCT00221546,DRUG,Giving DHA-rich supplement,Giving DHA-rich supplement to patients.
NCT06350461,OTHER,Discontinuation of hypertonic saline (HS),Discontinuation of current hypertonic saline (HS) therapy during 6-week study period.
NCT06350461,OTHER,Continuation of hypertonic saline (HS),"Continuation of current hypertonic saline (HS) therapy during 6-week study period. Therapy is taken at least once daily according to each participant's pre-existing, clinically prescribed regimen (e.g., daily, twice daily). The concentration of HS is according to clinical prescription (e.g., 7% sodium chloride or 3.5% sodium chloride) and at least 3%."
NCT02465450,DRUG,JBT-101 (lenabasum),Subjects will receive JBT-101 1 mg qd or JBT-101 5 mg qd on Days 1-28. Subjects will receive either JBT-101 20 mg q am (with placebo q pm) or JBT-101 20 mg twice a day on Days 29-84.
NCT02465450,OTHER,Placebo,"Subjects will receive placebo once a day on Days 1-28, placebo q pm on Days 29-84 (with JBT-101 20 mg q am), or placebo bid on Days 29-84."
NCT06962852,GENETIC,BI 3720931,BI 3720931
NCT00179998,DRUG,Recombinant Human DNase (Pulmozyme),2.5 mg in 3 ml diluent delivered by nebulization given daily for 6 months with 3 ml diluent placebo delivered by nebulization given daily for 6 months
NCT00179998,DRUG,Placebos,"2.5 ml sterile solution (8.77 mg/ml sodium chloride, 0.15 mg/ml calcium chloride, pH 7.0 +/- 2.0) delivered daily by nebulization for 6 months, either preceding or following 6 months of Pulmozyme depending on randomization of the subject"
NCT00515229,DRUG,amitriptyline,"Each individual capsule has a filling volume of 25 mg, 50 mg und 75 mg Amitriptyline.

Placebo: 25 mg corn starch"
NCT01337219,DRUG,Tobramycin,
NCT05562492,DEVICE,CamAPS FX,"The automated closed loop system (CamAPS FX) will consist of:

YpsoPump insulin pump (Ypsomed, Burgdorf, Switzerland) Dexcom G6 real-time CGM sensor (Dexcom, Northridge, CA, USA) An Android smartphone hosting CamAPS FX app with the Cambridge model predictive control algorithm and communicating wirelessly with the insulin pump and glucose sensor Cloud upload system to review CGM/insulin data."
NCT05562492,OTHER,Standard insulin therapy with CGM,Usual insulin therapy and study CGM.
NCT05248230,BIOLOGICAL,4D-710,4D-710 is an adeno-associated virus (AAV) gene therapy comprised of an AAV capsid variant (4D-A101) carrying a transgene cassette encoding human cystic fibrosis transmembrane conductance regulator with a deletion in the regulatory domain (CFTRΔR).
NCT00690820,DRUG,Pancrelipase Delayed Release,"12,000 unit Capsules, dosed individually based on fat intake."
NCT00690820,DRUG,Placebo Comparator,Placebo
NCT00530244,DIETARY_SUPPLEMENT,Docosahexaenoic acid (DHA),Infant formula with 0.96% of fatty acids as DHA
NCT00530244,DIETARY_SUPPLEMENT,Standard formula (Enfamil),"This is a standard, commercially available infant formula."
NCT02823587,OTHER,Pulmonary Rehabilitation,"The exercise program will consist of an individual exercise prescription on the treadmill or bike, the initial intensity of 85% VO2max and active exercises or active-resistance for upper and lower limbs according to the capacity of each volunteer."
NCT02823587,OTHER,Control,"No supervised exercise session, only will be informed at the beginning of the study to perform thirty minutes of physical activity of moderate intensity several days a week is associated with health benefits"
NCT04096664,DEVICE,SIMEOX,"Use without obligation, in autonomous and at home of the bronchial clearance device: SIMEOX"
NCT01958944,DRUG,Nitric oxide,
NCT01708655,OTHER,Sweat Evaporimeter measurement,"1. The forearm will be cleaned with distilled water. Mineral oil will be applied to the surface of the skin after each injection.
2. intracutaneous injection of 0.2 ml of atropine
3. Stimulation and inhibition of sweating in an adjoining ""test"" area. Assessment of sweat secretion with an evaporimeter for 10 minutes after:

   1. Intracutaneous injection of 0.1 ml carbachol for stimulation of the cholinergic sweat secretion.
   2. intracutaneous injection of 0.2 ml atropine to Inhibit cholinergic sweat secretion
   3. intracutaneous injection of 0.2 ml beta-cocktail (atropine isoproterenol and aminophylline) for stimulation of beta-adrenergic sweat secretion .

The procedure would take about 45 minutes."
NCT03122418,BEHAVIORAL,Personal Fitness Device,Subjects will be given a personal fitness device to use to encourage exercise routinely. The impact this has on the individual perception of their quality of life will be the primary outcome for this study
NCT00541190,OTHER,Technetium [Tc-99m] sulfur colloid and Indium [In-111] DTPA,Subjects perform a single nuclear medicine scan after inhaling an aerosol containing Technetium 99m sulfur colloid and Indium 111 DTPA.
NCT05026918,OTHER,MCPT,Postural Drainagewith percussion and vibration
NCT05026918,OTHER,ACBT,"ACBT includes Breathing control techniques, chest expansion exercises and Forced Expiration Technique"
NCT00271310,DRUG,hypertonic saline,
NCT06112717,OTHER,Supportive-Educative Nursing Care,Adolescents in the intervention group were received Supportive-Educative Nursing Care based on Orem's Self Care Deficit Nursing Theory
NCT03888963,PROCEDURE,PRF,"patients will receive pulsed radiofrequency, 4 cycles (each cycle, 2 minutes) on the thoracic paravertebral nerves number 2,3, and 4 under fluroscopic guidance"
NCT03888963,PROCEDURE,SHAM,patients will be subjected to the same procedure like PRF group without giving PRF
NCT01093521,DRUG,100 mg/m2 dose,5 day infusion of gallium nitrate (IV Ganite®) at a dose of 100 mg/m2/day
NCT01093521,DRUG,200 mg/m2 dose,5 day infusion of gallium nitrate (IV Ganite®) at 200 mg/m2/day
NCT02275936,DRUG,N91115,S Nitrosoglutathione Reductase Inhibitor
NCT01494909,DIETARY_SUPPLEMENT,Ensure plus,Ensure plus sip feeds every 20 min during 6 hours. After 2 hour pancreatic enzyme intake in CF
NCT00763412,DRUG,placebo,CF pancreatic insufficient patients with impaired glucose tolerance (IGT) or CFRD without fasting hyperglycemia (CFRD-No FH) by OGTT will be treated with placebo by taking 1 pill before each meal that contains more than 20 grams of carbohydrate 3-4 times a day for 2 years.
NCT00763412,DRUG,repaglinide,CF pancreatic insufficient patients with impaired glucose tolerance (IGT) or CFRD without fasting hyperglycemia (CFRD-No FH) by OGTT will be treated with repaglinide 0.5 mg before each meal that contains more than 20 grams of carbohydrate 3-4 times a day for 2 years.
NCT01112059,DRUG,Doxycycline,100 mg twice a day for 8 days
NCT01112059,OTHER,placebo,placebo
NCT03516331,DRUG,FDL176 & FDL169 coadministration,CFTR corrector and potentiator
NCT04060329,BEHAVIORAL,coopeRATE Prompt,The coopeRATE Prompt intervention is a set of two questions delivered to patients immediately before the clinical encounter that elicit their concerns and goals.
NCT02626182,DRUG,sildenafil,active sildenafil
NCT02626182,DRUG,placebo,sugar pill that looks like sildenafil tablets
NCT01158937,DRUG,Meropenem Infusion,Meropenem 2g infused intravenously over 30 mins (bolus infusion) Meropenem 2g infused intravenously over 3 hours (extended infusion)
NCT06660745,OTHER,telenursing-based family empowerment program,"The intervention was conducted in two sections. The first part included a one-day educational workshop conducted through Skype for the child and their caregiver and was planned to introduce the members of the intervention group to each other and provide information on how to deliver and receive the content. In the second part of the intervention, the content was prepared based on a scheduled plan. It was in the form of a 5-10-minute audio file, video, or educational text and was uploaded on the SendBig website. Once the upload is complete, a link is provided to the user. The link was sent to the phone numbers of children with cystic fibrosis and their caregivers so that they could watch the weekly content over three months. Once it was confirmed that the link had been received (acknowledged in the ""Cystic Fibrosis Companions"" group) and the content had been viewed, remote follow-ups were scheduled twice a week, on Sundays and Tuesdays between 6:00 PM and 8:00 PM, using Skype messenger."
NCT00486837,DRUG,Alpha1-Proteinase Inhibitor (Human),"25 mg of Alpha1-Proteinase Inhibitor (Human) in the lungs, one inhalation per day over 4 weeks."
NCT01161537,DRUG,VX-770,Tablet.
NCT01161537,DRUG,Placebo,Tablet.
NCT02657473,DRUG,tobramycin inhalation solution,
NCT02657473,DRUG,Saline 0.9% inhalation solution,
NCT00082238,OTHER,Stable isotopes,"Stable isotopes were used to quantify gluconeogenesis GNG, hepatic glucose production (HGP), and protein breakdown."
NCT02965326,PROCEDURE,Nasal swab; rectal biopsy.,"Nasal epithelial cells will be obtained by nasal swabs from patients of the three arms; intestinal epithelial cells will be obtained, by rectal biopsy, only from patients treated by CFTR modulators."
NCT01885650,OTHER,Airway Clearance Techniques,
NCT03460704,DRUG,CMS,"1 MIU equivalent to 80 mg colistimethate sodium diluted in 1 mL saline solution 0.45%. Investigational Medicinal Product (IMP) glass vials were shrink wrapped in opaque white plastic and provided in boxes of 30 vials (two weeks of b.i.d. dosing).

The 1 MIU/ml CMS/0.45% saline solution was transferred from the glass vial into a specific nebuliser system fitted with a 0.3 mL medication chamber, for administration by inhalation. This delivered a nominal dose of 0.3 MIU/24 mg CMS (11 mg CBA) from the device.

The first dose of the IMP was administered at the site under the supervision of the site staff and subjects were instructed how to prepare and self-administer the IMP at home via a specific nebuliser system, b.i.d. (morning and evening) over aperiod of 12 month.

At least 10 minutes (min) before each administration, an inhaled short-acting bronchodilator (e.g. salbutamol/albuterol), supplied by the Sponsor, could be taken to improve tolerability."
NCT03460704,OTHER,Placebo,1 mL saline solution 0.45%. The placebo was made up of identical empty glass vials to which the same saline solution diluent was added in exactly the same way as the reconstitution of the active treatment by injecting the diluent through the rubber stopper. The glass vials were shrink wrapped with opaque white plastic to mantain the blind.
NCT03637504,BEHAVIORAL,MedActionPlan®,"web-based, mobile medication management application \[MedActionPlan® (MAP)\]"
NCT03229252,DRUG,Placebo Inhalation Solution,Normal Saline Inhalation Solution
NCT03229252,DRUG,SPX-101,SPX-101 Inhalation Solution
NCT04381429,DRUG,A-F-A-F (NovoRapid-FIASP-NovoRapid-FIASP),A = pre-prandial aspart insulin (NovoRapid) F = post prandial Faster-acting aspart insulin (FIASP)
NCT04381429,DRUG,F-A-F-A (FIASP-NovoRapid-FIASP-NovoRapid),A = pre-prandial aspart insulin (NovoRapid) F = post prandial Faster-acting aspart insulin (FIASP)
NCT03070522,DRUG,Prednisone,oral prednisone for 7 days during pulmonary exacerbation
NCT03070522,DRUG,Placebos,Placebo
NCT05453578,OTHER,Placebo,0.9 percent sodium chloride
NCT05453578,BIOLOGICAL,WRAIR-PAM-CF1,"Bacteriophage combination composed of the following phages: PaWRA01Phi11, PaWRA01Phi39, PaWRA02Phi83, and PaWRA02Phi87."
NCT07809867,DRUG,"Elexacaftor, Tezacaftor, Ivacaftor",Cystic Fibrosis Transmembrane Conductance Regulator (CFTR) modulator therapy
NCT07809867,DRUG,Ivacaftor (VX-770),Cystic Fibrosis Transmembrane Conductance Regulator (CFTR) modulator therapy
NCT06515002,GENETIC,BI 3720931,BI 3720931
NCT06515002,DRUG,Placebo,Placebo
NCT06515002,DEVICE,Inhaler,Inhaler for application of BI 3720931 and placebo
NCT02323100,DRUG,Ravicti low dose,"8 am, 4pm and midnight"
NCT02323100,DRUG,Placebo,"8 am, 4pm and midnight"
NCT01685801,DRUG,Ivacaftor,150 milligram (mg) tablet orally every 12 hours up to 12 weeks.
NCT01685801,DRUG,Placebo-matched-to-ivacaftor tablet,Orally every 12 hours up to 4 weeks.
NCT04039087,DRUG,Sildenafil 40mg oral capsule,"40 mg, sildenafil capsule taken by mouth thrice daily"
NCT04039087,DRUG,Placebo Oral capsule,Placebo capsule taken by mouth thrice daily
NCT01706445,OTHER,Other,inspiratory muscle training (IMT) + aerobic and strength training 8-week duration IMT twice a day (mostly at home) + 3 weekly sessions of inhospital resistance + aerobic training
NCT04122547,DRUG,Roflumilast,Active drug
NCT04122547,DRUG,Placebo,Placebo one tablet oral od
NCT02342964,OTHER,Measure of hepatic elasticity,"Measure of hepatic elasticity by four non-invasive methods:

Fibroscan, Fibrotest, SWE, MRE."
NCT07696338,OTHER,As-needed hypertonic saline (HS),As-needed hypertonic saline (HS) therapy during the 52-week study period.
NCT07696338,OTHER,Twice daily hypertonic saline (HS),"Twice daily hypertonic saline (HS) therapy during the 52-week study period. The concentration of HS is according to clinical prescription (e.g., 7% sodium chloride)."
NCT07696338,OTHER,As-needed dornase alfa (DA),As-needed dornase alfa (DA) therapy during the 52-week study period.
NCT07696338,OTHER,Daily dornase alfa (DA),Daily dornase alfa (DA) during the 52-week study period.
NCT01509235,PROCEDURE,Chest physiotherapy,The whole exercise session consisted of three short period of exercise of 5 minutes each entirely done under the physiotherapists' supervision (FA).
NCT03309358,DRUG,Inhaled SNSP113,A single ascending dose of inhaled SNSP113 will be administered to healthy subjects and subjects with stable cystic fibrosis.
NCT03309358,DRUG,Inhaled Placebo,A single dose of inhaled placebo control will be administered to healthy subjects and subjects with stable cystic fibrosis.
NCT00333385,DRUG,ceftazidime,
NCT04884308,BIOLOGICAL,BCG TICE Vaccine,Intradermal vaccination with BCG TICE
NCT02730208,DRUG,Tezacaftor/Ivacaftor,TEZ 100 mg/IVA 150 mg fixed-dose combination tablet.
NCT02730208,DRUG,Ivacaftor,IVA 150 mg tablet.
NCT02730208,DRUG,Placebo,Placebo matched to TEZ/IVA fixed-dose combination tablet.
NCT02730208,DRUG,Placebo,Placebo matched to IVA tablet.
NCT04235140,DRUG,LUM/IVA,LUM/IVA granules for oral administration
NCT06350149,OTHER,Sugar Sweetened Beverages (SSB),"The following are considered SSBs: non-diet soft drinks/sodas, flavored juice drinks, sweetened tea, energy drinks, and electrolyte replacement drinks."
NCT06350149,OTHER,Hi GI,The Glycemic Index of the high-GI meals will be at least 75
NCT06350149,OTHER,Lo GI,The Glycemic Index of the low- -GI meals will not be higher than 55.
NCT07547436,BIOLOGICAL,SAR445399,"Pharmaceutical form:

solution for injection

Route of administration:

injection"
NCT07547436,BIOLOGICAL,Placebo,"Pharmaceutical form:

solution for injection

Route of administration:

injection"
NCT00840333,DRUG,MP-376 (Levofloxacin solution for Inhalation),DOSE BASED ON PATIENTS WEIGHT
NCT02088216,DRUG,N-acetylcysteine,600mg po twice a day for 12 months
NCT02088216,OTHER,On-demand treatment,receive as-needed therapy
NCT00742092,DRUG,miglustat,Oral miglustat capsules 200 mg t.i.d. (three times a day) for 7 days and a single 200 mg dose on Day 8
NCT00742092,DRUG,placebo,Oral placebo capsules matching in appearance miglustat capsules given t.i.d. (three times a day) for 7 days and a single dose on Day 8
NCT02742519,DRUG,ivacaftor,
NCT02742519,DRUG,Placebo,
NCT05111145,DRUG,ELX/TEZ/IVA,Fixed-dose combination tablets for oral administration.
NCT05111145,DRUG,IVA,Tablets for oral administration.
NCT00967681,DIETARY_SUPPLEMENT,Oncoxin,"(caplets 300 mg), three oral caplets per day for 24 weeks"
NCT00967681,DIETARY_SUPPLEMENT,Placebo,"(caplets 300 mg), three oral caplets per day for 24 weeks"
NCT04176328,DRUG,Teicoplanin Sandoz 200 mg powder and solvent for solution for injection or infusion or oral solution.,Teicoplanin Sandoz administered by inhalation (aerosol).
NCT01915875,OTHER,sophrology sessions at home,The sophrology is a dynamic method of physical and psychical relaxation
NCT06284577,DIETARY_SUPPLEMENT,Multistrain Probiotic,Participants will recieve a multi-strain probiotic daily for 6 months
NCT06284577,DIETARY_SUPPLEMENT,Placebo - maltodextrin,Participants will recieve placebo/ maltodextri daily for 6 months
NCT03993600,DIAGNOSTIC_TEST,Sweat test (Macroduct Sweat Collection System) and skin biopsy (Punch Biopsy),"three groups:

1. Healthy volunteers
2. Patients with Cystic fibrosis
3. Heterozygous subjects"
NCT01253733,BEHAVIORAL,MD2ME,"The goals of the MD2Me intervention include increasing disease self-efficacy, disease knowledge, and the ability to control one's disease independently. The intervention includes an 8-week web program with weekly behavioral skills, topics on how to navigate the healthcare system, lifestyle tips, a Discussion Board, and text messages."
NCT03965832,DEVICE,HFNT during exercise,"6-minute walking test performed initially on HFNT. HFNT will be set with an inspiratory flow rate at 45-55 L/min (maximal tolerated flow), temperature at 37°C or 34°C if perceived as too warm, and fraction on inspired oxygen (FiO2) as at baseline conditions during exercise.

Participants will then cross-over to repeat the test on baseline conditions."
NCT03965832,DEVICE,Standard oxygen therapy/RA,6-minute walking test performed on baseline conditions. Participants will then be cross over to repeat the test on HFNT
NCT06958094,OTHER,Gamified mobile health applications,"* Voice Volume Catcher: A game where players control a character's movement by modulating their voice volume. Louder or softer sounds move a basket to collect different types of fruits, encouraging continuous vocal engagement and fine control of breath intensity.
* Scream Go Hero: A voice-controlled platform game where players produce short or long vocalizations to make the hero character jump or move across obstacles. The game demands breath control and supports prolonged exhalations for larger jumps with an open glottis, which is beneficial for airway clearance.
* Chicken Scream: A voice-activated game where players guide a chicken character by varying their vocal intensity to make it walk, jump, and avoid enemies. Participants must dynamically adjust their breath pressure and vocal intensity while maintaining open-glottis breathing, promoting agility in respiratory control."
NCT06958094,OTHER,Conventional Airway Clearance Therapy,"* Autogenic Drainage: A technique where participants perform a series of controlled breathing cycles-deep inhalations followed by forceful exhalations-to mobilize mucus from the lower airways to the upper airways. The technique encourages breath control and helps clear secretions without the need for coughing, promoting efficient airway clearance.
* Active Cycle of Breathing Techniques (ACBT): In this technique, participants alternate between relaxed breathing, deep breaths, and huffing to mobilize and expel mucus from the lungs. It focuses on breathing control to loosen and expel secretions effectively while maintaining a steady airflow throughout the process.
* Positive Expiratory Pressure (PEP) Therapy: This technique involves exhaling against a resistance through a device, which helps to open the airways and prevent their collapse. The resistance promotes prolonged exhalations, facilitating the movement of mucus from the small airways to the larger airways for easier clearance."
NCT06958094,OTHER,Combination Treatment,"\- Gamified mHealth Apps (10 minutes):

Voice Volume Catcher

Scream Go Hero

Chicken Scream

\- Conventional Airway Clearance Techniques (10 minutes):

Autogenic Drainage

Active Cycle of Breathing Techniques (ACBT)

Positive Expiratory Pressure (PEP) Therapy"
NCT03921229,BEHAVIORAL,Tele-coaching,"Patients will meet with a ""tele-coach,"" who is a care team member, via video-calling, on a regular basis for six months to identify and address treatment adherence concern(s)."
NCT03492567,BIOLOGICAL,Blood test,Blood draw (max 15 ml)
NCT01450267,DRUG,Inhaled Reduced Glutathione,"10 mg/kg, twice daily, 12 months"
NCT01450267,DRUG,Physiological solution,"0,13 ml/kg body weight, twice daily, 12 months"
NCT00662675,DRUG,"Pancrease MT 10.5, or MT 21","Pancrease MT capsules for maximum dose of 10,000 lipase units / Kg / day"
NCT00662675,DRUG,Placebo for Pancrease MT 10.5 or MT 21,Capsules with Pancrease MT excipients without the active enzymes
NCT00975663,DRUG,Tacrolimus and MMF,Tacrolimus: daily oral dose divided into 2 doses (morning and evening). MMF: daily dose divided into 2 doses at 12 hour intervals or 3 doses at 8 hour intervals.
NCT00975663,DRUG,Tacrolimus and MMF,Tacrolimus: daily oral dose divided into 2 doses (morning and evening). MMF: daily dose divided into 2 doses at 12 hour intervals or 3 doses at 8 hour intervals.
NCT01377792,DRUG,Hypertonic saline,comparison of different dosages of drug
NCT03644199,OTHER,Oral Glucose Tolerance Test (OGTT) assessment arm,Hormonal and motility responses to a standard OGTT evaluation arm
NCT03644199,OTHER,Mixed meal test evaluation test arm,Evaluate the hormonal and motility responses to a standard mixed meal test through the day
NCT05561764,DRUG,Imipenem/Cilastatin/Relebactam,Patients will receive intravenous imipenem/cilastatin/relebactam every 6 hours for 10-14 days.
NCT00865904,DRUG,VX-809,Capsules
NCT00865904,DRUG,Placebo,Placebo matched to VX-809 capsules.
NCT03258853,DEVICE,Bionic Pancreas,"Bionic pancreas system: The bionic pancreas is an autonomous, self-learning system that requires only the subject's weight for initialization, and then autonomously adapts insulin dosing to maintain glycemic control. The bionic pancreas uses continuous glucose monitoring as input to the controller. The bionic pancreas can be used in a bi-hormonal configuration, administering both insulin and glucagon as well as an insulin only setting."
NCT03258853,OTHER,Usual Care,Subjects will remain on home insulin regimen (either insulin pump or injectable insulin). Subjects in usual care will wear a study CGM even if in typical care does not include CGM use.
NCT00999531,DRUG,GS-9411,Inhaled GS-9411 dissolved in sterile saline
NCT00999531,DRUG,Placebo,"Inhaled Placebo, sterile saline"
NCT00966602,DRUG,VX-809,"VX-809 capsule, once daily for 14 days"
NCT00966602,DRUG,VX-770,"VX-770 tablet, once every 12 hours for 14 days"
NCT00966602,DRUG,VX-809 & VX-770,"VX-809 capsule, once daily, and VX-770 tablets, once every 12 hours, for 14 days"
NCT00966602,DRUG,Placebo,Matching Placebo
NCT01035853,DRUG,Colistin,"Sino-Nasal inhalation, approximately 1 ml / day in each nostril"
NCT07108153,DRUG,SION-719,"All participants receive SION-719, as specified by their treatment sequence assignment"
NCT07108153,DRUG,Placebo-to-match SION-719,"All participants receive placebo to match SION-719, as specified by their treatment sequence assignment"
NCT04777344,BEHAVIORAL,Tobacco Treatment Specialist (TTS) intervention,A trained Tobacco Treatment specialist (TTS) embedded in the multi-disciplinary CF care team will provide tobacco use counseling to smoking caregivers of children with CF.
NCT05274269,DRUG,ELX/TEZ/IVA,Fixed-dose combination (FDC) tablets for oral administration.
NCT05274269,DRUG,IVA,Tablet for oral administration.
NCT05274269,OTHER,Placebo (matched to ELX/TEZ/IVA),Placebo matched to ELX/TEZ/IVA for oral administration.
NCT05274269,OTHER,Placebo (matched to IVA),Placebo matched to IVA for oral administration.
NCT02301377,DEVICE,Spiro PD personal spirometer,
NCT02750501,DEVICE,RELiZORB (immobilized lipase) cartridge,"Hydrolyzing fats from enteral formula, ex vivo, with in-line enteral feed RELiZORB (immobilized lipase) cartridge"
NCT02750501,OTHER,Impact Peptide 1.5,"Impact Peptide 1.5 at a volume of administration from 500 mL to 1,000 mL per enteral feeding"
NCT02819856,DRUG,Placebo,0 mg SPI-1005 bid po x 21d
NCT02819856,DRUG,SPI-1005 Ebselen 200mg Capsule x1,200 mg SPI-1005 bid po x21d
NCT02819856,DRUG,SPI-1005 Ebselen 200mg Capsule x2,400 mg SPI-1005 bid po x 21d
NCT02819856,DRUG,SPI-1005 Ebselen 200mg Capsule x3,600 mg SPI-1005 bid po x 21d
NCT01746095,DRUG,Vancomycin hydrochloride inhalation powder,"There will be two treatment cohorts in this study, each comprised of 40 randomized (1:1 active to placebo) and treated patients (adults ≥18 and children ≥12 years of age). In Cohort 1, patients will be enrolled and randomized to receive the 32 mg dose of AeroVanc bid or placebo bid. Prior to starting enrollment in Cohort 2, a safety evaluation will be carried out by the Data Monitoring Committee (DMC) based on treatment data from the first 20 patients in Cohort 1. Subject to the Sponsor's written communication of the DMC's opinion of acceptable safety, the dose for the active arm in Cohort 2 will be escalated to 64 mg bid. Optionally, the active arm for Cohort 2 may also be kept the same (32 mg bid), or reduced to 16 mg bid, depending on the outcome of the DMC's safety evaluation."
NCT01746095,DRUG,Placebo inhalation powder,
NCT01426256,DIETARY_SUPPLEMENT,Cholecalciferol,"Bolus dose of 250,000 IU during hospitalization + maintenance dose of 50,000 IU vitamin D every other week to be initiated 3 months after bolus dose"
NCT00446680,DRUG,Mannitol,400mg BD for 6 months followed by a 6 month open label period
NCT00446680,DRUG,placebo,placebo BD for 6 months
NCT01201434,DIETARY_SUPPLEMENT,Bio-25 probiotic,2 tablets per day for 6 months
NCT00716664,OTHER,A treatment series of gentle joint and muscle movements,"Undertaken by a physiotherapist, weekly, for six weeks"
NCT00716664,OTHER,Control group measurements,"The control group are measured using the same outcome measures at the same time intervals, but receive no active intervention"
NCT00774072,DRUG,Tobramycin (Gernebcin®),1 ml / day in each nostril
NCT02934139,DRUG,Cavosonstat,CFTR modulator that stabilizes CFTR
NCT02934139,OTHER,Placebo,Matched placebo
NCT01463371,DRUG,Azithromycin,250 mg three times a week during three months
NCT03489629,DRUG,Trimethoprim Sulfamethoxazole (TMP/SMX),"Dosing if \< 40 kg: 8 mg/kg trimethoprim/40 mg/kg trimethoprim sulfamethoxazole given twice daily for 14 days during Days 1-14 and Days 29-42.

Dosing is ≥ 40 kg: 320 mg/1600 mg twice daily for 14 days during Days 1-14 and Days 29-42."
NCT03489629,DRUG,Minocycline,"If a subject has an allergy to or intolerance to TMP/SMX, they may be treated with minocycline provided they are 8 years of age or older.

Dosing if \< 50 kg: 2 mg/kg orally twice daily for 14 days during Days 1-14 and Days 29-42.

Dosing if ≥ 50 kg: 100 mg twice daily for 14 days during Days 1-14 and Days 29-42."
NCT03489629,DRUG,Mupirocin,1 gram 2% nasal ointment generously applied to each nostril using a cotton swab twice daily for 5 days during Days 1-5 and Days 29-33.
NCT03489629,DRUG,Chlorhexidine Gluconate,"For subjects able to swish without swallowing, 0.12% chlorhexidine gluconate oral rinse will be used twice daily for 14 days during Days 1-14 and Days 29-42."
NCT03489629,BEHAVIORAL,Environmental Decontamination,"Subjects will be instructed to wipe down all high touch surfaces and medical equipment with surface disinfection wipes daily during Days 1-21 and Days 29-49.

Subjects will also be instructed to wash all linens and towels in hot water once weekly during weeks 1-3 and weeks 5-7."
NCT03601637,DRUG,LUM,Fixed Dose Combination (FDC) granules (LUM/IVA).
NCT03601637,DRUG,IVA,FDC granules (LUM/IVA).
NCT01293019,PROCEDURE,Osteopathic treatment,Real treatment of osteopathy
NCT01293019,PROCEDURE,Sham Placebo,Sham treatment of osteopathy
NCT01293019,PROCEDURE,Usual care,Classical treatment of pain in cystic fibrosis patients
NCT01810536,DEVICE,Hi-flow nasal cannula,Different ways of providing supplemental oxygen will be compared: hi-flow nasal cannulas versus Venturi masks
NCT01810536,DEVICE,Venturi mask,
NCT01270347,DRUG,MP-376 (Levofloxacin Solution for Inhalation),"MP-376 (Aeroquin, Levofloxacin solution for Inhalation) 240 mg administered BID for 28-days treatment followed by 28 days off treatment"
NCT01270347,DRUG,TIS (Tobramycin Inhalation Solution),Tobramycin Inhalation Solution administered BID over 3 consecutive cycles of 28-days treatment followed by 28 days off treatment
NCT02489955,DRUG,Amikacin,
NCT02489955,DRUG,Tobramycin,
NCT02489955,DRUG,Colomycin,
NCT04294043,DRUG,Gallium nitrate,Study subjects will receive an infusion of gallium nitrate.
NCT02110914,BEHAVIORAL,Coaching,"Coaching is based on the principles of the Co-active coaching model and performed by a certified coach. At the first coaching session the coach and client will make an agreement about the format for subsequent coaching sessions. The first and the last coaching session will always be ""face to face"" at the hospital and last 1- 1½ hours. Intervening coaching sessions will be approximately 60 minutes by phone or face to face. In total, ten coaching sessions will be offered, one every 1-2 weeks early in the program and one every 2-4 weeks later in the process. The duration of the coaching intervention will be between 6 and 9 months."
NCT06132048,DEVICE,MuCopilot mobile application,"MuCopilot is a software as medical device with three digital tests, to measure patient's with CF, lung function, global exercise capacity and a questionnaire to address CF symptoms and impacts on some aspects of patient's life"
NCT04451213,DIAGNOSTIC_TEST,MRI head,MRI head
NCT05392855,OTHER,Symptom driven performance of airway clearance,"Perform symptom driven/intermittent airway clearance therapy with frequency based off of patient's daily symptoms including mobilization therapy (high-frequency chest compression or vest device, intrapulmonary percussive ventilator, positive expiratory pressure device) and inhaled/nebulized therapies of albuterol, hypertonic saline and dornase alfa for the 12 week study period."
NCT05392855,OTHER,Continuous daily performance of airway clearance,"Continue run-in protocol of twice daily airway clearance using twice daily mobilization therapy (high-frequency chest compression or vest device, intrapulmonary percussive ventilator, positive expiratory pressure device) and inhaled/nebulized therapies of albuterol, hypertonic saline and dornase alfa for the 12 week study period."
NCT02324855,OTHER,Chest physiotherapy plus usual care,"Subjects will perform daily chest physiotherapy during at least 30 minutes. Patients will perform a slow expiratory airway clearance technique combined with positive expiratory pressure device (Acapella device, Murray et al.) Each patient will receive 12 supervised professional sessions (once a month)."
NCT02141958,DRUG,Fenretinide,"Fenretinide oral capsules of 100mg, each selected dose being administered once daily for 21 days (treatment cycle). Up to three total daily dose levels will be assessed in the study, as follows: 100mg of Fenretinide (one capsule) for the first treatment cycle, 200mg of Fenretinide (two capsules) in the second treatment cycle, and 300mg or 400mg of Fenretinide (3 or 4 capsules) will be selected for the third treatment cycle, based on safety and PK data collected."
NCT02141958,DRUG,Placebo,A matching placebo will be used to keep the study double-blind.
NCT04545515,DRUG,ELX/TEZ/IVA,Fixed dose combination (FDC) tablets for oral administration.
NCT04545515,DRUG,IVA,Tablet for oral administration.
NCT04961008,OTHER,Bottle-PEP,A device that gives positive pressure from a bottle with the help of a non deflating tube
NCT04961008,OTHER,Routine physiotherapy,Routine pulmonary physiotherapy
NCT03423576,BEHAVIORAL,comprehensive patient-centered outpatient health service with multiple components,Individualized multi-component education and counselling program coordinated by a case Manager.
NCT02496780,DRUG,novolog insulin,3x daily rapid-acting insulin
NCT02496780,DRUG,levemir insulin,basal insulin once a day
NCT02496780,DRUG,placebo,once or 3x daily
NCT00744276,DRUG,danazol,danazol applied topically once per day for 4 treatment cycles
NCT00744276,DRUG,Placebo,placebo topically applied once daily for 4 treatment cycles
NCT04458129,DRUG,Treatment with polyethylene glycol (Macrogol 4000),"3-month treatment with polyethylene glycol (Macrogol 4000), powder for oral solution, in 4g and 10g sachets. Dosage of 0.7 g/kg/day, with a maximum dose of 20 g/day."
NCT02104245,DRUG,Ciprofloxacin dispersion for inhalation,
NCT02104245,DRUG,Placebo,
NCT05223881,DEVICE,13^C Spirulina Platensis Gastric Emptying Breath Test (GEBT),"After an overnight (minimum 8 hours) fast, patients are given a standardized test meal, after which they are administered the GEBT. Patients are asked to hold a glass tube in a comfortable position, take a deep breath and pause momentarily, blow gently into the tube for 5 - 10 seconds, slowly withdraw straw from tube while continuing to breath into tube, and immediately close the tube securely with the cap."
NCT00455130,DRUG,Inhaled mannitol,
NCT03295201,OTHER,Active cycle of breathing techniques (ACBT),"ACBT involves three phases (Breathing control, chest expansion exercise, and huff coughing). These phases will apply with a sequence to remove secretion. ACBT will apply 1 per a week for 6 weeks."
NCT03295201,OTHER,Postural Exercise,"Postural exercise program will include thoracic vertebra mobilization, pectoral stretching, scapula and thoracic extensors strengthening and core stability exercises. Postural exercise program will apply 1 per a week for 6 weeks."
NCT00967798,DRUG,Sitagliptin,"100 mg of sitagliptin is taken orally each morning with breakfast. Duration is 12 months or conversion to CF diabetes, whichever comes first."
NCT03104855,DRUG,d6-25-hydroxyvitamin D3,intravenous administration of stable isotope-labeled D6-25(OH)D3
NCT06122025,DEVICE,Patient Access,A 6-month pilot prospective interventional study with an independent groups design.
NCT00788138,DIETARY_SUPPLEMENT,Vitamin D3,"250,000 IU of vitamin D3"
NCT00788138,DIETARY_SUPPLEMENT,Placebo,Matching Placebo
NCT00728715,DRUG,budesonide-formoterol single inhaler,"High dose budesonide:Budesonide (Pulmocort turbuhaler) 400 mcg (2 inhalations bid) Medium dose budesonide plus formoterol (Rilast turbuhaler) 4,5 mcg of formoterol plus 400 mcg of budesonide: 2 inhalations bid"
NCT00728715,DRUG,High dose of budesonide,1600 mcg/d of budesonide
NCT00728715,DRUG,A,medium dose of budesonide-formoterol
NCT00728715,DRUG,B,High Dose Inhaled Budesonide
NCT05641298,DRUG,Sodium Fusidate,Tablets
NCT05641298,DRUG,Placebo,Tablets
NCT00510484,DRUG,Pancrelipase Delayed Release,24000 unit Capsule
NCT00510484,DRUG,Placebo Comparator,Placebo
NCT07608328,OTHER,Standard Bronchiectasis Care,"Standard bronchiectasis care provided in both randomized groups according to institutional practice and treating physician judgment. Standard bronchiectasis care may include mucolytics, bronchodilators, chest physiotherapy, patient education, airway-clearance support, and treatment of acute exacerbations with antibiotics with or without systemic corticosteroids according to clinical indication.

Standard bronchiectasis care is provided as shared background care in both arms and is not the randomized treatment contrast. Clinically required rescue or emergency care remains permitted according to treating physician judgment."
NCT07608328,DRUG,Azithromycin,"Azithromycin 250 milligrams orally once daily for 12 months, added to standard bronchiectasis care."
NCT07608328,DRUG,Matching Placebo,"Matching inert placebo tablet orally once daily for 12 months, added to standard bronchiectasis care. The placebo will not contain active azithromycin."
NCT03734744,DIETARY_SUPPLEMENT,Vitamin D3,Vitamin D is a fat-soluble vitamin that plays an important role in immune modulation in addition to its classical roles in regulation of calcium homeostasis and bone health
NCT04705636,DEVICE,"Connected device named ""Leo"" from Ludocare society","Connected device named ""Leo"" from Ludocare society will be allocated to each child for three-months period. During this time, child will be helped to take all of his medication and specific care by this connected device."
NCT03913507,DEVICE,"Macroduct® Advanced Model 3710 SYS, Wescor","for each subject, both methods will be tested in order to compare the efficacy of the new sweat collection method (Macroduct® Advanced Model 3710 SYS, Wescor) to the method currently used in clinical routine."
NCT00889434,DIETARY_SUPPLEMENT,ECGC,1 cycle will comprise 28 days of continuous daily treatment with EGCG given once/day(total 375 mg) /day in the morning with food followed by a 14 day wash out period without drug.
NCT00889434,DIETARY_SUPPLEMENT,Tocotrienol,One cycle will comprise 28 days of continuous daily treatment with Tocotrienol given 2 times/6 soft gel capsules (total 600 mg) /day (BID) in the morning and in the evening with food followed by a 14 day wash out period without drug.
NCT00889434,DIETARY_SUPPLEMENT,EGCG + Tocotrienol,combination of both arms 375 mg EGCG + 600mg/day Tocotrienol
NCT04696484,BEHAVIORAL,coopeRATE Prompt,"The coopeRATE Prompt intervention is a set of two questions delivered to patients before the clinical encounter that elicit their concerns and goals. The intervention is delivered to patients online, outside the clinic setting."
NCT07376187,DEVICE,Videoconferencing (Vsee platform),"The prescribed weekly regimen will consist of 50-minute remote sessions: two synchronous, supervised sessions conducted via the Vsee platform, and a minimum of one asynchronous, unsupervised session. Children will perform ACTs (including individualized teaching and review of postural drainage, percussion, vibration, ACTs devices, huffing, coughing), diaphragmatic breathing, and blowing games. During the synchronous, supervised videoconference sessions, they will be monitored/supervised by the pediatric physiotherapist. The exercise program will be based on the 24-letter Greek alphabet, where each letter represents an individual aerobic or strengthening exercise. The exercise program consists of 16 exercises per session, varied on the four-letter words chosen at a time. At each session, a combination of four words will be performed. The exercise program will last 25 to 30 minutes per session. The exercise workload will be equal to 60 - 70% of maximum heart rate."
NCT07376187,DEVICE,Specially designed website (FysΑΩ),"The DHSG will be granted access to a website (www.fysao.gr) for disease management, including information about common symptoms, nutrition, pharmacological treatment, exercise, and ACTs performance. To facilitate adherence and longitudinal monitoring, the DHSG will receive automated weekly reminders for ACTs and exercise performance. Through the web portal's integrated evaluation forms, children can report daily symptomatology and track any clinical fluctuations. All the ACTs and the exercise program have been digitized as high-definition videos and images, ensuring asynchronous accessibility for the DHSG. Furthermore, the platform facilitates secure communication, enabling children and their parents/caregivers to communicate with healthcare professionals via integrated email or direct document transmission."
NCT01299194,DRUG,ATORVASTATIN,80mg once daily for 3 months
NCT03925194,DRUG,Anakinra,Application of Anakinra once daily for 28 days
NCT06663176,DRUG,RESP302,Nitric Oxide agent
NCT06663176,DRUG,RESP303,Nitric Oxide agent
NCT01840735,DRUG,GS-5737,
NCT01840735,DRUG,Placebo,
NCT01944735,DRUG,CTX-4430,"Ascending repeat doses of CTX-4430 will be administered orally, once-daily, to patients in 2 cohorts on days 1-15."
NCT01944735,DRUG,Placebo,"Repeat doses of placebo will be administered orally, once-daily, to patients in 2 cohorts on days 1-15"
NCT03988816,DRUG,Roflumilast,"500Mcg Tab, once daily"
NCT03988816,DRUG,Placebo oral tablet,once daily
NCT03782909,BEHAVIORAL,Behaviour change intervention,"The behaviour change intervention consists of;

1. Feedback via an app based food diary
2. Coaching with problem solving and implementation plans

The intensive phase consists of 2 home visits and 4 phone calls and the use of the app The maintenance phase consists of use of the app if the PWCF wishes to continue using it"
NCT04531410,DIETARY_SUPPLEMENT,linoleic acid supplementation,Oils given daily at morning meal with extra enzymes
NCT04531410,DIETARY_SUPPLEMENT,oleic acid supplementation,Oils given at morning meal with extra enzymes
NCT05668741,DRUG,VX-522 mRNA therapy,Oral inhalation using nebulizer.
NCT05668741,DRUG,IVA,Tablet for oral administration.
NCT03078127,OTHER,Baseline (Huff-Cough alone),"Subjects will provide two ""huffs"" (forced expiratory maneuver with open glottis) followed by a cough every six minutes for a total of six Huff-Coughs."
NCT03078127,DEVICE,Oscillatory Positive Expiatory Pressure Device,Subjects will use an Areobika® branded OPEP device (10 breaths through highest tolerated resistance) prior to undergoing a Huff-Cough. Subjects will use the device six times every six minutes.
NCT03078127,DEVICE,Whole-Body Vibration Platform,Subjects will be seated on a PowerPlate® whole-body vibration platform for 90 seconds prior to Huff-Cough. Six intervals on the platform will be completed six minutes apart.
NCT03078127,DEVICE,High Frequency Chest Wall Oscillatory Vest,"Subjects will use TheVest® using a standardized ""Minnesota Protocol"" divided into six, four-minute segments, each followed by a Huff-Cough."
NCT00004779,GENETIC,Ad5-CB-CFTR,
NCT07805174,OTHER,high-intensity interval exercise,"The high-intensity interval exercise (HIIE) protocol (4×4 model: 4 minutes at 85-95% maximum heart rate, with 3 minutes of active recovery at 60-70% in between), will be applied 3 days a week for 8 weeks using a treadmill or cycle ergometer, taking into account the participants' physical characteristics and safety requirements."
NCT07805174,OTHER,Airway clearance tecniques,"Among the airway clearance techniques, the active cycle of breathing techniques (ACBT) and manual techniques will be applied. Additionally, the autogenic drainage technique will be taught to patients for them to practice at home. Airway clearance techniques will be demonstrated to the patients practically and they will be asked to perform them daily (3 days a week in the clinic) as needed."
NCT00635141,DRUG,hypertonic saline (7 %) and isotonic saline (0.9%),Patients in study arm 1 will receive hypertonic saline (7 %) during the first phase of the study and will crossover to placebo (0.9% isotonic saline) during the second phase. Both drugs will be administered via PARI LC® Star reusable nebulizer.
NCT00635141,DRUG,hypertonic saline (7 %) and isotonic saline (0.9%),Patients in study arm 2 will receive placebo (0.9% isotonic saline) during the first phase of the study and will crossover to hypertonic saline (7 %) during the second phase. Both drugs will be administered via PARI LC® Star reusable nebulizer.
NCT05548283,DRUG,Beta-lactam antibiotic,Intravenous (IV) β-lactam will be selected by the treating physician following standard of care. Treatment will last for 14 days (± 2 days).
NCT05548283,DRUG,Aminoglycoside,Intravenous (IV) aminoglycoside will be selected by the treating physician following standard of care. Treatment will last for 14 days (± 2 days).
NCT00072904,DRUG,Insulin Asparte,Insulin asparte given 0.5 units per carb per meal
NCT00072904,DRUG,Repaglinide,0.5mg tab with meals tid
NCT05616221,BIOLOGICAL,AP-PA02,Bacteriophage administered via inhalation
NCT05616221,OTHER,Placebo,Inactive Placebo administered via inhalation
NCT06565832,PROCEDURE,One-Minute Sit-to-Stand Test,This test involves sitting down and standing up from a normal height chair (can be a dining room or kitchen chair at home) for one minute. Participants can rest or stop at any time if fatigued. Participants will be asked to record your heart rate and oxygen levels before and after the test and will be given a monitor to do this with if they do not already have one. This test should take a maximum of 5 minutes.
NCT06565832,PROCEDURE,Chester Step Test,"This test involves the participant stepping up and down off of a step (this can be a bottom stair or doorstep at home) keeping up with the beat of a recording. The speed of the beat increases every 2 minutes, and the test continues until the participant cannot keep up with the pace, wish to stop or the test ends which takes 10 minutes. Participants will be asked to record heart rate and oxygen levels before and after the test. This test should take a maximum of 15 minutes."
NCT06154447,DRUG,VX-828,Suspension for Oral Administration
NCT06154447,DRUG,Placebo,Suspension for Oral Administration
NCT06154447,DRUG,Itraconazole,Solution for Oral Administration
NCT06154447,DRUG,Midazolam,Syrup for Oral Administration
NCT06154447,DRUG,Tezacaftor,Tablets for Oral Administration
NCT06154447,DRUG,VX-118,Tablets for Oral Administration
NCT06154447,DRUG,Placebo,Suspension and Tablets for Oral Administration
NCT06154447,DRUG,Deutivacaftor,Tablets for Oral Administration
NCT06154447,DRUG,VX-828,Tablets for Oral Administration
NCT02399241,DEVICE,Bluetooth enabled nebuliser device (I-neb),
NCT01519661,DRUG,TBM100,Tobramycin inhalation powder was assigned as four capsules at 28mg dosage strength. It was inhaled b.i.d in the morning and in the evening via the T-326 Inhaler.
NCT00506792,DRUG,QAU145,
NCT00506792,DRUG,Placebo,
NCT00730509,DIETARY_SUPPLEMENT,5-methyltetrahydrofolate and vitamin B12,"children with cystic fibrosis were supplementated for 6 months with 5-MTHF, 7,5 mg/day ; vitamin B12, 0,5 mg/day"
NCT03710538,DIETARY_SUPPLEMENT,Snack beverage,"Consumption of a 200ml of soy beverage (100Kcal, 11g CHO, 6g proteins, 4g fat)"
NCT03710538,BEHAVIORAL,Exercise,"3min walk at 60% VO2max every 30 minutes,(x5)"
NCT02134899,DRUG,Everolimus,Change from a calcineurin inhibitors-based immunosuppression to an everolimus-based immunosuppression
NCT02134899,DRUG,Calcineurin inhibitors maintenance,Usual treatment
NCT03632525,DRUG,Ferric carboxymaltose,Single dose of 20 mg/kg ferric carboxymaltose (maximum 1000 mg for patients with haemoglobin \<14 g/dL or 500 mg for patients with haemoglobin ≥14 g/dL).
NCT04315311,DRUG,CREON,Capsule: Oral
NCT01755455,DRUG,Ferrous sulfate 325mg,Ferrous sulfate 325mg tablet taken by mouth daily for 6 weeks
NCT01755455,DRUG,Placebo,Matching placebo capsule
NCT01731015,DRUG,Medical Grade Oxygen,"At the study visits, MRI 'studies' will be performed using the same MR scanner (a 3.0-Tesla (T) TRIO MRI system (Siemens Medical Systems)). Lung morphology and function will be acquired using conventional 1H MRI followed by 1H MRI with oxygen as a gaseous contrast agent. For both series the subject will lie down in a supine position on the magnet bed with a standard 1H Torso coil for imaging. Subjects are scanned on room air and then the subjects are switched from room air to 100% oxygen and exhaled O2/CO2 are monitored (Oxigraf Capnograph) until steady state is achieved (in our experience \~ 1-2 minutes). The 100% oxygen MRI imaging is commenced (the average exposure time is usually 5-6 minutes with a maximum exposure of 15 minutes) after which the subjects are switched to room air. After steady state is achieved a second room air scan is completed."
NCT05469711,DEVICE,PlayPhysio,The gamification will be switched on at day 28 for the participants in arm 1. The trial will run for a further 84 days with the mid-point review half way through this section of the trial.
NCT00909532,DRUG,Ivacaftor,150-mg tablets given orally q12h for up to 48 weeks
NCT00909532,DRUG,Placebo,Tablet given orally q12h for up to 48 weeks
NCT05712538,DRUG,ARCT-032,"ARCT-032 is messenger RNA (mRNA) coding for cystic fibrosis transmembrane conductance regulator (CFTR) protein, formulated in a lipid nanoparticle (LNP)."
NCT05712538,OTHER,Placebo,Normal saline
NCT07349394,DRUG,VNZ/TEZ/D-IVA,Fixed-dose combination (FDC) Tablet for oral administration.
NCT07349394,DRUG,Rosuvastatin,Tablet for oral administration.
NCT03058068,BIOLOGICAL,Allo-hMSCs,1 peripheral intravenous infusion of allogeneic human mesenchymal stem cells (hMSCs)
NCT03058068,BIOLOGICAL,Placebo,1 peripheral intravenous infusion
NCT00809094,DRUG,N-acetylcysteine (NAC),
NCT00809094,DRUG,Placebo,
NCT02061852,DEVICE,Simeox,
NCT02061852,PROCEDURE,Physiotherapy,
NCT04742049,OTHER,Telerehabilitation-based,15 pediatric cystic fibrosis patients who are at home during the self- isolation process due to the COVID-19 pandemic will be included in this group. Online exercise training protocol will be apply for patients. Each training protocol was planned as 30 minutes for 3 days a week for 6 weeks with a physiotherapist. Exercise protocol will start with the warm-up exercises and finish with cooling exercises.
NCT04742049,OTHER,Follow-up based,15 pediatric cystic fibrosis patients who are at home during the self- isolation process due to the COVID-19 pandemic will be included in this group. An exercise document including the same exercise protocol in study group will be sent the patients. Patients will be called by the physiotherapist once a week for follow-up. .
NCT00659529,DRUG,sildenafil,"Sildenafil will be given 20mg po tid for 1 week, and then will be give 40mg po tid for 5 weeks."
NCT04058353,DRUG,ELX/TEZ/IVA,FDC tablet for oral administration.
NCT04058353,DRUG,IVA,Mono-tablet for oral administration.
NCT04058353,DRUG,TEZ/IVA,Fixed-dose combination (FDC) tablet for oral administration.
NCT00287456,DEVICE,Insulin Pump,
NCT00287456,DRUG,Insulin,0
NCT00287456,PROCEDURE,Oral Glucose Tolerance Test,0
NCT00287456,PROCEDURE,Whole body Protein Turnover,0
NCT00016445,DRUG,growth hormone,
NCT04882267,BEHAVIORAL,Team and Technology,Subjects will receive access and instruction on multiple home exercise apps. They will receive phone calls once a week from care team members for motivational interviewing to encourage exercise.
NCT02883101,BEHAVIORAL,Pulmonary Rehabilitation,"The Rehabilitation Programme will include the following :

i. Patient education ii. Exercise training iii. Ventilator and breathing exercises"
NCT00663975,DRUG,DCI 1020,"capsules (4,000 units of lipase) will be administered with meals and snacks"
NCT03537651,DRUG,TEZ/IVA,Fixed-dose combination tablet for oral administration.
NCT03537651,DRUG,IVA,Tablet for oral administration.
NCT00757848,DRUG,AZD9668,"60 mg, oral tablet, twice daily for 28 days"
NCT00757848,DRUG,AZD9668 Placebo equivalent,"Match placebo to 60 mg, oral tablet, twice daily for 28 days"
NCT02498535,DRUG,Nitric Oxide 160 ppm,Nitric Oxide 160 ppm
NCT06052293,DRUG,ANG003,"To evaluate four possible combinations of lipase, protease and amylase."
NCT06035055,DRUG,Ceftolozane/tazobactam,9g ceftolozane/tazobactam in 240 millilitres 0.9% sodium chloride IV infusion given over 24 hours for 10-14 days
NCT04608019,OTHER,Immediate Antibiotics,increase airway clearance/start oral antibiotics right away
NCT04608019,OTHER,Tailored Treatment,increase airway clearance and start oral antibiotics later if symptoms get worse or do not get better
NCT07163078,DIETARY_SUPPLEMENT,Common form supplementation,The intervention product would represent part of a typical supplement given to people including those with CF
NCT07163078,DIETARY_SUPPLEMENT,Uncommon nutrient supplementation,The intervention product would represent part of a possible new supplement given to people including those with CF
NCT01055847,DRUG,Aztreonam for Inhalation (AI),Aztreonam for Inhalation
NCT01055847,DRUG,Placebo,Saline Placebo
NCT04135495,DRUG,ELX-02,"ELX-02 is a small molecule, new chemical entity being developed for the treatment of genetic diseases caused by nonsense mutations. ELX-02 is a eukaroyotic ribosomal selective glycoside (ERSG)"
NCT04135495,DRUG,Ivacaftor,CFTR potentiator
NCT04279769,DRUG,CB-280,"CB-280, oral capsule administered twice daily at the assigned dose level for 14 days"
NCT04279769,DRUG,Placebos,Placebo oral capsule administrated twice daily at the assigned dose level for 14 days
NCT03527095,DRUG,FDL169,CFTR corrector
NCT00004705,DRUG,amiloride,
NCT00004705,DRUG,uridine,
NCT05860803,DEVICE,LungTrainers,"A training device that provides a variable resistance against which users breathe out. Users breathe through a plastic mouthpiece that is connected to an acrylic cylinder via rubber tubing. The mouthpiece has several small holes of various diameters and up to three stainless steel weights (half-weight increments) can be inserted into the acrylic tube. With each breath-out, the user exhales against the resistance provided by the weight inserts, and each inspiration (i.e., breath-in) is unresisted. During each resisted exhalation, the weight inserts are 'lifted' within the acrylic tube depending on the level of expiratory pressure generated by the participant."
NCT05860803,BEHAVIORAL,LungTrainers Pulmonary Rehabilitation regime,"Series of different exercises using the LungTrainers device 3-5 days per week for approximately 10 weeks. Exercises complete in one long session (20-30 minutes) or be broken down into multiple shorter sessions (e.g., 3 x 10 minutes). A health coach will be assigned to guide participants through the LT-PR program."
NCT04254705,PROCEDURE,Rectal Biopsy,Suction biopsy or forceps biopsy
NCT03506061,DRUG,Trikafta,"Participants will take Trikafta which is a combination tablet comprised of 100 milligrams (mg) of elexacaftor, 50 mg of tezacaftor and 75 mg of ivacaftor (2 tablets taken in the morning), and 150 mg of ivacaftor taken in the evening."
NCT01880346,DIETARY_SUPPLEMENT,Vitamin D Powder,"Patients will be randomly assigned to a powder supplement of 100,000 IU vitamin D3. Randomization will be in blocks of 4 (meaning for every 4 subjects there will be 2 vitamin D and 2 placebo treated patients). Blood will be drawn by IV catheter at baseline, 2, 4, 8, 12, 24, 48, and 72 hours after vitamin D3 dosing"
NCT01880346,DIETARY_SUPPLEMENT,Vitamin D Oil,"Patients will be randomly assigned to an oil based supplement of 100,000 IU vitamin D3. Randomization will be in blocks of 4 (meaning for every 4 subjects there will be 2 vitamin D and 2 placebo treated patients). Blood will be drawn by IV catheter at baseline, 2, 4, 8, 12, 24, 48, and 72 hours after vitamin D3 dosing"
NCT06487273,DEVICE,SIMEOX,Use of the CE-marked SIMEOX medical device. No specific limitation of the number of use but recommendation to use it daily (and more if needed).
NCT06487273,OTHER,Remote Physiotherapy,"Remote Physiotherapy with physiotherapists, once a month for the first 3 months and once every 3 months after"
NCT03367494,DIAGNOSTIC_TEST,Measurement of Sweat Chloride and Sweat Bromide,Sweat Chloride comparisons between ion exchange chromatography and fluorescence citrate-based sensors
NCT02875366,DRUG,LUM/IVA,
NCT02875366,DRUG,Placebo,
NCT01729585,PROCEDURE,Massage Therapy,"The Massage Therapy protocol consists of a series of 5 massages administered over 10 (+2) weeks. Length of time for each visit will be approximately 1.5 - 2 hours Typically, a series of treatments over time allows the body time to integrate tissue related changes and potentially maintain a more healthy musculoskeletal state. Based on expert opinion in the field of MT, following a series of massage treatments administered over time, one can anticipate tissue changes. By adding time between treatments, data will describe the ability of subjects to maintain changes over progressively longer periods of time. Treatment protocol will be based on the application of myofascial trigger point therapy (Timberlake, 1999) to musculoskeletal areas of the body often affected by disease progression in CF."
NCT04274413,COMBINATION_PRODUCT,Beta Adrenergic Sweat Test,"In Beta Sweat Test - sweat secretion will be stimulated by injecting a series of drugs within the skin surface. Small needles will be used to inject minute amounts of each drug. Before and after each skin injection, the skin will be cleaned using an alcohol swab.

1. Two sensor probes will be strapped to the forearm with rubber bands in position just above the injection site.
2. Under the first probe, injection atropine will be given in one small area of the skin.
3. Under the second probe, first injection carbachol will be given in one small area of the skin.
4. Next, at the second probe area, the normal sweating will be stopped for awhile by injecting a drug called atropine.
5. Lastly, beta-adrenergic sweating will be stimulated by injecting a combination of the following drugs: atropine, isoproterenol, and aminophylline (β-cocktail). Using probes, all sweat rate readings will be recorded."
NCT00449878,DRUG,Liprotamase,Administered orally
NCT00449878,DRUG,Placebo,Administered orally
NCT04574050,OTHER,SELF-BREATHE,"A self -guided, internet -based intervention for patients with chronic breathlessness"
NCT06413368,DRUG,Maralixibat 9.5 MG/ML [Livmarli],Within Study subjects receiving 2 weeks of treatment with Maralixibat 9.5 MG/ML \[Livmarli\] and compare to baseline treatment.
NCT06311292,DEVICE,Volara System,Intrapulmonary percussive ventilation for mobilizing mucus.
NCT03256799,DRUG,Ivacaftor/Ataluren,Both drugs were given in combination for 48 week study period
NCT01953367,DRUG,Vantobra (tobramycin),Inhalation
NCT01953367,DRUG,TOBI (tobramycin),Inhalation
NCT04656275,DRUG,BI 1323495,BI 1323495
NCT04656275,DRUG,Placebo,Placebo
NCT04293926,OTHER,Exercise,"Resistance exercise program for 8 weeks, 3 times a week, with a 60 min session duration."
NCT07223255,OTHER,Mediterranean diet,Patients enrolled in this study will follow a Mediterranean diet for a 6 month period.
NCT03256968,DRUG,Ataluren,ataluren
NCT03482960,DRUG,Hyperpolarized Xenon gas,"Hyperpolarized Xenon gas

* Hyperpolarized mixture (750ml HP 129Xe and 250ml nitrogen)
* Administration: By mouthpiece attached to a single use Tedlar bag.
* Dosage: 750 mL of the 129Xe mixture up to, but not exceeding, four doses of the 129Xe.
* Frequency: 10-minute interval between doses."
NCT03482960,DRUG,PFP,"* Inhaled PFP, a gaseous contrast agent (79% PFP; 21% O2, pre-mixed, medical grade gas)
* Administration: Full-face disposable ventilation mask and a standard Douglas Bag system.
* Dosage: Two controlled breaths of the contrast gas followed by a full breath and a 12-second breath-hold and scan for image acquisition.
* Frequency: Repeated 5 times followed by an identical five cycles with room air to ensure PFP gas wash-out has occurred."
NCT00503490,DRUG,MP-376 (Levofloxacin solution for Inhalation),"40, 80, 120mg RDD"
NCT00503490,DRUG,placebo,BID
NCT04589897,DEVICE,Manuka honey sinus rinse,Will follow a modified NHS nasal rinse protocol with the addition of manuka honey
NCT04589897,DEVICE,Standard sinus rinse,will follow the standard NHS nasal rinse protocol
NCT06457451,OTHER,DIAPASOM program,"A program of adapted physical activity carried out remotely by a specialist instructor, combined with personalized dietetic care by a dietician for one year."
NCT00377741,DRUG,valganciclovir [Valcyte],900mg po
NCT01013896,BEHAVIORAL,Motivational Interviewing,"Among a group of older adolescents and adults with CF, we propose to evaluate the relative efficacy of a Motivational Interviewing-focused intervention (MI) in improving adherence and reducing CF-related morbidity compared to a CF education intervention (CFE; attention control group)."
NCT01013896,OTHER,Cystic Fibrosis Education,"Among a group of older adolescents and adults with CF, we propose to evaluate the relative efficacy of a Motivational Interviewing-focused intervention (MI) in improving adherence and reducing CF-related morbidity compared to a CF education intervention (CFE; attention control group).

The Cystic Fibrosis Education serves as the attention control group."
NCT03262142,DRUG,Piperacillin/tazobactam,Intravenous Piperacillin/tazobactam four times daily
NCT03262142,DRUG,Ciprofloxacin,Oral Ciprofloxacin twice daily
NCT00244270,DEVICE,totally implantable vascular access device,totally implantable vascular access device
NCT05743946,DRUG,Trikafta,"Participants will be given elexacaftor 100 mg/tezacaftor 50 mg/ivacaftor 75 mg (two pills once daily in the morning) and ivacaftor 150 mg (once daily in the evening), as the FDA-registered agent, Trikafta. Dose and schedule will be for 28 days, and otherwise identical to what has already been FDA-approved for effective treatment of cystic fibrosis."
NCT01572194,BIOLOGICAL,Urinary levels of PIIINP as a marker of changes in renal function,The act under consideration is the determination of PIIINP urinary. The aim of the study is to show the predictive value of PIIINP urinary in assessing renal function in patients with mucoviscidosis receiving a lung transplant.
NCT00231686,BEHAVIORAL,Supervised aerobic training,
NCT00231686,BEHAVIORAL,Supervised strength training,
NCT00231686,BEHAVIORAL,Unsupervised training,
NCT03518697,BEHAVIORAL,exercise program,"The exercise program is planned as a ""low-threshold exercise program ""with low barriers to participate. Patients will be asked about their interests and preferences of sports activities to conceive the exercise program together with the patients."
NCT00237380,DRUG,Ataluren,Ataluren will be provided as a vanilla-flavored powder to be mixed with water.
NCT06032273,BEHAVIORAL,Investigator-designed lung transplant education website,Caregiver participants assigned to the intervention will access the investigator-designed educational resource via their login to a secure website.
NCT03078088,DRUG,Tham,alkalinizer
NCT03078088,DRUG,Saline,Placebo
NCT05076149,DRUG,VX-121/TEZ/D-IVA,Fixed-dose combination tablets for oral administration.
NCT05076149,DRUG,ELX/TEZ/IVA,Fixed-dose combination tablets for oral administration.
NCT05076149,DRUG,IVA,Tablet for oral administration.
NCT05076149,DRUG,Placebo (matched to VX-121/TEZ/D-IVA),Placebo matched to VX-121/TEZ/D-IVA for oral administration.
NCT05076149,DRUG,Placebo (matched to ELX/TEZ/IVA),Placebo matched to ELX/TEZ/IVA for oral administration.
NCT05076149,DRUG,Placebo (matched to IVA),Placebo matched to IVA for oral administration.
NCT06133335,OTHER,Periodontal examination,"Periodontal examination is performed using PCP UNC15 periodontal probe (common diagnostic method not added by research).

Gingival smear from various points in the oral cavity. This intervention consists in a smear of gingival area with an absorbent paper point into the space between the gum and the tooth (Jourdain et al. 2018). The objective of this technique is to remove the various elements of the periodontal pocket and in particular the desquamated cells."
NCT00004440,DRUG,ibuprofen,
NCT02276898,DRUG,Hypertonic Saline 7%,PARI Hyper-Sal™ Sodium Chloride Solution - 7%
NCT02276898,DRUG,Isotonic Saline 0.9% (Placebo),
NCT01031706,DRUG,Hypertonic Saline,"inhaled HS (6% NaCl, 4mL) three times a day for 28 days"
NCT01031706,DRUG,Placebo,4 ml 0.12% NaCl inhaled three times a day x 28 days
NCT03525444,DRUG,VX-445/TEZ/IVA,Participants received VX-445/TEZ/IVA orally once daily in the morning.
NCT03525444,DRUG,IVA,Participants received IVA orally once daily in the evening
NCT03525444,DRUG,Placebo,Participants received placebo matched VX-445/TEZ/IVA orally once daily in the morning and placebo matched to IVA orally once daily in the evening.
NCT01818206,OTHER,Collection of induced sputum in order to evaluate the efficacy of a cocktail of 10 bacteriophages.,Collection of induced sputum on cystic fibrosis patients in order to evaluate the efficacy of a cocktail of 10 bacteriophages.
NCT01094704,DRUG,sodium chloride (7%),4mL nebulized 7% sodium chloride
NCT04643587,BIOLOGICAL,CSL787,Human plasma-derived polyvalent immunoglobulin G (IgG) administered via inhalation of an aerosol produced using a nebulizer
NCT04643587,DRUG,Placebo,Normal saline (0.9% NaCl)
NCT00222521,DRUG,Glargine insulin,
NCT05980221,DIAGNOSTIC_TEST,Metabolomics,Plasma samples taken for the investigation of the metabolome
NCT05980221,DIAGNOSTIC_TEST,13C MTGT,sequential breath samples taken for investigation of PEI (reference test)
NCT05090904,DRUG,Brensocatib,Oral tablet
NCT05090904,DRUG,Placebo,Oral tablet
NCT00924547,DIETARY_SUPPLEMENT,Docosahexanoic Acid Supplement,"The active treatment will consist of Martek's chewable DHA capsules containing 200mg in each capsule. The treatment will be provided as approximately 25mg/kg/day and 35mg/kg/day.

These dosages will be divided BID-TID and will be given for 4 weeks."
NCT00924547,DIETARY_SUPPLEMENT,Placebo,Placebo identical to active treatment.
NCT02423447,DEVICE,Electro-Flo Intervention,An assigned respiratory therapist performed airway clearance on each participant with the Electro-Flo device following the 2012 CFF therapy guidelines
NCT02423447,DEVICE,G5 Intervention,An assigned respiratory therapist performed airway clearance on each participant with the G5 device following the 2012 CFF therapy guidelines
NCT03724955,DRUG,Estradiol 2 mg,Participants in this arm will receive Estradiol 2 mg oral daily for 6 months
NCT03724955,OTHER,Placebo,The placebo group will receive placebo oral daily for 6 months
NCT01702415,DRUG,Zoledronic acid,"Single dose, intravenous solution 5mg"
NCT01702415,DRUG,Placebo,
NCT03768089,DRUG,Placebo (matched to VX-121 suspension),Placebo matched to VX-121 suspension for oral administration.
NCT03768089,DRUG,VX-121 (Suspension),Suspension for oral administration.
NCT03768089,DRUG,TEZ/IVA,Fixed-dose combination tablet for oral administration.
NCT03768089,DRUG,IVA,Tablet for oral administration.
NCT03768089,DRUG,Placebo (matched to TEZ/IVA),Placebo matched to TEZ/IVA for oral administration.
NCT03768089,DRUG,Placebo (matched to IVA),Placebo matched to IVA for oral administration.
NCT03768089,DRUG,VX-121 (Tablet),Tablet for oral administration.
NCT03768089,DRUG,Placebo (matched to VX-121 tablet),Placebo matched to VX-121 tablet for oral administration.
NCT04058340,DIETARY_SUPPLEMENT,lactizole nebulization,Lactizole is generally recognized as safe: GRAS Flavor and Extract Manufacturers Association ( numer: 3773 ) Lactizole solution for nebulization was calculated based on dose-response curves; 150ppm was chosen as minimal effective (decreased sweet taste perception) and safety ( lack of FEV1 changes after nebulization)
NCT04058340,OTHER,Placebo,0.9% NaCl solution in nebulization
NCT02122289,DEVICE,Application of Smartphone,Weekly questionnaire on smartphone
NCT02122289,OTHER,No application Smartphone,No weekly questionnaire on smartphone
NCT02507843,DRUG,Cholecalciferol,Oral Cholecalciferol(100000 IU) will be administered in Vitamin D group monthly for 6 months.
NCT02507843,DRUG,Placebo,Placebo will be administered in placebo group monthly for 6 months.
NCT04242420,DIAGNOSTIC_TEST,Genotyping,"Genotyping for single nucleotide polymorphisms for Connexin 37\&43, Mannose binding lectin (MBL) and transforming growth factor beta (TGF beta) genotypes"
NCT04242420,DIAGNOSTIC_TEST,Lung function,"Spirometry,"
NCT04242420,DIAGNOSTIC_TEST,Microbiology,Bacterial culture from Sputum or swab
NCT04242420,DIAGNOSTIC_TEST,Blood sample,Interleukin-8 assay (via chemiluminescence) blood cell count
NCT04242420,DIAGNOSTIC_TEST,Induced Sputum,Interleukin-8 assay (via chemiluminescence) blood cell count
NCT02526004,DRUG,Ceftazidime,
NCT02526004,DRUG,Tobramycin,
NCT03931252,DIETARY_SUPPLEMENT,Boost VHC,"8 ounce can liquid meal, calories 530kcal, Carbohydrate 46g, Protein 22g, Fat 30g"
NCT03931252,DIETARY_SUPPLEMENT,Ensure High Protein,"8 ounce can liquid meal, calories 160kcal, Carbohydrate 13g, Protein 16g, Fat 2g"
NCT06237348,DEVICE,Simeox,Daily airway clearance therapy at home during 2 months
NCT06237348,COMBINATION_PRODUCT,Control,Daily airway clearance therapy at home during 2 months
NCT06559150,DRUG,Nebulized Ensifentrine Suspension; 3 mg,"Administered by a standard jet nebulizer, twice daily up to a maximum of 52 weeks"
NCT06559150,DRUG,Nebulized Placebo Solution,"Administered by a standard jet nebulizer, twice daily up to a maximum of 52 weeks"
NCT03375047,DRUG,MRT5005,Nebulization of MRT5005
NCT03375047,DRUG,Normal saline,Normal Saline for Inhalation
NCT06350474,OTHER,Discontinuation of dornase alfa (Dnase),Discontinuation of current dornase alfa (Dnase) therapy during 6-week study period.
NCT06350474,OTHER,Continuation of dornase alfa (Dnase),"Continuation of current dornase alfa (dnase) therapy during 6-week study period. Therapy is taken at least once daily according to each participant's pre-existing, clinically prescribed regimen (e.g., daily, twice daily)"
NCT01910415,DRUG,Lumacaftor,
NCT01910415,DRUG,Lumacaftor Placebo,
NCT01910415,DRUG,Ivacaftor,
NCT01910415,DRUG,Ivacaftor Placebo,
NCT01910415,DRUG,moxifloxacin hydrochloride,
NCT01807949,DRUG,Placebo,Matching placebo tablet
NCT01807949,DRUG,Lumacaftor Plus Ivacaftor Combination,Fixed dose combination tablet
NCT01807949,DRUG,Ivacaftor,Film-coated tablet
NCT01155115,PROCEDURE,Sputum Collection,"Each study participant will be invited to expectorate sputum for culture, sensitivity, cytology and analysis of cytokine levels. Culture and sensitivity will be performed routinely at the beginning of a pulmonary exacerbation, as per standard of care, and will only be performed at subsequent visits if there is clinical indication. A volume of 5ml of sputum will be required at each visit for analysis. If the participant is unable to expectorate this volume of sputum, he/she will be invited to induce sputum instead as per standard protocols."
NCT01155115,PROCEDURE,Pulmonary Function Testing,Participants will perform spirometry at each visit according to the American Thoracic Society and European Respiratory Society guidelines.
NCT01155115,PROCEDURE,Exhaled Nitric Oxide,"The investigators will measure exhaled Nitric Oxide (eNO) at each visit according to the American Thoracic Society and European Respiratory Society guidelines using a chemiluminescence analyzer. Briefly, single breath exhalation are performed in triplicate at flows of 30, 50, 100, 150, 200 and 250 ml/s and eNO is measured at the end of the exhalation. The higher the flow rate the more peripheral the airways that are being sampled."
NCT04602468,DRUG,Elexacaftor/Tezacaftor/Ivacaftor,"The intervention is the same for both study groups. In addition to all the assessments in the standard arm, the advanced arm subjects will undergo spirometry controlled CT, nasal lavage and sputum sample collection."
NCT03486236,DRUG,VX-440,VX-440 was administered in TC with TEZ and IVA.
NCT03486236,DRUG,TEZ,TEZ was administered as part of a fixed-dose combination (FDC) tablet (TEZ/IVA)
NCT03486236,DRUG,IVA,IVA was administered as part of a FDC tablet (TEZ/IVA) and as a mono tablet
NCT03486236,DRUG,Matched Placebos,"Placebos matched to VX-440, TEZ, and IVA."
NCT04010799,DRUG,CHF 6333,CHF 6333 - Part I - SAD CHF 6333 - Part II - MD
NCT04010799,DRUG,Placebo,Placebo - Part I - SAD Placebo Part II - MAD
NCT02883816,OTHER,assessment of lung function,measurement of lung volumes and flow rates of bronchial
NCT00570349,DRUG,Nitric Oxide for Inhalation,Nitric oxide will be administered at 20 ppm via nasal cannula over a 44 hour period.
NCT00570349,DRUG,Nitric Oxide for Inhalation,Nitric oxide will be administered at 40 ppm via nasal cannula over a 44 hours period.
NCT00570349,DRUG,Nitrogen,100% nitrogen (placebo) will be administered at 20 ppm or 40 ppm via nasal cannula over a 44 hour period.
NCT06237335,DRUG,RCT2100,RCT2100 supplied as varying dose strengths administered via oral inhalation using nebulizer
NCT06237335,OTHER,Placebo,Placebo of similar volumes to experimental dose strengths administered via oral inhalation using nebulizer
NCT06237335,DRUG,RCT2100,RCT2100 supplied as varying dose strengths administered via oral inhalation using nebulizer for 4 weeks
NCT06237335,DRUG,RCT2100,RCT2100 supplied at a single dose strength administered via oral inhalation using nebulizer for 12 weeks
NCT06237335,DRUG,Ivacaftor,ivacaftor administered orally for 6 weeks
NCT06237335,DRUG,RCT2100,RCT2100 supplied at varying dose strengths. Co- administered via oral inhalation using nebulizer for 4 weeks with ivacaftor after initial 2 weeks of ivacaftor dosing run in period
NCT02057458,DRUG,Sildenafil (Acute-1 hour),Vascular function will be assessed 1 hour following oral ingestion of sildenafil (50 mg)
NCT02057458,DRUG,Sildenafil (Subchronic-4 weeks),Vascular function will be assessed 4 weeks following 20 mg three times per day (TID) of sildenafil for four weeks
NCT02057458,DRUG,Placebo,Sugar pill designed to mimic the sildenafil treatment
NCT05844449,DRUG,VNZ/TEZ/D-IVA,Fixed-dose combination tablets or granules for oral administration.
NCT00685035,DEVICE,HFCWC with higher pressure/variable-frequency settings,"Randomized crossover trial of airway clearance therapy comparing sine wave HFCWO with high pressures and variable frequency (pressure 10, frequencies 8,9,10 and pressure 6, frequencies 18,19,20) to low pressure and mid frequency (pressure 5, frequency 12). Subjects will have 2-day washout between airway clearance sessions. All sputum collected during sessions."
NCT00685035,DEVICE,HFCWC with lower pressure/mid-frequency settings,"Subjects will perform pulmonary function tests prior to and following each airway clearance therapy. All sputum produced during, and for 15 minutes following airway clearance therapy will be collected. Subjects will complete a questionnaire addressing the comfort of therapy upon completion of the session."
NCT05867147,DRUG,Vanzacaftor,Tablets for oral administration.
NCT05867147,DRUG,Vanzacaftor Placebo,Placebo for oral administration.
NCT05867147,DRUG,Moxifloxacin,Tablets for oral administration.
NCT05867147,DRUG,Moxifloxacin Placebo,Tablets for oral administration.
NCT01288170,DRUG,Nebcinal Tobi,
NCT01288170,DRUG,Tobi Nebcinal,
NCT02782312,DRUG,ICS+LABA,Seretide is inhaled for one year
NCT02782312,OTHER,routine therapy,routine therapy for one year
NCT01262352,DRUG,Ivacaftor,"150 mg tablet, oral use, twice daily every 12 hours (q12h)"
NCT01262352,DRUG,Placebo,"Tablet, oral use, twice daily every 12 hours (q12h)"
NCT01710449,DRUG,perfluorinated gas/oxygen mixture,Subjects are imaged with MRI one time in an proof of concept study for the use of perfluorinated gas / oxygen mixtures as an MRI contrast agent for lung function.
NCT02014181,DIETARY_SUPPLEMENT,finely ground flaxseed powder,40 grams finely ground flaxseed powder daily for one month to patients with cystic fibrosis
NCT01455675,DRUG,IgY,Avian polyclonal anti-pseudomonas antibodies (IgY)
NCT01455675,DRUG,Placebo,"Placebo, 70 ml gargling solution, once daily"
NCT01788267,OTHER,scan examination HR-pQCT,
NCT05802264,COMBINATION_PRODUCT,ABCI,Subjects will receive ABCI via oral inhalation
NCT05802264,COMBINATION_PRODUCT,Placebo,Subjects will receive ABCI via oral inhalation
NCT05998629,DEVICE,a skin-interfaced colorimetric bifluidic sweat device with two synchronous channels,a skin-interfaced colorimetric bifluidic sweat device with two synchronous channels
NCT05998629,OTHER,Standard of Care laboratory procedure for measurement of sweat,a skin-interface sweat measurement using a smart-watch type device
NCT02234401,DEVICE,Bi level pressure support,
NCT02234401,OTHER,Standard Care,
NCT01515007,DRUG,Ciprofloxacin dispersion for inhalation,
NCT01515007,DRUG,Placebo,
NCT05614336,BIOLOGICAL,Blood sample,"Blood serum samples will be collected for analysis of COVID-19 antibody levels. For participants who consent to the optional study, a second blood sample will also be drawn into EDTA tubes (plasma)"
NCT01882400,DRUG,Bisphosphonate treatment,"Treatment with Calcium, vitamin D and a weekly bisphosphonate. Comparison of bone mass, fracture rate, pain intensity and scoliosis progression before and after treatment"
NCT02015507,DRUG,ivacaftor,
NCT02015507,DRUG,VX-661,
NCT02015507,DRUG,ciprofloxacin,
NCT07062939,OTHER,postural drainage with ACBT,postural drainage and ACBT for 2 times a day for 30 min for 4 weeks.
NCT07062939,OTHER,flutter with ACBT,flutter with active cycle breathing technique for 30 min. for 4 week and 2 times a day.
NCT04496921,DIETARY_SUPPLEMENT,"Vitamin K supplementation, dose #1","Vitamin K supplement : 2mg, once a day, for 6 months. Complete biochemical profile, weight and size (body mass index), drugs list, pulmonary function by spirometry (FEV, etc.). Food frequency questionnaire."
NCT04496921,DIETARY_SUPPLEMENT,"Vitamin K supplementation, dose #2","Vitamin K supplement : 7mg, twice a week, for 6 months. Complete biochemical profile, weight and size (body mass index), drugs list, pulmonary function by spirometry (FEV, etc.). Food frequency questionnaire."
NCT07720375,BIOLOGICAL,Galvokimig,Drug: Galvokimig Pharmaceutical form: Solution for injection
NCT07720375,BIOLOGICAL,Placebo,Drug: Placebo Pharmaceutical form: Solution for injection
NCT04683809,OTHER,Telerehabilitation,Patients will attend rehabilitation sessions through online programmes for rehabilitation
NCT01355796,DRUG,Xylitol,"Aerosolized 15% xylitol, 5 ml twice a day for 2 weeks"
NCT01355796,DRUG,Hypertonic saline,4 ml of 7 % saline aerosolized twice a day for 2 weeks
NCT03699982,OTHER,Daily calorie target based on resting energy expenditure,"Resting Energy Expenditure will be determined using the Harris-Benedict formula and indirect calorimetry testing. Additionally, a 48 Hour Dietary Recall will be completed to estimate approximate caloric intake at baseline.

Participants will be instructed to increase their daily calorie intake based on the highest REE/caloric intake, whether by indirect calorimetry, the Harris-Benedict formula, or patient's estimated current caloric intake."
NCT05295524,OTHER,Kaftrio utilization in real life,daily utilization of PHEAL-CR-K application at home and VOC (volatile organic compound) measure of exhaled air for a group of the patients
NCT02129803,DEVICE,"High-Flow, 20 LPM (via Optiflow cannula)",Nasal high flow humidification (20LPM) therapy will be administered using Optiflow with Airvo 2.
NCT02129803,DEVICE,"Low FLow, 5 LPM (via Optiflow cannula)",standard humidified wall medical air.
NCT02823470,DRUG,LUM/IVA,LUM 400 mg q12h/IVA 250 mg q12h through Week 48.
NCT02823470,DEVICE,activated smart device,
NCT02823470,DEVICE,de-activated smart device,
NCT01057524,DEVICE,High Frequency Chest Wall Oscillation (HFCWO),Airway clearance using the high frequency chest wall oscillator device
NCT01057524,OTHER,Usual airway clearance,"Airway clearance treatments using the active cycle of breathing techniques, autogenic drainage, positive expiratory pressure, manual techniques or oscillating positive expiratory pressure"
NCT03911713,DRUG,VX-561,VX-561 tablets for oral administration.
NCT03911713,DRUG,IVA,150-mg film-coated tablet for oral administration.
NCT03911713,DRUG,Placebo,Placebo matched to IVA.
NCT03911713,DRUG,Placebo,Placebos matched to VX-561.
NCT00762918,DIETARY_SUPPLEMENT,cholecalciferol,cholecalciferol 5000 IU capsule by mouth daily for 3 months
NCT02372383,DRUG,Ethambutol,Anti-mycobacterial oral drug
NCT02372383,DRUG,Rifampin,Anti-mycobacterial oral drug
NCT02372383,DRUG,Azithromycin,Anti-mycobacterial oral drug
NCT02372383,DRUG,Pancrelipase,Pancreatic enzyme replacement therapy
NCT02501369,BEHAVIORAL,Self-directed Teen Triple P,"Manualised parenting programme that parents will complete at home. This involves reading weekly modules of the manual and completing small exercises to practice the skills taught. These include strategies to help build positive relationships between parent and child, helping parents to effectively manage challenging childhood behaviours, and providing parents with the skills to support their child's independence and independent management of their cystic fibrosis."
NCT02277860,BEHAVIORAL,Exercise,"Aerobic and strength training using the Wii Fit for ≥ 30 min, ≥3 days/week, for 12 weeks, at a moderate intensity (Borg CR10 3-5)."
NCT05407272,OTHER,Health Education Manual,A health education manual based on a shared model
NCT05407272,OTHER,manual,routine care
NCT01621867,DRUG,pGM169/GL67A,5ml Gene Product/Lipid Vector pGM169/GL67A nebulised; 2ml nasal application of pGM169/GL67A in addition to 5ml nebulised gene product (Nasal Subgroup)
NCT01621867,DRUG,Placebo,5ml Nebulised non-active placebo; 2ml nasal administration of non-active placebo (nasal subgroup)
NCT04888767,OTHER,Interval Training Hight Intensity Program,"* Rehabilitation stay in hospitalization with 18 days of training sessions
* Training on an ergometer
* Sessions supervised by an Adapted Physical Activities (APA) teacher or a physiotherapist

  * Control group: 5 times / week; continuous work 20 to 30 min; around the 1st aerobic ventilation threshold
  * Intervention group: 2 times / week: maintenance sessions + 3 times / week: IHTI sessions - alternating 30s work / 30s rest repeated 6 times; at 60% of the maximum heart rate at the 1st session then increase as fast and large as possible"
NCT02919995,DRUG,RPL554,RPL554 suspension administered using a nebuliser
NCT02919995,DRUG,Placebo,Placebo solution administered using a nebuliser
NCT01759342,BEHAVIORAL,Aerobic exercise,
NCT01759342,BEHAVIORAL,Resistance exercise,
NCT01759342,BEHAVIORAL,Flexibility and postural exercise,
NCT01759342,BEHAVIORAL,Balance exercise,
NCT07289464,DRUG,RSS0343 Tablets,"RSS0343 tablets, oral."
NCT07289464,DRUG,RSS0343 Tablets Placebo,"RSS0343 tablets placebo, oral."
NCT01747330,DRUG,Pancreatin,Doses of Pancreatin \<2500 lipase u/kg/feed or \<4000 lipase U/g fat/intake or \<10000 lipase U/kg/day given orally are used
NCT02725567,DRUG,IVA,Granules in sachet for oral administration.
NCT02411981,OTHER,Autogenic drainage,
NCT02598999,DRUG,ALX-009,Solution for inhalation administered through nebulization
NCT02598999,DRUG,OSCN-,Solution for inhalation administered through nebulization
NCT02598999,DRUG,bLF,Solution for inhalation administered through nebulization
NCT02598999,DRUG,Placebo,"Solution for inhalation administered through nebulization, Sodium Chloride 0.9%"
NCT00128492,DRUG,AZLI 75 mg two times a day (BID)/ three times a day (TID),
NCT00431964,DRUG,azithromycin 250 mg tablets,"* One (1) tablet three times weekly for patients who weigh 40-79 lbs
* Two (2) tablets three times weekly for patients who weigh greater than or equal to 80 lbs"
NCT00431964,DRUG,placebo tablets,"* One (1) tablet three times weekly for patients who weigh 40-79 lbs
* Two (2) tablets three times weekly for patients who weigh greater than or equal to 80 lbs"
NCT03420209,BEHAVIORAL,Group applying PNF technique,
NCT01051999,DIETARY_SUPPLEMENT,Glutamine,Oral glutamine powder
NCT01051999,DIETARY_SUPPLEMENT,L-alanine,L-alanine oral powder
NCT01784419,DRUG,ivacaftor,"Eligible subjects were randomized to ivacaftor 150 mg by mouth twice a day for 14 days followed by placebo for 14 days, or vice versa. Randomization was based on a computer-generated schedule produced by the research pharmacy, which was concealed from study personnel until study completion. Ivacaftor was purchased at full retail cost and encapsulated with sucrose to match the sucrose-filled placebo capsules. Prior to beginning study drug, there was a 2-week run-in period to ensure clinical stability, assessed by modified Fuchs criteria and pulmonary function. There was a washout period of a minimum of 14 days between study drug cycles to account for carryover effect. The washout period was extended to 6 weeks for subjects on alternating cycles of inhaled antibiotics to coordinate the study drug cycle with the inhaled antibiotic cycle."
NCT01784419,DRUG,Placebo,"Eligible subjects were randomized to ivacaftor 150 mg by mouth twice a day for 14 days followed by placebo for 14 days, or vice versa. Randomization was based on a computer-generated schedule produced by the research pharmacy, which was concealed from study personnel until study completion. Ivacaftor was purchased at full retail cost and encapsulated with sucrose to match the sucrose-filled placebo capsules. Prior to beginning study drug, there was a 2-week run-in period to ensure clinical stability, assessed by modified Fuchs criteria and pulmonary function. There was a washout period of a minimum of 14 days between study drug cycles to account for carryover effect. The washout period was extended to 6 weeks for subjects on alternating cycles of inhaled antibiotics to coordinate the study drug cycle with the inhaled antibiotic cycle."
NCT06902363,DEVICE,Macroduct Advanced,Sweat stimulation and collection using the Macroduct Advanced system on two anatomical sites (forearm and thigh) in infants under 6 months of age.
NCT03939065,DEVICE,Sensor Augmented Pump Therapy,Incorporating both insulin pump and CGM technology together (also known as SAP therapy) has the potential to better optimize glycemic control than each device alone. Participants in this arm will receive their insulin dosing via insulin pump and their blood sugars will be monitored using a Continuous Glucose Monitor.
NCT03939065,DEVICE,Standard of Care with CGM,Participants assigned to this arm will receive conventional diabetes management with daily insulin injections (or on an insulin pump if already on an insulin pump in the outpatient setting) and capillary blood glucose monitoring. These participants will also wear a blinded Continuous Glucose Monitor (CGM) for outcome assessment.
NCT02433132,OTHER,Nasal brushing,The CCBN test is to evaluate the ion transport in the nasal epithelial cells taken from a subject by brushing the inferior turbinate with a mini-brush after local anesthesia. Analysis of ion transport is carried out ex vivo on the primary culture of nasal epithelial cells after brushing
NCT05932316,DIAGNOSTIC_TEST,spirometry,participants will undertake spirometry testing before and after bronchodilators and placebo
NCT05932316,DRUG,Salbutamol,Salbutamol inhalation to determine bronchodilator response
NCT05932316,DRUG,placebo,placebo inhalation prior to repeating spirometry
NCT07500493,BEHAVIORAL,Tele-Rehabilitation Exercise Program,An 8-week tele-rehabilitation program consisting of supervised aerobic and resistance exercise sessions delivered remotely three times per week using video communication. The program includes individualized exercise prescription and progressive adjustment based on participant tolerance and clinical status. Sessions are conducted by trained rehabilitation personnel following established pulmonary rehabilitation guidelines.
NCT02390219,DRUG,Lumacaftor,
NCT02390219,DRUG,Ivacaftor,
NCT07729787,PROCEDURE,Autogenic Drainage,"Autogenic drainage is a breathing-based airway clearance technique designed to mobilize and remove bronchial secretions. Participants will receive therapist-guided autogenic drainage sessions consisting of controlled breathing at low, medium, and high lung volumes to facilitate mucus movement from peripheral to central airways. Treatment sessions will be conducted under physiotherapist supervision for approximately 10 minutes per session, five times per week, for six weeks."
NCT07729787,DEVICE,Mechanical Percussion,"Mechanical percussion is an airway clearance intervention that utilizes a mechanical percussion device to generate rhythmic vibrations over the chest wall to loosen and mobilize pulmonary secretions. Participants will receive supervised mechanical percussion therapy for approximately 10 minutes per session, five times per week, for six weeks. Treatment will be delivered according to standardized clinical procedures, with device settings adjusted to participant tolerance and clinical response."
NCT03912233,DRUG,VX-121,Tablets for oral administration.
NCT03912233,DRUG,TEZ,TEZ tablet for oral administration.
NCT03912233,DRUG,VX-561,Tablets for oral administration.
NCT03912233,DRUG,TEZ/IVA,Fixed-dose combination tablets for oral administration.
NCT03912233,DRUG,IVA,Tablets for oral administration.
NCT03912233,DRUG,Placebo,"Placebos matched to VX-121, TEZ, and VX-561 for oral administration."
NCT01092572,DRUG,Simvastatin,simvastatin 40 mg per day orally for 12 weeks.
NCT01092572,DRUG,placebo,placebo 1 tablet once daily for 12 weeks
NCT01329172,OTHER,polyunsaturated fatty acids n-3,polyunsaturated fatty acids n-3 1 gram per day during two months
NCT01329172,OTHER,placebo,sun flower oil with Poly Unsaturated Fatty Acid 1g/day
NCT06616857,BEHAVIORAL,NUDGE,Individuals in this condition will receive intervention content to promote physical activity.
NCT06616857,OTHER,Education,Individuals will receive educational materials about how to increase physical activity
NCT02767297,DRUG,FDL169,
NCT00531882,DRUG,Pioglitazone,30 mg once a day
NCT00531882,DRUG,Simvastatin,40 mg once a day
NCT00531882,DRUG,Ibuprofen,"Ibuprofen 15-23 mg/kg twice daily, maximum 3200 mg/day"
NCT02605538,BIOLOGICAL,Vaccination with vaccine against hepatitis A and B,Vaccination against hepatitis A and B
NCT01695343,BIOLOGICAL,KB001-A,
NCT01695343,DRUG,Placebo Comparator,
NCT02603666,DEVICE,Fibroscan,"Ultrasound by specific wavelength developed for elastography, repeated measures according to the manufacturer's instructions."
NCT00399945,DRUG,Tobramycin,
NCT03224351,DRUG,VX-659,Tablet for oral administration.
NCT03224351,DRUG,TEZ/IVA,TEZ/IVA fixed-dose combination tablet for oral administration.
NCT03224351,DRUG,IVA,Tablet for oral administration.
NCT03224351,DRUG,Placebo (matched to VX-659/TEZ/IVA),Placebo matched to VX-659 and TEZ/IVA.
NCT03224351,DRUG,TEZ,Tablet for oral administration.
NCT03224351,DRUG,VX-561,Tablet for oral administration.
NCT03224351,DRUG,Placebo (matched to VX-659/TEZ/VX-561),"Placebo matched to VX-659, TEZ and VX-561."
NCT07274020,DRUG,Intermittent Moxifloxacin + Standard Care,"Moxifloxacin 400 mg orally once daily for 7 days every 8 weeks (total 6 cycles over 12 months), in addition to guideline-based standard care"
NCT07274020,OTHER,Standard Care (in control arm),Participants will receive guideline-based management of bronchiectasis without long-term suppressive antibiotics.
NCT01313624,DRUG,AZLI,AZLI 75 mg reconstituted with diluent and administered via nebulizer three times daily
NCT01313624,DRUG,Placebo,Placebo to match AZLI administered via nebulizer three times daily
NCT07031323,BEHAVIORAL,OnTrackCF,"OnTrackCF is a mHealth application co-developed with Upstream Dream. It is designed specifically to track and support adherence to CFTR modulator therapy. The app allows users to track their modulator intake and disease symptoms while supporting their adherence goals using Behavioral Change Techniques (BCTs) with empirical evidence of efficacy. The BCTs are administered primarily in the form of messages designed to deliver specific BCTs. The app sends up to 3 adherence support messages per day and provides detailed data to the user about their adherence levels, adherence goals, and disease symptoms. This process will continue until we reach an N=60 AWCF enrolled OR demonstrate that we have achieved 12 weeks of sustained user engagement with the app."
NCT06030206,BEHAVIORAL,Investigator-designed lung transplant education resource (Research Intervention),"Participants will access the investigator-designed educational resource via their login to a secure website. After three months, participants will gain access to the publicly available website (attention control) and will have an additional three months of access to both of these resources."
NCT06030206,BEHAVIORAL,Publicly available transplant education resource (Attention-control),"Participants will access the publicly available education resource via their login to a secure website. After three months, participants will gain access to the investigator-designed educational resource (research intervention) and will have an additional three months of access to both of these resources."
NCT00351078,DRUG,PTC124,"4-,4-, and 8-mg/kg PO first 14 days 10-, 10-, and 20-mg/kg TID second 14 days"
NCT00248755,PROCEDURE,mucociliary clearance scan,
NCT00434278,DRUG,Dornase alfa,2.5 mg inhalation dose twice daily for 14±2 days
NCT00434278,DRUG,placebo,2.5 mg inhalation dose twice daily for 14±2 days
NCT00928135,DRUG,Xylitol,15% xylitol solution for aerosol; Dosage: 5 ml twice a day (BID)
NCT00928135,DRUG,Hypertonic saline,7% hypertonic saline solution for aerosol; Dosage: 5 ml twice a day (BID)
NCT03911258,PROCEDURE,nasopharyngeal swab versus nasal wash,The type of procedure will be determine according to patient collaboration
NCT01837355,DIETARY_SUPPLEMENT,Lactobacillus rhamnosus,
NCT01837355,DIETARY_SUPPLEMENT,Placebo,
NCT07289035,DRUG,Tamoxifen Citrate 20Mg Tab,"One tablet per day (20 mg/day), in the morning."
NCT05101915,DRUG,RESP301,Inhaled IMP delivered via nebulisation
NCT01822197,DEVICE,Phototherapy,"light will be administered at a minimum distance of 12 inches away to provide 10,000 lux"
NCT00557089,DRUG,rhDNAse,2.5 mg rhDNase will be dispensed in 2.5 ml vials and administered once a day for 28 days. Treatment will be administered by inhalation.
NCT00557089,OTHER,Placebo,2.5 mg of the placebo will be dispensed in 2.5 ml vials and administered once a day over 28 days. Treatment will be administered by inhalation.
NCT03956589,DRUG,Orkambi,Open label of Orkambi treatment during 3 months
NCT02703155,DEVICE,Home Oral Glucose Tolerance Test kit,Providing Home Oral glucose tolerance test kit to children with Cystic fibrosis for screening Cystic Fibrosis Related Diabetes
NCT02070744,DRUG,VX-661,"Tablet, oral use"
NCT02070744,DRUG,Ivacaftor,"Film coated tablet, oral use"
NCT02070744,DRUG,Placebo matched to VX-661,"Tablet, oral use"
NCT02070744,DRUG,Placebo matched to Ivacaftor,"Film coated tablet, oral use"
NCT02212587,DRUG,TOBI,New inhalation devices such as the podhaler can administer tobramycin inhalation powder TIP/TOBI and achieve very high sputum drug levels. TOBI will be administered using the Podhaler
NCT03428334,DRUG,Oral roflumilast,"Roflumilast, a phosphodiesterase 4 (PDE4) inhibitor is approved worldwide (including Hong Kong) for treatment of severe chronic obstructive pulmonary disease (COPD) with frequent exacerbations. Roflumilast has been shown to have anti-inflammatory effect in patients with COPD, with significant reduction of sputum absolute neutrophil count, IL-8 and neutrophil elastase compared with placebo treatment. Roflumilast can also improve the lung function parameters in patients with COPD and reduce the rate of moderate-to-severe exacerbations."
NCT03375684,OTHER,Conventional chest physiotherapy,"Programme will include diaphragmatic breathing exercise, thoracic expansion exercises, incentive spirometer exercise (Triflo), oscillatory PEP (Flutter), postural drainage and coughing tecniques."
NCT03375684,OTHER,Inspiratory muscle training,Threshold IMT device will be used for the training. Training intensity will set at 30% of the maximum inspiratory pressure.
NCT03218917,DRUG,Brensocatib 10 mg,Administered once per day for 24 weeks
NCT03218917,DRUG,Brensocatib 25 mg,Administered once per day for 24 weeks
NCT03218917,DRUG,Placebo,Administered once per day for 24 weeks
NCT04624490,DRUG,Hyperpolarized Xe129,"During MRI scanning, subject will inhale hyperpolarized xenon gas for a maximum of 16 seconds per scan, with a maximum of 4 MR scans + Calibration in a given imaging session."
NCT04685720,DEVICE,LungFit,LungFit for NTM is an experimental device that produces Nitric Oxide from the ambient air.
NCT03181932,DRUG,Vancomycin inhalation powder,"100 participants are to be treated with double-blind vancomycin inhalation powder (75 subjects ≤21 years old, 25 subjects \>21 years old) for 24 weeks during Period 1."
NCT03181932,DRUG,Placebo inhalation powder,"100 participants are to be treated with double-blind placebo (75 subjects ≤21 years old, 25 subjects \>21 years old) for 24 weeks during Period 1."
NCT03181932,DRUG,Vancomycin inhalation powder,"In the 24-week Period 2, all participants are to be treated with open-label vancomycin inhalation powder."
NCT06057558,BIOLOGICAL,Probiotic throat spray,Throat spray containing Lacticaseibacillus casei AMBR2
NCT06478706,DRUG,ETD001,Twice daily doses
NCT06478706,DRUG,Placebo,Twice daily doses
NCT06429176,DRUG,SPL84,SPL84 solution for nebulization
NCT06429176,OTHER,Placebo,Placebo solution for nebulization
NCT06280066,OTHER,Intervention Program Based on Strengthening the Psychological Resilience of Children Diagnosed with Cystic Fibrosis and Their Mothers,"The content of the Intervention Program Based on Strengthening the Psychological Resilience of Children Diagnosed with Cystic Fibrosis and Their Mothers will include the Psychological Resiliency Program for Children and Adolescents developed by Akar (2018), laughter yoga, meditation, breathing exercises and therapeutic story sessions."
NCT02212431,DRUG,Cysteamine,"Dose will be increased weekly from 450mg od to 450mg bd, to 450mg tds to 450mg qds, will remain on highest dose for 2 weeks"
NCT05027503,OTHER,Exercise with hippotherapy simulator,30-minute (5 min warm-up+20 min exercise+5 min cool-down) center-based exercise with the hippotherapy simulator will be done 2 days a week for 8 weeks.
NCT05027503,OTHER,Respiratory Physiotherapy,"Respiratory physiotherapy includes breathing control (5x2), diaphragmatic breathing exercises (5x2), thoracic expansion exercises (5x2), incentive spirometer (5x2), opep device (5x2), postural drainage and percussion and cough improvement techniques (10 min). Home-based respiratory physiotherapy will be applied twice a day and every day of the week for 8 weeks."
NCT03992027,BEHAVIORAL,CF-CBT: A Cognitive-Behavioral Skills-Based Program to Promote Emotional Well-Being for Adults wtih Cystic Fibrosis,"CF-CBT is an 8-session program introducing cognitive-behavioral coping skills for managing stress, and for prevention and treatment of anxiety and depression. The content of the program was developed to address stressors related to coping with cystic fibrosis. Participants will receive a patient workbook, and meet with a trained member of the CF team (interventionist) who will guide them through learning and practicing coping skills during 8 weekly sessions."
NCT03992027,BEHAVIORAL,Waitlist Control,"Participants receive usual care for 3 months followed by CF-CBT. CF-CBT is an 8-session program introducing cognitive-behavioral coping skills for managing stress, and for prevention and treatment of anxiety and depression. The content of the program was developed to address stressors related to coping with cystic fibrosis. Participants will receive a patient workbook, and meet with a trained member of the CF team (interventionist) who will guide them through learning and practicing coping skills during 8 weekly sessions."
NCT03056989,DRUG,SPX-101,Inhalation solution twice daily for 7 days.
NCT02178540,DRUG,Placebo,one dose (4 capsules) of placebo
NCT02178540,DEVICE,Tobi Podhaler,"The capsule containing the study medication has to be released from the blister card, be inserted into the Podhaler device, actuated and the study drug be inhaled according to instructions for use"
NCT00079742,DRUG,Nutropin AQ [somatropin (DNA origin) injection],
NCT00241969,BEHAVIORAL,Behavioral and Nutrition Treatment,"This intervention will combine individualized nutrition counseling that targets increasing energy and fat intake and parent training of effective behavioral child management skills. The treatment is delivered through 8 weekly sessions followed by 4 monthly sessions, each lasting around 60 minutes."
NCT00241969,BEHAVIORAL,Education and Attention Control,"This intervention will provide information about a number of aspects of their child's CF care and also provides anticipatory guidance for preschoolers.The treatment is delivered through 8 weekly sessions followed by 4 monthly sessions, each lasting around 60 minutes."
NCT00782288,DRUG,digitoxin,"0.05mg tabs, once daily for 28 days"
NCT00782288,DRUG,digitoxin,"0.1mg pills, once daily for 28 days."
NCT00782288,OTHER,placebo,pill taken once daily for 28 days
NCT02653027,DRUG,Lumacaftor-ivacaftor,Subjects who are planning on starting the combination therapy (lumacaftor-ivacaftor) will participate in OGTTs before and after starting the medication.
NCT02653027,OTHER,OGTT,A subject is given an oral glucose load and insulin and glucose measurements are taken at specified time periods.
NCT02721498,PROCEDURE,Airway clearance session using the Active Cycle of Breathing Techniques (ACBT),"An airway clearance technique incorporating thoracic expansion exercises, breathing control (normal diaphragmatic breathing) and the forced expiration technique (or huffing)"
NCT02721498,OTHER,Rest period,A 30-60 minute of resting
NCT01844778,DRUG,Tobramycin Inhalation Powder,Tobramycin Inhalation Powder was administered via TOBI® Podhaler (T-326 inhaler).
NCT01844778,DRUG,Tobramycin inhalation solution,Tobramycin inhalation solution was administered via nebuliser
NCT01844778,DRUG,Colistimethate,Colistimethate was administered via nebuliser.
NCT00806884,OTHER,Physiotherapy Musculoskeletal Treatment,"Other: Physiotherapy Musculoskeletal Treatment Specific, gentle oscillatory mobilisations to the rib cage and thoracic spine of the subjects to improve joint alignment and mobility, and to reduce pain. Treatment of specific muscle dysfunction or tight muscle groups to further optimise muscle length and biomechanical relationships in the area , leading to improved efficiency of recruitment and improved power output. Postural education and awareness discussions to improve the subject's own joint alignment and ability in a functional manner. A short programme to reinforce the progress during the treatment sessions may be given."
NCT00806884,OTHER,Control group measurements,None other than control group measurements
NCT04476433,OTHER,Ten Vida (10Vida),10Vida is a psychoeducational and emotional programme for chronic illness in adolescents and their families.
NCT01208285,DRUG,VX-770,150 mg oral tablet
NCT02239458,DRUG,Saxagliptin,
NCT05359991,OTHER,Exercise,Cardiopulmonary Exercise Testing (CPET) will be used with Multiple Brief Exercise Bouts (MBEB) in order to obtain the necessary data to yield information on the study outcome variables
NCT05276960,DRUG,Cholecalciferol Pill,Dose increments according to serum levels determined every 2 months
NCT05408910,DRUG,Rifaximin 550 MG Oral Tablet [XIFAXAN],Participants in this arm will receive Rifaximin 550 mg three times daily for 14 days.
NCT05408910,DRUG,Placebo,Participants in this arm will receive placebo three times daily for 14 days.
NCT00185549,BEHAVIORAL,CF. DOC,
NCT02261987,OTHER,Autogenic drainage (AD),It will be apply in one only session. The time spent during this bronchial drainage session will be 30 minutes All patients will perform all interventions in a randomized order.
NCT02261987,OTHER,Resistive inspiratory manoeuvre (RIM),It will be apply in one only session. The time spent during this bronchial drainage session will be 30 minutes All patients will perform all interventions in a randomized order.
NCT02261987,OTHER,Resistive inspiratory manoeuvre+autogenic drainage,It will be apply in one only session. The time spent during this bronchial drainage session will be 30 minutes All patients will perform all interventions in a randomized order.
NCT00953706,DRUG,Ivacaftor,Tablet
NCT00953706,DRUG,Placebo,Tablet
NCT02866721,BIOLOGICAL,Mesenchymal Stem Cells,"A single dose, one time infusion (in the vein) of one of the following doses of human mesenchymal stem cells (hMSCs): 1 x 10\^6, 3 x 10\^6 or 5 x 10\^6 human mesenchymal stem cells per kilogram body weight (hMSCs/kg) during Visit 2. A traditional 3+3 design will be utilized.

Allogeneic mesenchymal stem cells (MSCs) will be derived from bone marrow aspirates from a healthy donor whose serum tests negative for cytomegalovirus (CMV) antibodies. Healthy donors will undergo tests for infectious disease and screening for 41 common cystic fibrosis transmembrane conductance regulator (CFTR) mutations. In addition, the MSCs will be validated for in vitro and in vivo efficacy and potency using the in vivo murine pre-clinical model of cystic fibrosis lung infection and inflammation."
NCT02797132,DRUG,LUM/IVA,
NCT06147778,DEVICE,MuCopilot mobile application,"MuCopilot is a software as medical device with three digital tests, to measure patient's with CF, lung function, global exercise capacity and a questionnaire to address CF symptoms and impacts on some aspects of patient's life"
NCT04353817,DRUG,ELX/TEZ/IVA,Fixed-dose combination tablet for oral administration qd in the morning.
NCT04353817,DRUG,IVA,Tablet for oral administration qd in the evening.
NCT04353817,OTHER,Placebo (matched to ELX/TEZ/IVA),Placebo matched to ELX/TEZ/IVA for oral administration once daily (qd) in the morning.
NCT04353817,OTHER,Placebo (matched to IVA),Placebo matched to IVA for oral administration qd in the evening.
NCT02269189,DRUG,"BIIL 284 BS, high dose",
NCT02269189,DRUG,"BIIL 284 BS, low dose",
NCT02269189,DRUG,Placebo,
NCT02613884,DRUG,Treatment,
NCT00308243,DRUG,Sodium Pyruvate in 0.9% Sodium Chloride Solution,
NCT02759562,DRUG,Andecaliximab,Administered via subcutaneous injection
NCT02759562,DRUG,Placebo,Administered via subcutaneous injection
NCT03522831,DRUG,Salbutamol,Administration of 400 μg meter-dose inhaler of salbutamol performed using large-volume spacer
NCT03522831,DRUG,Placebo,Administration of 400 μg meter-dose inhaler of placebo performed using large-volume spacer
NCT04010253,DEVICE,SIMEOX,Instrumental airway clearance by the medical device SIMEOX
NCT04010253,OTHER,Autogenic drainage,Manual aiway clearance by autogenic drainage
NCT01266473,OTHER,Physiotherapy,Physiotherapy for Airway Clearance
NCT02134353,DRUG,Inhaled mannitol,Inhaled mannitol 400 mg BD for 26 weeks
NCT02134353,DRUG,Placebo Comparator: Arm B - Control,Placebo Comparator: Arm B - Control BD for 26 weeks
NCT04105972,DRUG,ELX/TEZ/IVA,FDC tablet for oral administration.
NCT04105972,DRUG,TEZ/IVA,Fixed-dose combination (FDC) tablet for oral administration.
NCT04105972,DRUG,IVA,Mono tablet for oral administration.
NCT01548729,PROCEDURE,Combined pancreatic islet and lung transplantation,Combined pancreatic islet and lung transplant from the same donor for the treatment of patients with end-stage cystic fibrosis
NCT07148739,DRUG,Elexacaftor / Ivacaftor / Tezacaftor,"This study will examine different dosing strategies and outcomes for triple combination CFTR modulator therapy using the drug(s) elexacaftor, tezacaftor, and/or ivacaftor in patients with cystic fibrosis."
NCT07148739,OTHER,therapeutic drug monitoring,Participants who consent to the therapeutic drug monitoring study will have their dose adjusted to remain within estimated effective concentrations.
NCT01753869,PROCEDURE,Airways clearance and Hypertonic saline inhalation,
NCT00547053,DRUG,Amiloride Solution for Inhalation,"4.5 mL, Amiloride Solution for Inhalation, Inhaled via Omron Ultrasonic Nebulizer, TID, 6 months"
NCT00005112,DRUG,Human recombinant growth hormone,
NCT01768663,DRUG,Lumacaftor,"tablet, 200mg taken every 12 hours"
NCT01768663,DRUG,Ivacaftor,"tablet, 250mg taken every 12 hours"
NCT01768663,DRUG,Ciprofloxacin,750 mg taken every 12 hours
NCT01768663,DRUG,Itraconazole,200mg taken once daily
NCT01768663,DRUG,Rifampin,600mg taken once daily
NCT01956916,DIETARY_SUPPLEMENT,Lactobacillus rhamnosus GG,"Capsules containing lyophilized 6x10\^9 Colony Forming Units (CFU)/die LGG, (60mg) maltodextrin (163 mg), gelatine capsule (75 mg), magnesium stearate (2 mg)

1 cps/die for 12 months"
NCT01956916,DIETARY_SUPPLEMENT,placebo,"Capsules containing maltodextrin (163 mg), gelatine capsule (75 mg), magnesium stearate (2 mg)

1 cps/die for 12 months"
NCT03029455,DRUG,VX-659,
NCT03029455,DRUG,Tezacaftor,
NCT03029455,DRUG,Ivacaftor,
NCT03029455,DRUG,VX-659 Matching Placebo,
NCT03029455,DRUG,Triple Combination (TC) Matching Placebos,
NCT00073463,GENETIC,tgAAVCF,
NCT06368804,DRUG,Antibiotic monotherapy treatment and follow-up,"1. a 3-months treatment period, including:

   * an initial phase of 14 days, combining an oral fluoroquinolone (ciprofloxacin 750mg tw/d) with nebulized sodium colistimethate (1 Million Units tw/d)
   * a maintenance phase of 2.5 months: nebulized sodium colistimethate (1 MU tw/d) ;
2. a subsequent follow-up period of 9 months (i.e. until 12 months after the start of antibiotic therapy against Pseudomonas aeruginosa)."
NCT06368804,DRUG,Antibiotic bitherapy treatment and follow-up,"1. a 3-months treatment period, including:

   * an initial phase of 14 days, combining an IV beta-lactam antibitic (ceftazidime 4 or 6g/d) and an oral fluoroquinolone (ciprofloxacin 750mg tw/d) with nebulized sodium colistimethate (1 Million Units tw/d)
   * a maintenance phase of 2.5 months: nebulized sodium colistimethate (1 MU tw/d) ;
2. a subsequent follow-up period of 9 months (i.e. until 12 months after the start of antibiotic therapy against Pseudomonas aeruginosa)."
NCT00816309,DEVICE,Acapella Physiotherapy,twice daily- around 20 minutes
NCT01180634,DRUG,Aeroquin,Inhalation Solution
NCT01180634,DRUG,Placebo,Inhalation Solution
NCT06149793,DRUG,Empagliflozin,Sodium glucose co-transporter 2 inhibitor
NCT06149793,OTHER,Placebo Control,Placebo Control
NCT00885365,DRUG,tobramycin / Bramitob,"300mg/4ml solution, via a nebuliser, over a 4-week treatment in a twice-daily regimen"
NCT00885365,DRUG,tobramycin / TOBI,"300mg/5ml solution administered via nebuliser, over a 4-week treatment in a twice-daily regimen"
NCT00297167,DRUG,EUR-1008 (APT-1008),"EUR-1008 (APT-1008) microtablets (5000 lipase units) or minitablets (10000, 15000 or 20000 lipase units) contained in a capsule will be given orally daily in first double-blind intervention period; at a dose based on investigator's discretion as achieved during dose titration and stabilization period (6 to 9 days). The capsules could be opened and sprinkled on acidic food and half of the established dose was used with snacks. Treatment duration for first double-blind intervention period will be 2 days home treatment and 3 to 5 days hospital treatment."
NCT00297167,DRUG,Placebo,Placebo matched to EUR-1008 (APT-1008) microtablets or minitablets contained in a capsule will be given orally daily in second double-blind intervention period; at a dose based on investigator's discretion as achieved during dose titration and stabilization period (6 to 9 days). Treatment duration for second double-blind intervention period will be 2 days home treatment and 3 to 5 days hospital treatment.
NCT00297167,DRUG,Placebo,Placebo matched to EUR-1008 (APT-1008) microtablets or minitablets contained in a capsule will be given orally daily in first double-blind intervention period; at a dose based on investigator's discretion as achieved during dose titration and stabilization period (6 to 9 days). Treatment duration for first double-blind intervention period will be 2 days home treatment and 3 to 5 days hospital treatment.
NCT00297167,DRUG,EUR-1008 (APT-1008),"EUR-1008 (APT-1008) microtablets (5000 lipase units) or minitablets (10000, 15000 or 20000 lipase units) contained in a capsule will be given orally daily in second double-blind intervention period; at a dose based on investigator's discretion as achieved during dose titration and stabilization period (6 to 9 days). Treatment duration for second double-blind intervention period will be 2 days home treatment and 3 to 5 days hospital treatment."
NCT00638365,BIOLOGICAL,KB001,"Single-dose, 3mg/kg or 10mg/kg dose administered intravenously"
NCT00638365,OTHER,Placebo,Placebo single-dose administered intravenously
NCT06120465,OTHER,Yoga,Yoga classes
NCT07508904,OTHER,Arm Cycle Ergometry,Participants will undergo upper limb resistance training using an arm cycle ergometer
NCT07508904,OTHER,Leg Cycle Ergometry,Participants will undergo lower limb resistance training using a leg cycle ergometer
NCT03647228,DRUG,IONIS-ENaCRx,Ascending single and multiple doses of IONIS-ENaCRx inhaled or nebulized.
NCT03647228,DRUG,Placebo,Placebo comparator calculated volume to match active comparator inhaled or nebulized.
NCT00217204,DRUG,Pancrelipase microtablets,
NCT03497117,DEVICE,Lung Clearance Index,To assess the efficiency of ventilation distribution and gas mixing by measuring the rate of clearance of an inert gas (nitrogen) from the lungs.
NCT03497117,DRUG,MRI with PFP,"* Description: inhaled PFP, a gaseous contrast agent (79% PFP, 21% O2, pre-mixed, medical grade gas)
* Administration: Full-face disposable ventilation mask and a standard Douglas Bag system.
* Dosage: Two controlled breaths of contrast gas followed by a full breath and a 12-second breath-hold and scan for image acquisition.
* Frequency: Repeated 5 times followed by an identical five cycles with room air to ensure PFP gas wash-out has occurred."
NCT00016744,DRUG,Sodium 4-Phenylbutyrate (4PBA),The standard oral adult dose is 20g/day (tablets) for 4 days.
NCT00016744,DRUG,"Unconjugated Isoflavones 100 (PTI G-4660, 87% Genistein)",Every participant will be administered a perfusion of 50 MicroM of Genistein during the modified NPD procedure.
NCT00016744,DRUG,Placebo,"The placebo dose will match the oral tablets in arm 1, maintaining the study blind."
NCT02906826,DEVICE,Video game,Video game operated by performing therapy correctly
NCT01772758,DRUG,BH4 5mg,Kuvan® or sapropterin dihydrochloride is a synthetic preparation of the dihydrochloride salt of naturally occurring tetrahydrobiopterin (BH4). Subjects received an oral dose of 5 mg/kg of Kuvan® (Biomarin Pharmaceuticals Inc.)
NCT01772758,DRUG,BH4 20mg,Kuvan® or sapropterin dihydrochloride is a synthetic preparation of the dihydrochloride salt of naturally occurring tetrahydrobiopterin (BH4). Subjects received an oral dose of 20 mg/kg of Kuvan® (Biomarin Pharmaceuticals Inc.)
NCT01772758,DIETARY_SUPPLEMENT,Antioxidant Cocktail,"Vitamin C (1000 mg) , Vitamin E (600 IU) , and alpha-lipoic acid (600 mg). all BID"
NCT01116089,DRUG,Bramitob® administered by PARI LC® PLUS nebulizer,(tobramycin 300mg /4mL) solution administered by inhalation twice daily for 28 days
NCT01116089,DRUG,Bramitob® administered by PARI eFlow® rapid electronic nebulizer,(tobramycin 300mg /4mL) solution administered by inhalation twice daily for 28 days
NCT04017312,DEVICE,High Frequency Chest Wall Oscillation,"High frequency chest wall oscillation (HFCWO) therapy (also known as high-frequency chest-wall compression or HFCWC) is commonly prescribed to provide routine airway clearance in patients with bronchiectasis as well as other patients with a need for regular airway clearance therapy. HFCWO generates high velocity expiratory airflow. This airflow is thought to mobilize secretions by the sheer force created, effecting changes in rheology and moving mucus in a cephalad direction during the oscillation. The Vest® Airway Clearance System, a commonly used device, generates HFCWO using an air pulse generator and an inflatable garment that delivers pressure pulses to the thorax. These pressure pulses within the garment create HFCWO."
NCT04017312,DEVICE,Oscillating Positive Expiratory Pressure (OPEP),"Oscillating PEP is an airway clearance technique, where the person blows all the way out many times through a device. These types of oscillating PEP devices work in two ways. Firstly, they use resistance to make it more difficult during the breath out, like non-oscillating PEP devices. Oscillating PEP devices also create vibrations when breathing out. The vibrations move mucus from the surface of the airways. After blowing through the device several times, the person will huff and cough to clear the mucus from the lungs."
NCT02840136,DRUG,Piperacillin-tazobactam combination product,
NCT02840136,DRUG,Meropenem,
NCT02840136,DRUG,Ceftazidime,
NCT02538575,OTHER,6-minute walk test,a walk of 6 minutes repeated twice in an interval of 30 minutes
NCT07569419,DRUG,Linaclotide 290 micrograms,"290 mcg, 2 days dosing, oral capsule form"
NCT07569419,DRUG,Lactose placebo pill,"Placebo form, oral capsules identical to linaclotide"
NCT00846053,DIAGNOSTIC_TEST,FDG-PET,"All subjects underwent FDG-PET and low-dose volumetric CT imaging. After completing a transmission scan, \[18F\]FDG was injected intravenously at the start of dynamic scan acquisition. Regions of interest were drawn over multiple tomographic slices to determine average whole-lung and regional lung tissue \[18F\] FDG uptake. Patlak graphical analysis was used to determine the rate of \[18F\]FDG uptake from the blood input function and lung tissue activity curves, measured as the influx constant Ki (slope of the linear regression from the Patlak plot). Corrected Ki (i.e., Ki divided by the initial volume of distribution). Lung density was calculated from the attenuation image by standard methods."
NCT03451045,DRUG,Lenabasum 20 mg,Subjects will receive lenabasum 20 mg twice daily.
NCT03451045,DRUG,Lenabasum 5 mg,Subjects will receive lenabasum 5 mg twice daily.
NCT03451045,OTHER,Placebo,Subjects will receive placebo twice daily.
NCT02724527,DRUG,Cavosonstat,CFTR modulator that stabilizes CFTR
NCT02724527,DRUG,Placebo,Matched Placebo capsule
NCT05095246,BIOLOGICAL,KB407 (Nebulization),"Nebulized solution of KB407, a replication-incompetent HSV-1 expressing full length human CFTR"
NCT06861413,DRUG,VX-828,Tablets for Oral Administration.
NCT06861413,DRUG,VX-828,Suspension for Oral Administration.
NCT04166396,DRUG,Resveratrol,"500 mg resveratrol, BID"
NCT04166396,DRUG,NR,500 mg NR BID
NCT04166396,DIETARY_SUPPLEMENT,Placebo,Placebo
NCT01614470,DRUG,Ivacaftor,"150 mg tablet, oral use, administered twice a day (q12h)"
NCT01614470,DRUG,Placebo,"oral use, administered twice a day (q12h)"
NCT00418470,PROCEDURE,regular dilution of antibiotic in NS,IV administration of ceftazidime tid diluted in regular NS volume
NCT00418470,PROCEDURE,higher dilution of antibiotic in NS,IV administration of ceftazidime tid diluted in larger NS volume
NCT01737983,DIETARY_SUPPLEMENT,Lactobacillus reuteri,Lactobacillus reuteri was administered in 5 drops per day (10\^10 colony-forming units) for 6 months.
NCT01737983,DIETARY_SUPPLEMENT,placebo,"The placebo was packed in identical bottles, had the same color, weight, smell, and taste of the probiotic formulation, was administered in 5 drops per day"
NCT04809207,OTHER,CF Wellness Program Sessions,"The intervention will last approximately 12 weeks. During this time, up to 9 coaching sessions will be delivered. Each will last approximately 45 - 60 minutes. Sessions will be delivered either by web-based video chat (e.g., Zoom) or by telephone. Sessions will cover content such as understanding the physiological, cognitive, affective, behavioral contributors to CF fatigue; understanding the role of physical activity/exercise and fatigue including the importance of balancing activity and rest periods; cognitive restructuring; addressing attention and interpretation processes contributing to fatigue; teaching techniques such as mindfulness meditation relaxation strategies, good sleep hygiene, and activity scheduling and behavioral activation; and engaging social support. Physical activity goals will be set each session. Participants will be encouraged to use the provided fitness tracker and to sync weekly prior the coaching session so that the results can inform session content."
NCT00634192,DRUG,tobramycin,1x300mg/d inhaled
NCT00634192,DRUG,tobramycin,2x300mg/d inhaled
NCT02718495,DRUG,PTI-428,
NCT02718495,DRUG,Placebo,
NCT02347657,DRUG,VX-661 Plus Ivacaftor Combination,"FDC tablet, oral use"
NCT02347657,DRUG,Ivacaftor,"Tablet, oral use"
NCT02347657,DRUG,VX-661 Plus Ivacaftor Combination Placebo,"FDC tablet, oral use"
NCT02347657,DRUG,Ivacaftor placebo,"Tablet, oral use"
NCT05740618,DRUG,Mannitol Inhalant Product,A sugar alcohol indicated as an add-on maintenance therapy to improve pulmonary function in adult patients 18 years of age and older with cystic fibrosis.
NCT05937815,PROCEDURE,Sample collection,"collection of sputum, stool and blood samples at baseline, 6 months and 1 year after baseline"
NCT00677365,DRUG,MP-376,3 dose regimens of MP-376 administered twice daily (BID) or once daily (QD) for 28 days
NCT00677365,DRUG,Placebo,same frequency as study drug using the same nebulizer
NCT04461561,GENETIC,end-of-life nursing education consortium-pediatric palliative care as web based-training plus usual care,The End-of-Life Nursing Education Consortium (ELNEC) project is a national education initiative to improve nursing education on end-of-life care. The project is administered by the American Association of Colleges of Nursing and City of Hope National Medical Center. The intervention group received training through the Relais Academy website
NCT01104402,DEVICE,Home lung function and symptom monitoring,subjects in the intervention arm will measure spirometry and CF symptoms with the use of a handheld device.
NCT00826488,DEVICE,Digital Breast Tomosynthesis,Women with a positive screening mammogram called back for additional views will be asked to undergo an additional Digital Breast Tomosynthesis (3D mammogram) on the affected breast. Radiation dose is somewhat less than that of a screening mammogram.
NCT04966897,DIETARY_SUPPLEMENT,GlycosBio Nutritional Supplement + PERT placebo,"The lipid (fat) in the GlycosBio Nutritional Supplement (GBNS) was provided in the form of a re-structured lipid monoacylglyceride (MAG) produced by the study sponsor. MAGs are readily absorbed by enterocytes without the need of digestion by pancreatic lipases. The ""MAG oil"" is produced enzymatically from almond oil. The product also contains essential amino acids, carbohydrates as simple sugars and fat-soluble vitamins and minerals. The GBNS to be administered in a volume sufficient to supply 0.5 g of MAG per kg of body weight"
NCT04966897,DIETARY_SUPPLEMENT,Standard Nutritional Supplement + PERT,"A 5.9% fat triacylglycerol-based commercially available nutritional supplement (Boost Plus®, Nestlé Health Science, Bridgewater, NJ) in a volume sufficient to supply 0.5 g of TAG per kg of body weight over the same time period and PERT capsules (24,000 iu/capsule) at a dose of 2,500 iu of lipase activity per gram of fat ingested."
NCT03589313,DRUG,GLPG3067 single dose,GLPG3067 film coated tablets provided at Day 1.
NCT03051490,DRUG,Liprotamase,"oral, soluble, non-enterically coated, non-porcine, pancreatic enzyme replacement"
NCT03051490,DRUG,porcine PERT,"oral, enterically-coated, pig-derived, pancreatic enzyme replacement"
NCT02443688,DRUG,CTX-4430,
NCT02443688,DRUG,Placebo,
NCT00388466,DEVICE,GALILEO,
NCT00005110,DRUG,Salmeterol,
NCT00005110,DRUG,Albuterol,
NCT06164470,BEHAVIORAL,Support Group,monthly virtual patient support with multidisciplinary education for 12 sessions
NCT00684346,OTHER,18-FDG,The administered intravenous dose of 18-FDG is 0.14mCi/kg up to a maximum of 10mCi before each PET imaging scan is performed.
NCT00817180,OTHER,Positive Expiratory Pressure (PEP),Physiotherapy technique for airway clearance
NCT00817180,OTHER,High Frequency Chest Wall Oscillation (HFCWO) using InCourage Vest System,Physiotherapy technique for airway clearance.
NCT03434886,OTHER,CFView,Registry patient portal
NCT03434886,OTHER,CF educational videos,CF educational videos
NCT00996424,DRUG,Acetylcysteine,Inhalation with N-Acetylcysteine
NCT00996424,DRUG,normal saline,Inhalation with normal saline solution
NCT01349192,DRUG,Rifampin,Adult Dose: 300mg twice daily for 14 days. Pediatric Dose: \<40kg : 15mg/kg daily for 14 days divided every 12 hours.
NCT01349192,DRUG,Trimethoprim/Sulfamethoxazole,Adult Dose: 320/1600 orally twice daily for 14 days. Pediatric Dose: \<40 kg : 8mg/kg trimethoprim / 40 mg/kg sulfamethoxazole twice a day for 14 days.
NCT01349192,DRUG,Minocycline,"only subjects greater or equal to 8 years of age, who are not able to tolerate TMP/SMX or whose screening MRSA is resistant to TMP/SMX should be prescribed minocycline.

Adult dose: 100 mg orally twice daily for 14 days Pediatric dose: \< 50 kg : 2mg/kg orally twice daily for 14 days not to exceed 200mg per day."
NCT01349192,DRUG,Mupirocin,1 gram 2% nasal ointment generously applied to each nostril using a cotton swab twice daily for 14 days.
NCT01349192,DRUG,chlorhexidine gluconate oral rinse,for subjects able to swish without swallowing. 0.12% chlorhexidine gluconate oral rinse twice daily for 14 days.
NCT01349192,DRUG,2% Chlorhexidine solution wipes,whole body wash solution wipes once daily for first 5 days.
NCT01349192,BEHAVIORAL,Environmental Decontamination,"wipe down high touch surfaces and medical equipment with surface disinfecting wipes daily for the first 21 days.

wash all linens and towels in hot water once weekly for three weeks."
NCT02850692,OTHER,measure of endothelial function,Arterial tone index measured by EndoPAT®. Patient should neither eat nor drink at least 4 hours before exam and should neither smoke 3 hours before the exam.
NCT02850692,BIOLOGICAL,Blood sample,"21 ml of blood to measure : hepatic workup, complete blood count (CBC), platelets, prothrombin time (PT), activated partial thromboplastin time (aPTT), C-reactive protein (CRP), lipid test, ionograms, creatinine, tissue plasminogen activator factor (tPA), plasminogen activator inhibitor-1 (PAI-1), tissue factor pathway inhibitor (TFPI), Willebrand factor, soluble thrombomodulin, blood levels of endoglin and syndecan. And level beta human chorionic gonadotropin (beta-HCG) for woman only."
NCT02850692,OTHER,Hepatic elastography,Hepatic elastography by Fibrocan®. Patient should neither eat nor drink at least 2 hours before exam. 10 successive measurements are made.
NCT02850692,DIAGNOSTIC_TEST,Injected abdominal CT,"Patient should neither eat nor drink at least 4 hours before exam.

The examination is not realized if an abdominal scan or an MRI was performed in the five years prior to the day of the visit."
NCT01315665,DIETARY_SUPPLEMENT,Broccoli sprouts,Subjects (both healthy volunteers and subjects with cystic fibrosis) will consume 100 gm of raw broccoli sprouts once daily for 5 consecutive days.
NCT04825236,OTHER,MyVoice:CF,"Participants will be given access to MyVoice:CF, a web-based decision aid (DA). This tool includes information about fertility, genetics, parenting, pregnancy, and breastfeeding within the context of cystic fibrosis (CF). The tool includes interactive elements designed to give users the ability to assess and reflect on their own reproductive goals and experiences and promote self-efficacy to engage in shared decision-making with their CF and women's health providers.

Upon completion of use of the decision aid, a summary sheet is generated based on the user's interaction with the tool. This summary is supplied to the provider prior to the next appointment."
NCT00719381,DRUG,Pioglitazone,Treatment of pioglitazone will consist of 15 mg once daily for 28 days followed by 30 mg once daily for 28 days (N=12)
NCT00234663,DRUG,PTC124,
NCT06217952,DRUG,SPL84,SPL84 solution for nebulization
NCT06217952,OTHER,Placebo,Placebo solution for nebulization
NCT03655249,OTHER,Autogenic drainage,Autogenic drainage is an airway clearance technique that attempts to obtain the optimal airflow to evacuate the secretions. This technique uses modulation of inspiratory and expiratory airflow at different breathing level within the vital capacity.
NCT03655249,DRUG,Aerosoltherapy,"Aerosolized drugs are individualized for each participants, in line with current standardized practice in our hospital. Those drugs will not be modified for the purpose of this study."
NCT04696198,OTHER,Manual Therapy Intervention,Manual Therapy Interventions to improve range of motion and decrease pain
NCT04696198,OTHER,Standard care,standard care
NCT02869932,RADIATION,Lung CT scan,Lung CT scan without injection
NCT01615484,PROCEDURE,Transplantation of lungs obtained from Non-Heart-Beating Donors (NHBDs) after ex-vivo perfusion w/ STEEN Solution™,"After EVLP, lungs will be cooled in the circuit to room temperature, then flushed with cold Perfadex™, and taken to UNCH where they will have an ex-vivo CT scan. Lungs determined suitable will be offered to consented patients at UNC Hospitals and Duke University Medical Center based on Lung Allocation Score. Lungs not considered for transplantation may be subjected to different experiments but are not to be a part of this research study. In summary, lungs with good and stable function during EVLP will be transplanted into recipients as per current clinical practice."
NCT01615484,DEVICE,STEEN Solution™,This solution is a buffered dextran and albumin-containing extracellular perfusate with an optimal colloid osmotic pressure developed specifically for extra-corporeal perfusion of lungs.
NCT02750722,DEVICE,Flutter®,Acute exercise with Flutter® breathing therapy.
NCT02750722,DEVICE,No Flutter®,Acute exercise without Flutter® breathing therapy.
NCT00868075,PROCEDURE,Chest physiotherapy,Twice daily for 8 weeks
NCT00868075,PROCEDURE,Chest Physiotherapy + Exercise Program,Twice daily chest physiotherapy and Three times weekly exercise program (two sessions supervised)for 8 weeks
NCT00376428,DRUG,Gentamicin,
NCT00311883,DRUG,hydroxychloroquine,
NCT01223183,DRUG,hypertonic saline (7%),single treatment by inhalation
NCT01223183,DRUG,isotonic saline,single treatment by inhalation
NCT05655637,OTHER,Exercise,"There will be one group, and study will be Quasi Experimental Study. Treatment will be given to all 28 participants, 3 sessions in a week for 4 weeks. Pre and Post treat-meant evaluation will be checked by CFQR+14. All patients will be treated with exercise program of Active cycle breathing techniques(ACBT), Pursed lip breathing, Endurance Exercise 20 to 30 min ( walking, cycling) and strength training with Thera-Bands (Bilateral arm raising, Bilateral knee extension). Exercise capacity will be measured with 6MWT. Dyspnea and fatigue will be measured with Borg scale."
NCT01931839,DRUG,Lumacaftor Plus Ivacaftor Combination,"Fixed dose combination tablet, oral use"
NCT01931839,DRUG,Ivacaftor,"Film-coated tablet, oral use"
NCT07437105,DRUG,VX-272,Suspension for Oral Administration.
NCT07437105,DRUG,Placebo,Suspension for Oral Administration.
NCT05504837,BIOLOGICAL,KB407 (Nebulization),"Nebulized solution of KB407, a replication-defective HSV-1 expressing full length human CFTR"
NCT00177645,PROCEDURE,sodium bicarbonate,inhalation of sodium bicarbonate or sodium chloride
NCT04411901,DRUG,Cholecalciferol (vitaminD3),Theraputic vitamin D3 for CF and non CF bronchiectasis children
NCT06468527,DRUG,Diponecaftor,"Diponecaftor is a triple combination of DIR/POS/NES. The combination therapy will be administered orally during 8 weeks. The daily dose contains:

* DIR 300 mg/day
* POS 600 mg/day
* NES 10 mg/day"
NCT06468527,DRUG,Placebo,Placebo once daily for 8 weeks. Oral administration.
NCT03052556,PROCEDURE,Pap smear test and HPV test,"Included women will attend a consultation with a gynaecologist. Pap smear test with HPV test will be performed. Samples collected by cervical scrape with a brush, will be prepared for liquid-based cytology. A sample of the sample will be used for research on HPV (Multiplex DNA PCR).

This method allows detection of 35 different HPV genotypes: high risk (HPV-16, -18, -26, -31, -33, -35, -39, -45, -51, -52, 53, -56, -58, -59, -66, -68, -70, -73, -82, and -85); and low risk (HPV-6, -11, -40, -42, -43, -44, -54, -61, -62, -71, -72, -81, -83, -84, and -89).

Patients with an initial abnormal pap smear or a positive HPV test will be monitored:

* In case of an abnormal smear and / or positive HPV test, pap smear and HPV testing will be renewed every 6 months during the study period
* In case of an abnormal smear:

ASC-US: the attitude will depend on the result of the HPV test ASC-H, LSIL, HSIL, AGUS, AGC, AIS, carcinoma: a colposcopy will be performed"
NCT04731272,DRUG,Dulaglutide 0.75Mg/0.5Ml Inj Pen,"Randomized, open-label, cross-over study of 6 weeks exposure to dulaglutide 0.75 mg subcutaneous weekly or observation."
NCT00763477,BIOLOGICAL,ghrelin,subcutaneous injection
NCT01737801,PROCEDURE,Lung function test,Lung function test.
NCT01172301,DIETARY_SUPPLEMENT,Essential amino acid intake + Leucine vs total AA supplement,7 g as bolus
NCT00411736,DRUG,"Study medication, azithromycin or placebo","Granulate for syrup in the group under 8 years, 40 mg/ml. Dose: 5 mg/kg/day in one daily dose."
NCT00411736,DRUG,Azithromycin or placebo tablets,"Tablets of 250 mg, azithromycin or placebo. Dosage: 1 tablet every other day for participants with a weight less than 40 kg´s. 1 tablet every day for participants weighing 40 kg´s or more."
NCT01889927,OTHER,Exercise Intervention,"The exercise intervention will include aerobic, anaerobic, strength, core conditioning and stretching components."
NCT02199340,OTHER,iStep exercise test,newly developed submaximal exercise test
NCT02199340,OTHER,CPET exercise test,maximal gold standard exercise test
NCT00104520,DRUG,AZLI 75 mg two times a day (BID)/three times a day (TID),
NCT00104520,DRUG,Placebo two times a day (BID)/three times a day (TID),
NCT02421120,DRUG,Ceftolozane/Tazobactam,1 hour intravenous infusion
NCT00528190,DRUG,Itraconazole,Oral Itraconazole 5mg/kg/day or identical placebo for 24 weeks
NCT00219882,DRUG,standardized turmeric root extract,"1.5 gm of standardized tumeric root extract three times per day for seven consecutive days, followed by 3 gm of standardized tumeric root extract three times per day for seven consecutive days"
NCT05766774,OTHER,"Low-added sugar, high-fat diet","Consist of \<5% kcal from added sugars as recommended by the American Heart Association, and the glycemic index will be 45 or lower (25% lower than typical CF diet). The macronutrient composition of both study diets will reflect the general CF recommendations for macronutrients: 35-40% of total kcal from fat and 15-20% total kcal from protein."
NCT05766774,OTHER,"High-added sugar, high-fat CF diet",Consist of ≥13% kcal from added sugars and the glycemic index will be \>60. The macronutrient composition of both study diets will reflect the general CF recommendations for macronutrients: 35-40% of total kcal from fat and 15-20% total kcal from protein.
NCT06875050,OTHER,Mediterranean diet,Tailored dietary plan following Mediterranean diet to cover macronutrients needs according to recommended daily allowance (RDA) for age
NCT06875050,DIETARY_SUPPLEMENT,Fat soluble vitamins supplementation,"Fat soluble vitamins supplementation (150 μg vitamin A, 2000 IU vitamin D, 100 mg vitamin E and 1000 μg vitamin K)."
NCT06875050,DIETARY_SUPPLEMENT,Antioxidant Supplement,"Antioxidant supplements in specific doses in oral liquid form (200 mg vitamin E, 300 mg vitamin C, 90 μg Se, 500 μg vitamin A, 30 mg zinc, 3 mg copper and 2000 IU vitamin D)."
NCT01347190,BIOLOGICAL,CR002 Liquid API,A single nominal dose of CR002 (three different dose groups) will be inhaled as an aerosol mist produced by an I-neb Adaptive Aerosol Delivery (AAD) System.
NCT01347190,BIOLOGICAL,Placebo,A single nominal dose of Placebo will be inhaled as an aerosol mist produced by an I-neb Adaptive Aerosol Delivery (AAD) System.
NCT05530278,DRUG,Galicaftor,Oral
NCT05530278,DRUG,ABBV-576,Oral
NCT05530278,DRUG,Navocaftor,Oral
NCT05530278,DRUG,Midazolam,Oral
NCT02994706,PROCEDURE,Home Monitoring,"Participants selected to receive home monitoring, in addition to routine CF care, will be given a digital lung function monitor (spirometer) and a modified mobile phone."
NCT02994706,OTHER,Clinical Care,Participants selected for this arm will continue to receive routine clinical care.
NCT00004806,GENETIC,Cystic fibrosis transmembrane conductance regulator,
NCT04170114,OTHER,Comprehensive Respiratory Physiotherapy,"All patients will receive comprehensive respiratory physiotherapy training by the physiotherapist. All patients will undergo comprehensive respiratory physiotherapy techniques twice daily for 8 weeks.

Comprehensive respiratory physiotherapy programme will include diaphragmatic breathing exercise, thoracic expansion exercises, incentive spirometer exercise (Triflo), oscillatory PEP (Flutter), postural drainage, coughing techniques and teaching respiratory control."
NCT02715921,OTHER,Tele-exercise,
NCT02201082,PROCEDURE,Airway clearance technique,
NCT02201082,DRUG,Amikacin nebulization,
NCT00909727,DRUG,Ivacaftor,150-mg tablet given orally q12h for up to 48 weeks
NCT00909727,DRUG,Placebo,Tablet given orally q12h for up to 48 weeks
NCT03921060,DRUG,Denosumab,treatment with denosumab every 6 months for up to 5 years
NCT03691779,DRUG,ELX/TEZ/IVA,Fixed-dose combination tablet orally once daily in the morning.
NCT03691779,DRUG,IVA,IVA tablet orally once daily in the evening.
NCT01943890,DEVICE,Hypertonic saline,"1 mmol/ml hypertonic saline given from (small children) 1,5 ml in 3 positions twice daily increasing to (children) 2 ml in 3 positions twice daily and up to (adults) 3 ml in 3 positions twice daily"
NCT01943890,PROCEDURE,Physiotherapy,
NCT00014950,PROCEDURE,CF newborn screening,
NCT04798118,PROCEDURE,toilet bronchoscope,"Toilet bronchoscopy will be done by infuse normal saline or N-Acetylcysteine with a syringe, observing the flow of saline at the distal tip of the bronchoscope then suction intra bronchial visible secretions during the procedure and also suction of specific lobe guided by radiological finding in the patient A chest X-ray will be routinely performed prior and after the procedure, HRCT is mandatory when chest x-ray not clearly defining the collapse monitoring of heart rate, oxygen saturation, ventilator parameters, and arterial blood pressure will be done"
NCT02951182,DRUG,TEZ,
NCT02951182,DRUG,IVA,
NCT02951182,DRUG,VX-440,
NCT02951182,DRUG,Matched Placebo,
NCT04509661,DRUG,LABA/LAMA or Placebo inhalation,Inhaled LABA/LAMA for one year.
NCT00792194,OTHER,Exercise training,"Subjects will be randomised in two groups:

a control group, where subjects are asked to continue their normal daily activities and physiotherapy regime.

a training group, where subjects are asked to exercise three times a week, whenever they want during the day."
NCT05135156,BEHAVIORAL,Investigator-designed lung transplant education resource (Research Intervention),"Participants will access the investigator-designed educational resource via their login to a secure website. After two weeks, participants will gain access to the publicly available website (attention control) and will have an additional two weeks of access to both of these resources."
NCT05135156,BEHAVIORAL,Publicly available transplant education resource (Attention Control),"Participants will access the publicly available education resource via their login to a secure website. After two weeks, participants will gain access to the investigator-designed educational resource (research intervention) and will have an additional two weeks of access to both of these resources."
NCT05444257,DRUG,VX-121/TEZ/D-IVA,Fixed-dose combination tablets for oral administration.
NCT00425165,DRUG,denufosol tetrasodium (INS37217) Inhalation Solution,Denufosol 60 mg is administered as an inhalation solution one time during the study.
NCT04131972,DEVICE,REGENERA,REGENERA breast implant
NCT05704036,DRUG,Transdermal estrogen,"Transdermal estradiol 0.1 mg/day, applied once weekly"
NCT05704036,DRUG,Progesterone,"Progesterone 200 mg daily for 10 days/month, if participant is not on progesterone-containing contraceptive"
NCT03117764,DEVICE,Microfet Dynamometer,"To evaluate muscular strength, the investigators will measure quadriceps force at the beginning of the cure and at the end with a functional test, the 1-minute Sit-to-Stand test, and a maximal isometric force test, with the Microfet2dynamometer. Those tests are not invasive and easy to realise.

The investigators will estimate the physical activity of the patients with an accelerometer that they will each carry 72 hours, during the cure.

Patients who undergo their cure at the hospital will follow a specific training program with the physiotherapist."
NCT03117764,BEHAVIORAL,1 minute sit to stand test,"To evaluate muscular strength, the investigators will measure quadriceps force at the beginning of the cure and at the end with a functional test, the 1-minute Sit-to-Stand test, and a maximal isometric force test, with the Microfet2dynamometer. Those tests are not invasive and easy to realise.

The investigators will estimate the physical activity of the patients with an accelerometer that they will each carry 72 hours, during the cure.

Patients who undergo their cure at the hospital will follow a specific training program with the physiotherapist."
NCT03117764,DEVICE,Accelerometer,"To evaluate muscular strength, the investigators will measure quadriceps force at the beginning of the cure and at the end with a functional test, the 1-minute Sit-to-Stand test, and a maximal isometric force test, with the Microfet2dynamometer. Those tests are not invasive and easy to realise.

The investigators will estimate the physical activity of the patients with an accelerometer that they will each carry 72 hours, during the cure.

Patients who undergo their cure at the hospital will follow a specific training program with the physiotherapist."
NCT07450547,DRUG,ANG003 Dose A,"160,000 u\* lipase, 105,000 u\* protease, and 11,600 u\* amylase per dose (\*units are comparable to United States Pharmacopeiea \[USP\])"
NCT07450547,DRUG,ANG003 Dose B,"240,000 u\* lipase, 105,000 u\* protease, and 11,600 u\* amylase per dose (\*units are comparable to United States Pharmacopeiea \[USP\])"
NCT07450547,DRUG,Creon,The commercially available pPERT Creon will be the active comparator in the study. Subjects will be instructed to take Creon according to the package insert and PI direction.
NCT00751647,OTHER,Physical Therapy,Treatment
NCT02694393,DRUG,sodium nitrite,inhalation of 46 or 80 mg of sodium nitrite by electronic nebulization
NCT02444234,DRUG,Tedizolid PO,Participants will be randomized to receive tedizolid oral 200mg once daily for 3 days and crossed over to IV after a 1 week washout.
NCT02444234,DRUG,Tedizolid IV,Participants will be randomized to receive tedizolid IV 200mg once daily for 3 days and crossed over to PO after a 1 week washout.
NCT04249999,BEHAVIORAL,ActivOnline,Access to online physical activity platform (www.activonline.com.au)
NCT01315678,DRUG,Liposomal amikacin for inhalation (Arikayce™) using the PARI Investigational eFlow® Nebulizer.,"Liposomal amikacin for inhalation is provided as a sterile aqueous liposomal dispersion for inhalation via nebulization.

* 590 mg of liposomal amikacin for inhalation is administered once daily using the PARI Investigational eFlow® Nebulizer.
* Administration time is approximately 13 minutes.
* liposomal amikacin for inhalation will be administered for 3 cycles where each cycle consists of 28 days on-treatment followed by 28 days off-treatment."
NCT01315678,DRUG,Tobramycin inhalation solution using a PARI LC® Plus nebulizer.,"300 mg tobramycin inhalation solution is administered twice a day using a PARI LC® Plus nebulizer.

* Nebulization time is approximately 20 minutes for each administration.
* Tobramycin inhalation solution will be administered for 3 cycles where each cycle consists of 28 days on-treatment followed by 28 days off-treatment"
NCT03669614,DRUG,Inhaled AR-501,single and multiple ascending doses of inhaled AR-501
NCT03669614,DRUG,Inhaled Placebo,single and multiple ascending doses of inhaled placebo
NCT05482048,OTHER,Exercise as Airway Clearance Therapy (ExACT),"Arm-2 (ExACT): Participants will be advised to replace routine chest physiotherapy sessions with exercise combined with coughs and huffs - also referred to as forced expiratory techniques (FET). The undertaking of ExACT at least once per day is expected.

Written and verbal instruction will be provided on the type, duration, frequency and intensity of exercise that is considered adequate replacement for routine chest physiotherapy. A compendium of allowable activity types, and the required times at different intensities that are considered to replace chest physiotherapy for ACT The research team will support exercise advice in line with standard care if subjects request this. The trial has no other changes to CF care. All medications, nutritional support and other treatments continue."
NCT04835376,DEVICE,Percussion Palm Cup: Safety and Usability of Newly Designed Products in Infants and Children with Cystic Fibrosis,"Patients/guardians/caregivers will be given 3 percussor palm cups to use over the course of 6 days. Each cup will be trialed for 2 days, allowing for equal time dedicated to each."
NCT01232478,BEHAVIORAL,Comprehensive Adherence Program (CAP),The Comprehensive Adherence Program (CAP) consists of training in the CF My Way program (a validated problem-solving adherence promotion intervention).
NCT05271643,BEHAVIORAL,Cognitive Behavioral Therapy (CBT),"CF-CBT-A is an 10-session program for adolescents with cystic fibrosis introducing cognitive-behavioral coping skills for managing stress, and for prevention and treatment of anxiety and depression. The content of the program was developed to address stressors related to coping with cystic fibrosis. Participants will receive a patient workbook, and meet with a trained mental health clinician on their CF team who will guide them through learning and practicing coping skills. Parents/guardians involvement will be encouraged. A parent/guardian will attend the baseline and final session, have the opportunity for a mid-program check-in, and receive a workbook of psychoeducational material that parallels the adolescent workbook, featuring tips for supporting their teens, and weekly e-mail communication."
NCT04543929,BEHAVIORAL,exercise,partially supervised and home-based exercise activity
NCT01851694,DRUG,GLP-1,Each subject in this arm will receive GLP-1 infusion and a placebo infusion during a GPA test.
NCT01851694,DRUG,GIP,Each subject in this arm will receive GIP infusion and placebo during a GPA test.
NCT07709494,COMBINATION_PRODUCT,Rev-56 for Inhalation,administered by inhalation via an investigational nebulizer device
NCT07709494,DRUG,Placebo: Normal saline,administered by inhalation via an investigational nebulizer device
NCT04017559,BEHAVIORAL,Motivational Interviewing,"A pharmacist trained in MI delivered three recorded MI sessions over 2 months, with follow up at 3, 4 and 6 months."
NCT03173573,DRUG,FDL176,CFTR modulator
NCT03173573,DRUG,Placebo,Placebo for FDL176
NCT05795673,OTHER,Peer support program (intervention phase),"Implementation and Evaluation:

Intervention of mentor to provide peer support targeting psychosocial skills, coping and quality of life of adolescents with cystic fibrosis during the pediatric-adult transition The evaluation of the feasibility of the peer support program consists of assessing the effectiveness of its implementation in terms of its effect on the target audience, its acceptability to participants, and its implementation.

The mentor and the mentee will be in contact once a month for a minimum of 3 months and a maximum of 6 months by telephone.

The mentor will know the themes that the teenager would like to address in the context of peer support.

The mentee will complete the various questionnaires provided in the protocol to answer the primary and secondary endpoints."
NCT03645473,DEVICE,Monarch Airway Clearance System,HFCWO Airway Clearance Device
NCT02646995,DIETARY_SUPPLEMENT,modified lipid formulation,Tested oils will be used in liquid form and encapsulated in soft gelatin capsules.
NCT02646995,DIETARY_SUPPLEMENT,Fish oil,Fish oil will be used in liquid form and encapsulated in soft gelatin capsules.
NCT07314229,DEVICE,Measurement of resistance through forced oscillations and continuous measurement of ventilation and inspiratory capacity during TM6,Measurement of resistance through forced oscillations and continuous measurement of ventilation and inspiratory capacity during TM6
NCT04658277,DRUG,Clarithromycin,Patients in the intervention arm will take Clarithromycin 250mg daily.
NCT04658277,OTHER,Usual care,Patients will receive usual medical care
NCT05225805,DRUG,Lefamulin,Antibiotic
NCT00105183,BIOLOGICAL,Placebo,"placebo infusion, single"
NCT00105183,BIOLOGICAL,EZ-2053,"single IV infusion, 9 mg/kg"
NCT00105183,BIOLOGICAL,EZ-2053 5mg/kg,"single IV infusion, 5mg/kg"
NCT02950805,DRUG,Placebo,Subjects will receive a placebo in either period 1 or period 2 by inhalation.
NCT02950805,DRUG,AZD5634,Subjects will receive a single tentative dose of 625 μg of AZD5634 in either period 1 or period 2 by inhalation.
NCT00800579,DRUG,GS-9411,Inhaled GS-9411 dissolved in sterile saline
NCT00800579,DRUG,Placebo,Inhaled volume-matched placebo in sterile saline
NCT00743483,DRUG,rhBSSL,"oral suspension, 170 mg BSSL, 3 times daily for 5-6 days"
NCT05006573,BIOLOGICAL,Benralizumab,"Benralizumab active solution in a single accessorized prefilled syringe (APFS) will be administered subcutaneously (SC), 1 mL fill volume"
NCT05006573,BIOLOGICAL,Placebo to Benralizumab,"Matching placebo solution in a single accessorized prefilled syringe (APFS) will be administered subcutaneously (SC), 1 mL fill volume"
NCT04684823,DEVICE,Patch Cap,A prescription container cap to track the dispensing of an oral dose of medication with an associated app which tracks the adherence to medication regimen.
NCT04684823,DEVICE,Patch App,A mobile app that is used with Patch Cap to track adherence to medication regimen
NCT04114227,BEHAVIORAL,Acceptance and Commitment Therapy adapted for Cystic Fibrosis (ACT with CF),Subjects learn new ways to manage uncomfortable experiences and feelings and to engage in positive behaviors
NCT04114227,BEHAVIORAL,Supportive Psychotherapy (Treatment as Usual Control),Subjects talk about their experiences to date in a cohort of adult Cystic Fibrosis patients.
NCT04453358,DEVICE,InCourage-Connect,This intervention will provide patients with clearly stated treatment goals and provide them with interactive feedback based on usage date to help support airway clearance therapy adherence.
NCT04453358,DEVICE,InCourage,This intervention will provide standard of care airway clearance therapy with no interactive feedback on treatment goals and usage.
NCT00639626,DRUG,insulin detemir [rDNA origin] injection,Starting dose of 0.1-0.3 units/kg/day in a once daily subcutaneous injection.
NCT05037643,PROCEDURE,TIPS,Transjugular Intrahepatic Portosystemic Shunt is performed to prevent / treat symptomatic portal hypertension
NCT06012084,BEHAVIORAL,"Internet-delivered Cystic Fibrosis Mental Health Prevention, Wellness, and Resource (iCF-PWR) program",The iCF-PWR program is a self-guided mental health prevention program designed for families with CF.
NCT00391976,DRUG,Tobramycin solution for inhalation 300 mg,Tobramycin solution for inhalation was supplied in 5 mL liquid-filled low-density polyethylene ampoules containing 300 mg tobramycin. Patients used a nebulizer to inhale the contents of the ampoules.
NCT02277626,DEVICE,Electro Flo 5000,Airway clearance device
NCT02277626,DEVICE,Incourage Vest System,Airway Clearance Device
NCT03633526,DRUG,VX-659/TEZ/IVA,VX-659/TEZ/IVA FDC tablet.
NCT03633526,DRUG,IVA,IVA mono tablet.
NCT00680316,DRUG,Dornase alfa,2.5 mL (2.5 mg) dornase alfa nebulized once daily for 16 (+/-2) days
NCT00680316,DRUG,Placebo,2.5 mL (2.5 mg) placebo nebulized once daily for 16 (+/-2) days
NCT00256555,DRUG,Nutropin AQ,
NCT04938726,DIETARY_SUPPLEMENT,Ketone Monoester,Ketone supplement will be taken by mouth at a dose of 15 mL twice per day
NCT04183790,DRUG,ELX/TEZ/IVA,Fixed-dose combination (FDC) tablet for oral administration
NCT04183790,DRUG,IVA,Mono tablet for oral administration.
NCT02265679,DRUG,"BIIL 284 BS, low dose, pediatric patients",
NCT02265679,DRUG,"BIIL 284 BS, medium dose, pediatric patients",
NCT02265679,DRUG,"BIIL 284 BS, high dose, pediatric patients",
NCT02265679,DRUG,"BIIL 284 BS, low dose, adult patients",
NCT02265679,DRUG,"BIIL 284 BS, medium dose, adult patients",
NCT02265679,DRUG,"BIIL 284 BS, high dose, adult patients",
NCT02265679,DRUG,Placebo,
NCT05437120,DRUG,VX-121/TEZ/D-IVA,Fixed-dose combination tablets for oral administration.
NCT06020274,BEHAVIORAL,"Internet-delivered Cystic Fibrosis Mental Health Prevention, Wellness, and Resource (iCF-PWR) program","The iCF-PWR program is a self-guided mental health prevention program designed for families with CF. Upon logging on to the iCF-PWR, the viewer will see two paths (i.e., child with CF or sibling) and will be encouraged by program narrator to choose the appropriate path. Each pathway (i.e., child with CF or sibling) is comprised of five text/voice-delivered, animated, interactive modules: (1) CF education, (2) CF health, (3) emotions and CF, (4) cognitive behaviour model of emotions, and (5) coping strategies. Each module takes 15-20 minutes to complete."
NCT02310789,DRUG,Ivacaftor,150mg administered orally twice daily.
NCT02310789,DRUG,β-Adrenergic cocktail,"Administered subcutaneously to induce sweating. Cocktail composed of atropine (280µM), isoproterenol (160µM), and aminophylline (20 mM)."
NCT02310789,DRUG,Pilocarpine Nitrate 5%,Administered subcutaneously using Macroduct sweat stimulator device.
NCT02310789,DEVICE,Macroduct sweat stimulator,
NCT06617013,OTHER,Discontinuation of GERD therapy,GERD therapy will be discontinued at time of enrollment.
NCT03450720,DRUG,GLPG2737 single dose,"GLPG2737 oral suspension, single dose"
NCT00097773,DRUG,Tobramycin solution for inhalation (TOBI),"Tobramycin solution for inhalation, 300 mg, administered twice daily for 28 days administered only when quarterly respiratory cultures are found positive for Pa."
NCT00097773,DRUG,Oral placebo,"Oral placebo for six consecutive quarterly cycles. For the initial 14 days of the 28-day treatment period, the participants will receive placebo, twice daily."
NCT00097773,DRUG,Oral ciprofloxacin,"Oral ciprofloxacin for six consecutive quarterly cycles. For the initial 14 days of the 28-day treatment period, the participants will receive oral ciprofloxacin, 15-20 mg/kg/dose, twice daily."
NCT04519853,BEHAVIORAL,Low Glycemic Load Diet,Food delivery service will provide a low glycemic load diet for 8 weeks
NCT04579939,DIAGNOSTIC_TEST,Candy Glucose Tolerance Test,Participants will use a popular dextrose candy alternative to help assess glycemic response.
NCT01721382,DRUG,Sitagliptin,
NCT00671723,DRUG,Normal saline:,"Nebulized isotonic saline solution (4 ml of 0.9 % NaCl) twice daily, for a fixed period of 15 min, after a 15 min premedication with nebulized albuterol (2.5 mg diluted in 3 ml of 0.9 % NaCl)."
NCT00671723,DRUG,Hypertonic Saline,"Nebulized hypertonic saline solution (4 ml of 7 % NaCl) twice daily, for a fixed period of 15 min, after a 15 min premedication with nebulized albuterol (2.5 mg diluted in 3 ml of 0.9 % NaCl)."
NCT00671723,DRUG,Dornase alpha,"2.5 mg of DNase (Dornase alpha, PULMOZYME® , Genentech, South San Francisco, CA), nebulized twice daily, after a 15 min premedication with nebulized albuterol (2.5 mg diluted in 3 ml of 0.9 % NaCl)."
NCT03624101,DRUG,Symdeko,CFTR modulator
NCT03624101,DRUG,Ivacaftor and Symdeko,CFTR modulator
NCT03625466,DRUG,LUM/IVA,FDC tablets or granules for oral administration.
NCT03625466,DRUG,LUM/IVA,FDC granules for oral administration.
NCT03625466,DRUG,Placebo,Placebo matched to LUM/IVA for oral administration.
NCT02884622,OTHER,nasal epithelial,"CF patients with the same procedures as in the usual management of routine care, only the sampling nasal epithelial cells will be added"
NCT02884622,OTHER,Blood sampling,"CF patients with the same procedures as in the usual management of routine care, only the sampling 5ml additional blood will be taken"
NCT03873688,OTHER,expiratory muscle training,"The intensity of training will been determined after assessment of maximal expiratory pressure (MEP). The first training session will perform under the supervision of a physiotherapist, patients will perform training at home. MEP measurement will reevaluate every two weeks and the intensity of training will set according to MEP levels."
NCT04259970,DRUG,Initiation of CFTR Modulator,Inhaled contrast for MRI occurring at each 4 visits.
NCT04680403,OTHER,Exercise,supervised exercise paired with coaching on behavior change techniques over 12 weeks (3 weekly sessions) and will have monthly phone follow-ups and clinic follow-ups after 3 and 6 months.
NCT00982930,DRUG,Tobramycin inhalation powder,"Tobramycin inhalation powder, 112 mg (4 capsules of 28 mg), inhalation capsules, b.i.d."
NCT03628456,DEVICE,International Biophysics AffloVest,High-frequency chest wall oscillation vest
NCT03628456,DEVICE,Hill-Rom Monarch,High-frequency chest wall oscillation vest
NCT01509339,DRUG,Vancomycin,250 mg vancomycin in 5cc sterile water will be inhaled once. Patients will use a Pari Sprint nebulizer and Pari Vios compressor as the delivery system.
NCT02359357,DRUG,FDL169,
NCT02359357,DRUG,Placebo,
NCT01812551,DRUG,Alendronate,"As active drug, we used Alendros (Abiogen Pharma, Pisa, Italy), distributed to the patients in plain bottles and boxes (bearing only the center and patient codes)."
NCT01812551,DRUG,Placebo,Placebo was distributed to the patients in plain bottles and boxes (bearing only the center and patient codes).
NCT03237767,OTHER,MIE,"The moderate intensity exercise (MIE) condition will begin and end with an appropriate warm-up (3 minutes at 20 W) and cool-down (2 minutes at 20 W), respectively. Throughout all exercising procedures, participants will maintain a pedal cadence of 60-80 rpm, with the average being noted and kept consistent between trials. Additionally, verbal encouragement will be given depending on the participant's preference, and kept consistent between visits.

The MIE bout will be in coherence with the physical activity guidelines for people with CF (150 min/week of moderate to vigorous physical activity). For the MIE, participants will cycle for approximately 30 minutes at 90% of their gas exchange threshold."
NCT03237767,OTHER,HIIE,"The high-intensity interval exercise (HIIE) condition will begin and end with an appropriate warm-up (3 minutes at 20 W) and cool-down (2 minutes at 20 W), respectively. Throughout all exercising procedures, participants will maintain a pedal cadence of 60-80 rpm, with the average being noted and kept consistent between trials. Additionally, verbal encouragement will be given depending on the participant's preference, and kept consistent between visits.

The HIIE will be matched for the projected work done during the MIE. The HIIE protocol has been extrapolated from recent reports which have shown improvements in glycaemic control and vascular endothelial function. Specifically, participants will cycle at 90% of their peak power output for 60 seconds, followed by 60 seconds of active recovery."
NCT06810167,DRUG,Tenapanor,CF patients with CFrC will ingest one 50 mg tablet of tenapanor twice daily for 4 weeks.
NCT02172534,DRUG,Tiotropium bromide low,
NCT02172534,DRUG,Tiotropium bromide medium,
NCT02172534,DRUG,Tiotropium bromide high,
NCT02172534,DRUG,Placebo,
NCT07559175,DRUG,NHS7108,"NHS7108 is the experimental drug. It is a recombinant, modified version of a triacylglycerol lipase enzyme derived from the bacteria Bacillus thermoamylovorans and produced by fermentation of recombinant Escherichia coli.

Unit dose strength: 10 mg (approximately 25,000 LU) per capsule."
NCT07559175,DRUG,Zenpep®,"Zenpep® is the active comparator. It is a combination of lipases, proteases, and amylases. Unit dose strength: 25,000 LU per capsule."
NCT07696091,DRUG,RSS0343 Tablet; Rifampicin Capsules,RSS0343 Tablet; Rifampicin Capsules
NCT07696091,DRUG,RSS0343 Tablet; Clarithromycin Tablets,RSS0343 Tablet; Clarithromycin Tablets
NCT01537666,DRUG,AeroVanc,Vancomycin hydrochloride dry powder for inhalation
NCT01537666,DRUG,IV vancomycin hydrochloride,Vancomycin hydrochloride solution for intravenous administration
NCT03069651,OTHER,Virtual Care,The use of Videoconferencing software to enable remote access to monitor patients in the 'Virtual Care' cohort.
NCT00628134,DRUG,calfactant,single inhaled dose by nebulizer
NCT00628134,DRUG,isotonic saline,single inhaled dose by nebulizer
NCT00265434,DRUG,Pulmozyme,
NCT03760120,DEVICE,PEP-MASK,
NCT00004428,DRUG,CPX,
NCT06016088,DRUG,RSP-1502,"RSP-1502 is a sterile, preservative free solution to be administered by inhalation via a nebulizer. Each dose of RSP-1502 contains the active components tobramycin (300 mg) and CaEDTA in a 5 mL solution."
NCT06016088,DRUG,Tobramycin inhalation solution,Tobramycin inhalation solution is 300 mg tobramycin in 5 mL solution.
NCT02286050,OTHER,CF Nursing Program,
NCT02096315,DRUG,POL7080,Intravenous infusion
NCT02468908,DRUG,Molgramostim,
NCT02468908,DRUG,Placebo,
NCT00792714,DRUG,Mannitol,400mg twice daily for 7 days
NCT02709109,DRUG,VX-371 + HS,
NCT02709109,DRUG,Hypertonic saline,
NCT02709109,DRUG,Placebo,
NCT02709109,DRUG,Orkambi,
NCT02709109,DRUG,VX-371,
NCT04734743,OTHER,cystic fibrosis,"Evaluation of Upper Extremity Muscle Strength and Endurance, functional capacity, Respiratory Function and Quality of Life"
NCT02202876,OTHER,Oral Glucose Tolerance Test,1.75 gm/kg to a maximum of 75 gm of an oral glucose solution
NCT02202876,OTHER,High Glycemic Index Meal,"isocaloric breakfasts - set the high glycemic index to 80

The nutrient composition of each meal will be 10 kcal per kg, 50% kcal from carbohydrates, 20% kcal from protein, and 30% kcal from fat"
NCT02202876,OTHER,Low Glycemic Index Meal,"isocaloric breakfasts - set the low glycemic index to 30

The nutrient composition of each meal will be 10 kcal per kg, 50% kcal from carbohydrates, 20% kcal from protein, and 30% kcal from fat"
NCT02202876,OTHER,Test Soda,Test soda containing 60% fructose and 40% glucose at a dose of 1.75 grams per kilogram body weight to a maximum of 75 grams.
NCT02202876,OTHER,Fruit juice,"Fruit juice containing a combination fructose, glucose, and sucrose at a dose of 1.75 grams per kilogram body weight to a maximum of 75 grams"
NCT05515250,DEVICE,Use of neurostimulation device,"In humans, abdominal pain is modulated by the vagus nerve. Stimulation of the vagus nerve has been suggested to reduce visceral sensitivity and abdominal pain. IB-stim is the Percutaneous Electrical Nerve Field Stimulation (PENS) device. It is a non-invasive, outpatient therapy. PENFS has been shown to be efficacious in pediatric patients with abdominal pain."
NCT06998043,BIOLOGICAL,BX004,Bacteriophage
NCT06998043,OTHER,Placebo,Placebo
NCT06642610,DEVICE,CGM Dynamic Index (CDI),"Participants will undergo one-time oral glucose tolerance test (OGTT) and a one-time use of a CGM device, which will be worn for up to 10 days."
NCT00129350,PROCEDURE,Pulmonary rehabilitation programme,
NCT03292718,DEVICE,MyCyFAPP,use of the MycyFAPP with all its features during 6 months
NCT05523180,DIETARY_SUPPLEMENT,Probiotic,"Active ingredients:

Lactobacillus plantarum RSB11, 5 Billion colony forming units (CFU) Lactobacillus acidophilus RSB12, 5 Billion CFU Lactobacillus rhamnosus RSB13, 5 Billion CFU Holy basil leaf extract, 42.0 mg Turmeric root extract, 30.0 mg Vasaka leaf extract, 48.0 mg

Inactive ingredients:

Microcrystalline Cellulose, Vegan Capsule (Hypromellose), Magnesium Stearate, Silicon Dioxide"
NCT05523180,OTHER,Placebo,"Active ingredients:

N/A

Inactive ingredients:

Microcrystalline Cellulose, Vegan Capsule (Hypromellose), Magnesium Stearate, Silicon Dioxide"
NCT05535959,DRUG,VX-121/TEZ/D-IVA,FDC tablet for oral administration.
NCT05369624,OTHER,Pulmonary rehabilitation home-based program intervention group (PRHP)(IG),"The strength training program included upper and lower limb exercises, initially with no weights but progressively adding weights once a week depending on symptoms, in 2 sets with 6-8 repetitions, for at least 5 days a week. The exercises recommended were the 'hanger' (which exercises the latissimus dorsi muscle), 'butterfly' (pectoralis major muscle), 'neck press' (triceps brachii and deltoids), leg flexion (biceps femoris and gastrocnemius) and leg extension (quadriceps femoris).

As resistance training, patients could choose between walking or cycling 3 to 5 days per week, for at least 20 minutes, increasing the duration of the exercise weekly, depending on their symptoms"
NCT05463289,DIAGNOSTIC_TEST,Point of Care Autonomous AI diabetic retinopathy exam,Participants will undergo point-of-care diabetic retinopathy screening using autonomous artificial intelligence software to interpret retinal images taken with a non-mydriatic fundus camera and providing an immediate result.
NCT00322868,DRUG,pioglitazone,"All subjects treated for 28 days with pioglitazone, 30 mg orally, once daily."
NCT02303808,DEVICE,INHALATION WITH PEP DEVICE (Acapella Duet),Intervention will be performed during 5 consecutive days. The performance order of both arms will be randomized.
NCT00408317,DRUG,Ultrase® MT20,"Ultrase® MT 20 capsules containing enteric-coated minitablets orally daily at a dose stabilized during the first stabilization period (4 days), as per investigator's discretion, for 6 to 7 days in either first intervention period or second intervention period."
NCT00408317,DRUG,Placebo,Placebo matched to Ultrase® MT 20 capsules orally daily for 6 to 7 days in either first intervention period or second intervention period.
NCT00112359,DRUG,AZLI 75 mg three times a day (TID),
NCT00112359,DRUG,Placebo three times a day (TID),
NCT03273959,OTHER,Exercise protocol,Protocol of exercises performed in hospital admission in children and adolescents with cystic fibrosis in the exacerbation phase.
NCT00513682,DRUG,Ultrase® MT20,"Ultrase® MT20 capsules will be administered orally with each meal during Day 1 to 15 in screening phase at a dose based on investigator's discretion. During Day 12 to 15, participants will receive high-fat diet and Ultrase® MT20 dose will be adjusted depending on symptoms of steatorrhea. This will be followed by a washout phase of 6 to 7 days, in which participants will receive only high-fat diet; then stabilized dose of Ultrase® MT20 capsule (as identified during screening phase) will be administered orally for 7 to 11 days during treatment phase. The stabilized dose should not to exceed 2500 lipase units per kilogram body weight per meal (lipase units/kg/meal)."
NCT03474042,DRUG,GLPG2737,GLPG2737 oral capsules administered twice daily for 28 days on top of Orkambi.
NCT03474042,DRUG,Placebo,Placebo oral capsules administered twice daily for 28 days on top of Orkambi.
NCT07283770,DRUG,VX-581,Suspension for Oral Administration.
NCT07283770,DRUG,Placebo,Suspension for Oral Administration.
NCT07283770,DRUG,D-IVA,Tablet for Oral Administration.
NCT07283770,DRUG,TEZ,Tablet for Oral Administration.
NCT04006873,DRUG,Tezacaftor/Ivacaftor + Ivacaftor,As per description in arms.
NCT04006873,DRUG,Placebo oral tablet,As per description in arms
NCT05526027,DIAGNOSTIC_TEST,"CFQ-R questionnaire, SNOT-22 questionnaire, fecal elastase measurement",cf supra
NCT03559062,DRUG,TEZ/IVA,Participants weighing \<40 kg received TEZ 50 mg/IVA 75 mg FDC tablet and those weighing ≥40 kg received TEZ 100 mg/IVA 150 mg FDC tablet.
NCT03559062,DRUG,IVA,Participants weighing \<40 kg IVA 75 mg tablet and those weighing ≥40 kg received IVA 150 mg tablet.
NCT03559062,DRUG,Placebo,Placebo matched to TEZ/IVA FDC
NCT03559062,DRUG,Placebo,Placebo matched to IVA
NCT05100823,PROCEDURE,Nasal cells sampling,Nasal epithelium brushing in intermediate turbinate using a specific curette following a local anesthesia with Xylocaine 5% nebulizer.
NCT05100823,PROCEDURE,Rectal biopsy sampling,"Forceps Biopsy Procedure (Servidoni et al., 2013) Only for volunteer patients included in the Montpellier center."
NCT00534079,DRUG,Dornase alfa (Pulmozyme),"1 x 2,5 ml per day, inhalation use, for 28 days"
NCT00534079,DRUG,isotonic saline,"1 x 2,5 ml per day, inhalation use, for 28 days"
NCT06299696,DRUG,VNZ/TEZ/D-IVA,FDC granules for oral administration
NCT02858843,DRUG,lumacaftor-ivacaftor,Drug given for cystic fibrosis
NCT06775340,DRUG,RSS0343 Tabella,"RSS0343 tablets, oral;"
NCT00416182,DRUG,Pulmozyme (dornase alfa),2.5 mg/2.5 mL of Pulmozyme (dornase alfa) delivered via Sinustar nasal nebulizer device
NCT00416182,DRUG,Placebo,2.5 mL of placebo delivered via Sinustar nebulizer device
NCT01854788,OTHER,Autogenic drainage,It was performed following J. Chevallier recommendations.In this trial it was considered a self-administrated technique because physiotherapist only gave oral advice in order to ensure a correct performance of the technique.
NCT01854788,OTHER,Slow expiration with glottis opened in lateral posture,It was performed following Postiaux´s recommendations. In this trial the technique was considered active-assisted because the physiotherapy played a role important in their execution.
NCT01854788,OTHER,Temporary-positive expiratory pressure,The diaphragmatic breathing was required for this technique whereas patients remain seated in front of the device with a nose clip. The inspiratory /expiratory ratio was 1:2.It was taken into account as a device-administrated technique for this trial.
NCT01961661,DIETARY_SUPPLEMENT,Lactobacillus rhamnosus GG,"Capsules containing lyophilized 6x10\^9 Colony Forming Units (CFU)/die LGG, (60mg) maltodextrin (163 mg), gelatine capsule (75 mg), magnesium stearate (2 mg)

1 capsule/die for 1 month"
NCT01961661,DIETARY_SUPPLEMENT,placebo,"Capsules containing maltodextrin (163 mg), gelatine capsule (75 mg), magnesium stearate (2 mg)

1 cps/die for 12 months"
NCT01070446,DIETARY_SUPPLEMENT,Vitamin: Choline Bitartrate (2-hydroxyethyl) trimethylammonium salt 1:1,"This is a prospective, repeated measures study involving children with Cystic Fibrosis. Children will be assessed (1) before starting the choline supplement, (2) after taking the supplement for 6 months and after the supplement has been discontinued for 3 months."
NCT06313827,BEHAVIORAL,Exercise plus Monitoring Group (TG-2),"Participants will receive their usual physiotherapy treatment and user education on bronchial care and hygiene, plus a dossier on the use of monitoring equipment such as: pulse oximeter, thermometer, digital spirometer, Medical Research Council dyspnoea scale. If the patient detects an exacerbation (due to symptoms or monitoring of the equipment), they can contact a physiotherapist who can adjust the treatment."
NCT06313827,BEHAVIORAL,Exercise plus monitoring and follow-up group (TGF-3),"Participants who will receive their usual physiotherapy treatment and user education on bronchial care and hygiene, plus dossiers on the use of monitoring equipment ; plus telematic control of exacerbations (questionnaires and monitoring of the parameters of the aforementioned equipment). Depending on the follow-up, physiotherapy treatment will be adjusted.

The questionnaire includes tracking of the following parameters: cough, secretions (quantity, colour, viscosity), chest tightness, dyspnoea, exercise tolerance, tiredness and appetite).

The follow-up will consist of weekly filling the spreadsheet to which the physiotherapist will have access and who, by reviewing the parameters, will be able to adjust the treatment. The physiotherapist will systematically make videocalls to the participants and if the follow-up values require it, he/she will call every week."
NCT06313827,BEHAVIORAL,Exercise Group (CG-1),Participants who will receive their usual physiotherapy treatment and user education on bronchial care and hygiene
NCT01807923,DRUG,Lumacaftor Plus Ivacaftor Combination,Fixed dose combination tablet
NCT01807923,DRUG,Ivacaftor,Film-coated tablet
NCT01807923,DRUG,Placebo,Matching placebo tablet
NCT00125346,DRUG,Tobramycin Inhalation Powder,
NCT03357562,DEVICE,lung MRI,lung MRI without contrast injection
NCT02625246,BIOLOGICAL,hMSCs,intravenous infusion of bone marrow-derived allogeneic stem cells
NCT00709280,DRUG,7% Hypertonic Saline (HS),Administered via inhalation twice daily for 48 ± 4 weeks. The delivery system is a PARI Sprint Junior nebulizer with a PARI Baby face mask or mouthpiece driven by a PARI Pro Neb compressor.
NCT00709280,DRUG,0.9% Isotonic Saline (IS),Administered via inhalation twice daily for 48 ± 4 weeks. The delivery system is a PARI Sprint Junior nebulizer with a PARI Baby face mask or mouthpiece driven by a PARI Pro Neb compressor.
NCT03447262,DRUG,VX-659/TEZ/IVA,Fixed-dose combination tablets for oral administration qd in the morning.
NCT03447262,DRUG,IVA,IVA tablet qd in the evening.
NCT00117208,DRUG,mannitol,400mg BD for 12 weeks
NCT00117208,DRUG,mannitol + pulmozyme,combination
NCT00117208,DRUG,Dornase alpha,2.5mg daily for 2 weeks
NCT01400750,DRUG,oral ciprofloxacin plus inhaled colistin,oral ciprofloxacin (30mg/kg/day divided in 2 doses) for 3 months (CC) plus inhaled colistimethate sodium(Colistineb® 2x2 mill U daily)
NCT01400750,DRUG,TOBI,tobramycin inhalation solution (TOBI® 2x300 mg) for 28 days
NCT02810691,DIETARY_SUPPLEMENT,Soluble fiber supplementation,Two different doses of psyllium powder will be diluted in 250 ml of orange-flavored water and drink in 5 minutes before breakfast.
NCT02810691,DIETARY_SUPPLEMENT,Placebo (for fiber supplementation),Placebo will consist of 250 ml of orange-flavored water to be drink in 5 minutes before breakfast.
NCT05481190,BEHAVIORAL,Tele-Exercise Program,"Data collection tools were applied to the tele-exercise group and control group at the beginning of the study. For the tele-exercise group, by the researcher, Exp. A 6-week exercise program was created under the consultancy of a physiotherapist. Children who met the research criteria were asked to do these exercises for 20 minutes, 3 times a week for 6 weeks. The exercises were performed online with the researcher at the scheduled time one day a week, and by the children twice a week. On the days they exercised, diaries consisting of semi-structured questions were sent to the children's addresses by cargo and they were allowed to keep a diary. Phone calls were made once a week to provide motivation and increase compliance with exercise. A smart watch was sent to the children by cargo to increase motivation. The children were asked to fill in the follow-up form, which was sent via weekly google forms."
NCT05481190,BEHAVIORAL,Just observation,Standard care was given to the children in the control group.
NCT00910351,DRUG,"Ciprofloxacin (Cipro, BAYQ3939)",25 mg inhaled Ciprofloxacin
NCT01877707,OTHER,home monitoring,"Record daily - peak flow measurements, pulse rate, oxygen saturation levels, weight,activity and daily sputum samples."
NCT04644471,DIAGNOSTIC_TEST,CT scanner,1 conventional low dose inspiratory acquisition and 1 ultra-low-dose inspiratory acquisition
NCT04644471,DIAGNOSTIC_TEST,Lung MRI,"3 UTE sequences (free breathing, inspiratory and expiratory) and 1 T2 sequence"
NCT00476281,PROCEDURE,Urinary collect,
NCT00476281,PROCEDURE,Continuous Glucose Monitoring System (CGMS),
NCT01257464,DRUG,Sitagliptin,100mg po one dose
NCT01257464,DRUG,Placebo,Sugar pill po one dose
NCT02600039,OTHER,ELTGOL,"Individuals will be placed in the lateral decubitus position and instructed to perform slow expirations with an open glottis through a nozzle attached to the mouth from the residual functional capacity to residual volume. Concurrently, a trained and subsequently positioned relative to the voluntary physical therapist will perform a manual compression of the abdominal region dependent and the rib cage to enhance contralateral lung deflation. This intervention is performed so that the time is homogeneous between each repetition interval of one minute between each set. To this end, three sets of ten repetitions will be performed on each lateral decubitus (left and right)"
NCT02600039,DEVICE,Acapella,"Participant should be comfortably seated and with his elbows on a table. The mouthpiece is attached properly to not allow leaks. The resistance load will be one in which the individual is able to maintain uninterrupted expiration of 3 seconds. Then the patient will be instructed to inhale slowly and deeply, with lung volumes between the residual volume and total lung capacity. The air exhaled by Acapella is directed toward an orifice which opens and closes periodically, promoting oscillations in the air stream throughout the expiratory phase. The expiration is always performed to the VR, and without performing the active contraction of the abdominal muscles. Still prompted an inspiratory pause of 2 seconds for the end of the inspiratory phase. This procedure will be performed in 4 sets of 5 minutes with interval of 1 minute between the series."
NCT01299181,DRUG,Atorvastatin,80mg once daily orally
