nct_id,brief_title,overall_status,lead_sponsor_class,lead_sponsor_name,phase,normalized_stage,is_active,ncfb_heuristic,disease_area,strategy,strategy_rule_id,need_ids,role,map_eligible,whitespace_relevant,crowding_unit,review_status,review_source,asset_name,company_name,linked_program_id,review_notes,retrieved_at,source_id
NCT00004287,Phase I Study of the Third Generation Adenovirus H5.001CBCFTR in Patients With Cystic Fibrosis,COMPLETED,NIH,National Center for Research Resources (NCRR),PHASE1,phase_1,False,,cf,other,no_keyword_match,,supportive,0,0,0,auto_suggested,rules,,National Center for Research Resources (NCRR),,,2026-09-09T22:49:42+00:00,clinicaltrials_gov_api_v2
NCT00004315,"Phase II Pilot Study to Compare the Bioavailability of Buffered, Enteric-Coated Ursodiol With Unmodified Ursodiol for Chronic Cholestatic Liver Disease and Cystic Fibrosis-Associated Liver Disease",UNKNOWN,NIH,National Center for Research Resources (NCRR),PHASE2,phase_2,False,,cf,other,no_keyword_match,,supportive,0,0,0,auto_suggested,rules,,National Center for Research Resources (NCRR),,,2026-09-09T22:49:42+00:00,clinicaltrials_gov_api_v2
NCT00004428,Phase I Randomized Study of CPX for the Treatment of Adult Patients With Mild Cystic Fibrosis,COMPLETED,FED,FDA Office of Orphan Products Development,PHASE1,phase_1,False,,cf,other,no_keyword_match,,supportive,0,0,0,auto_suggested,rules,,FDA Office of Orphan Products Development,,,2026-09-09T22:49:42+00:00,clinicaltrials_gov_api_v2
NCT00004440,Study of Ibuprofen to Preserve Lung Function in Patients With Cystic Fibrosis,COMPLETED,FED,FDA Office of Orphan Products Development,NA,not_applicable,False,,cf,anti_inflammatory,anti_inflammatory,N3,therapeutic,0,0,0,auto_suggested,rules,,FDA Office of Orphan Products Development,,,2026-09-09T22:49:42+00:00,clinicaltrials_gov_api_v2
NCT00004441,Study of Tauroursodeoxycholic Acid for Hepatobiliary Disease in Cystic Fibrosis,COMPLETED,OTHER,"Children's Hospital Medical Center, Cincinnati",NA,not_applicable,False,,cf,other,no_keyword_match,,supportive,0,0,0,auto_suggested,rules,,"Children's Hospital Medical Center, Cincinnati",,,2026-09-09T22:49:42+00:00,clinicaltrials_gov_api_v2
NCT00004471,Phase I Pilot Study of Gene Therapy for Cystic Fibrosis Using Cationic Liposome Mediated Gene Transfer,COMPLETED,OTHER,University of Alabama at Birmingham,PHASE1,phase_1,False,,cf,other,no_keyword_match,,supportive,0,0,0,auto_suggested,rules,,University of Alabama at Birmingham,,,2026-09-09T22:49:42+00:00,clinicaltrials_gov_api_v2
NCT00004489,Randomized Study of Alendronate in Adult Patients With Cystic Fibrosis Related Osteoporosis,COMPLETED,OTHER,University of North Carolina,NA,not_applicable,False,,cf,other,no_keyword_match,,supportive,0,0,0,auto_suggested,rules,,University of North Carolina,,,2026-09-09T22:49:42+00:00,clinicaltrials_gov_api_v2
NCT00004533,Phase I Randomized Study of Adeno-Associated Virus-CFTR Vector in Patients With Cystic Fibrosis,COMPLETED,NIH,National Institute of Diabetes and Digestive and Kidney Diseases (NIDDK),PHASE1,phase_1,False,,cf,other,no_keyword_match,,supportive,0,0,0,auto_suggested,rules,,National Institute of Diabetes and Digestive and Kidney Diseases (NIDDK),,,2026-09-09T22:49:42+00:00,clinicaltrials_gov_api_v2
NCT00004705,Study of Uridine Triphosphate (UTP) as an Aerosol Spray for Cystic Fibrosis,COMPLETED,FED,FDA Office of Orphan Products Development,NA,not_applicable,False,,cf,other,no_keyword_match,,supportive,0,0,0,auto_suggested,rules,,FDA Office of Orphan Products Development,,,2026-09-09T22:49:42+00:00,clinicaltrials_gov_api_v2
NCT00004747,"Phase II Randomized, Double-Blind, Placebo-Controlled Study of Intravenous Mucoid Exopolysaccharide Pseudomonas Aeruginosa Immune Globulin for Cystic Fibrosis",COMPLETED,NIH,National Center for Research Resources (NCRR),PHASE2,phase_2,False,,cf,other,no_keyword_match,,supportive,0,0,0,auto_suggested,rules,,National Center for Research Resources (NCRR),,,2026-09-09T22:49:42+00:00,clinicaltrials_gov_api_v2
NCT00004779,"Phase I Pilot Study of Ad5-CB-CFTR, an Adenovirus Vector Containing the Cystic Fibrosis Transmembrane Conductance Regulator Gene, in Patients With Cystic Fibrosis",COMPLETED,NIH,National Center for Research Resources (NCRR),PHASE1,phase_1,False,,cf,other,no_keyword_match,,supportive,0,0,0,auto_suggested,rules,,National Center for Research Resources (NCRR),,,2026-09-09T22:49:42+00:00,clinicaltrials_gov_api_v2
NCT00004806,Phase I Study of Liposome-Mediated Gene Transfer in Patients With Cystic Fibrosis,COMPLETED,OTHER,University of Alabama at Birmingham,PHASE1,phase_1,False,,cf,other,no_keyword_match,,supportive,0,0,0,auto_suggested,rules,,University of Alabama at Birmingham,,,2026-09-09T22:49:42+00:00,clinicaltrials_gov_api_v2
NCT00004829,Phase III Randomized Study of the Inhalation of Tobramycin in Patients With Cystic Fibrosis,COMPLETED,FED,FDA Office of Orphan Products Development,PHASE3,phase_3,False,,cf,antimicrobial,antimicrobial,N4,therapeutic,0,0,0,auto_suggested,rules,,FDA Office of Orphan Products Development,,,2026-09-09T22:49:42+00:00,clinicaltrials_gov_api_v2
NCT00005110,A Multi-Centered Study of the Long-Term Effect of Salmeterol and Albuterol in Cystic Fibrosis,SUSPENDED,NIH,National Center for Research Resources (NCRR),NA,not_applicable,False,,cf,other,no_keyword_match,,supportive,0,0,0,auto_suggested,rules,,National Center for Research Resources (NCRR),,,2026-09-09T22:49:42+00:00,clinicaltrials_gov_api_v2
NCT00005112,Growth Hormone Use in Cystic Fibrosis - a Multicenter Study,COMPLETED,NIH,National Center for Research Resources (NCRR),PHASE3,phase_3,False,,cf,other,no_keyword_match,,supportive,0,0,0,auto_suggested,rules,,National Center for Research Resources (NCRR),,,2026-09-09T22:49:42+00:00,clinicaltrials_gov_api_v2
NCT00006063,Randomized Study of Pancrelipase With Bicarbonate (PANCRECARB) Capsules in Reducing Steatorrhea in Patients With Cystic Fibrosis,COMPLETED,NIH,National Center for Research Resources (NCRR),NA,not_applicable,False,,cf,gi_nutrition,gi,N6,therapeutic,0,0,0,auto_suggested,rules,,National Center for Research Resources (NCRR),,,2026-09-09T22:49:42+00:00,clinicaltrials_gov_api_v2
NCT00006169,Behavioral Treatment of Weight Gain in CF,COMPLETED,NIH,National Institute of Diabetes and Digestive and Kidney Diseases (NIDDK),PHASE3,phase_3,False,,cf,other,no_keyword_match,,supportive,0,0,0,auto_suggested,rules,,National Institute of Diabetes and Digestive and Kidney Diseases (NIDDK),,,2026-09-09T22:49:42+00:00,clinicaltrials_gov_api_v2
NCT00006280,A Study of the Safety and Efficacy of Tobramycin for Inhalation in Young Children With Cystic Fibrosis,COMPLETED,NIH,National Institute of Diabetes and Digestive and Kidney Diseases (NIDDK),PHASE2,phase_2,False,,cf,antimicrobial,antimicrobial,N4,therapeutic,0,0,0,auto_suggested,rules,,National Institute of Diabetes and Digestive and Kidney Diseases (NIDDK),,,2026-09-09T22:49:42+00:00,clinicaltrials_gov_api_v2
NCT00008775,Pressure Support Ventilation During CF Exacerbations,SUSPENDED,NIH,National Center for Research Resources (NCRR),NA,not_applicable,False,,cf,other,no_keyword_match,,diagnostic,0,0,0,auto_suggested,rules,,National Center for Research Resources (NCRR),,,2026-09-09T22:49:42+00:00,clinicaltrials_gov_api_v2
NCT00014950,Benefits and Risks of Newborn Screening for Cystic Fibrosis,COMPLETED,NIH,National Institute of Diabetes and Digestive and Kidney Diseases (NIDDK),NA,not_applicable,False,,cf,other,no_keyword_match,,supportive,0,0,0,auto_suggested,rules,,National Institute of Diabetes and Digestive and Kidney Diseases (NIDDK),,,2026-09-09T22:49:42+00:00,clinicaltrials_gov_api_v2
NCT00016445,Phase II Study of Growth Hormone in Children With Cystic Fibrosis,COMPLETED,OTHER,University of Utah,PHASE2,phase_2,False,,cf,other,no_keyword_match,,supportive,0,0,0,auto_suggested,rules,,University of Utah,,,2026-09-09T22:49:42+00:00,clinicaltrials_gov_api_v2
NCT00016744,Phenylbutyrate/Genistein Duotherapy in Delta F508-Homozygous(for Cystic Fibrosis),COMPLETED,OTHER,Children's Hospital of Philadelphia,PHASE1;PHASE2,phase_1,False,,cf,other,no_keyword_match,,supportive,0,0,0,auto_suggested,rules,,Children's Hospital of Philadelphia,,,2026-09-09T22:49:42+00:00,clinicaltrials_gov_api_v2
NCT00034515,A Study in Adult and Pediatric Patients With Cystic Fibrosis,COMPLETED,INDUSTRY,Merck Sharp & Dohme LLC,PHASE1;PHASE2,phase_1,False,,cf,other,no_keyword_match,,supportive,0,0,0,auto_suggested,rules,,Merck Sharp & Dohme LLC,,,2026-09-09T22:49:42+00:00,clinicaltrials_gov_api_v2
NCT00043316,Interferon Gamma-1b by Inhalation for the Treatment of Patients With Cystic Fibrosis,COMPLETED,INDUSTRY,InterMune,PHASE1;PHASE2,phase_1,False,,cf,other,no_keyword_match,,supportive,0,0,0,auto_suggested,rules,,InterMune,,,2026-09-09T22:49:42+00:00,clinicaltrials_gov_api_v2
NCT00043342,Study of Interferon Gamma-1b by Injection for the Treatment of Patients With Cystic Fibrosis,COMPLETED,INDUSTRY,InterMune,PHASE1;PHASE2,phase_1,False,,cf,other,no_keyword_match,,supportive,0,0,0,auto_suggested,rules,,InterMune,,,2026-09-09T22:49:42+00:00,clinicaltrials_gov_api_v2
NCT00056147,Study of INS37217 Inhalation Solution in Mild to Moderate Cystic Fibrosis Lung Disease,COMPLETED,INDUSTRY,Merck Sharp & Dohme LLC,PHASE2,phase_2,False,,cf,other,no_keyword_match,,supportive,0,0,0,auto_suggested,rules,,Merck Sharp & Dohme LLC,,,2026-09-09T22:49:42+00:00,clinicaltrials_gov_api_v2
NCT00060801,Efficacy and Safety of 24 Weeks of Oral Treatment With BIIL 284 BS in Adult and Pediatric Patients,TERMINATED,INDUSTRY,Boehringer Ingelheim,PHASE2,phase_2,False,,cf,other,no_keyword_match,,supportive,0,0,0,auto_suggested,rules,,Boehringer Ingelheim,,,2026-09-09T22:49:42+00:00,clinicaltrials_gov_api_v2
NCT00072904,Diabetes Therapy to Improve BMI and Lung Function in CF,COMPLETED,NIH,National Institute of Diabetes and Digestive and Kidney Diseases (NIDDK),PHASE3,phase_3,False,,cf,metabolic_cfrd,cfrd,N5,therapeutic,0,0,0,auto_suggested,rules,,National Institute of Diabetes and Digestive and Kidney Diseases (NIDDK),,,2026-09-09T22:49:42+00:00,clinicaltrials_gov_api_v2
NCT00073463,Safety and Efficacy of Recombinant Adeno-Associated Virus Containing the CFTR Gene in the Treatment of Cystic Fibrosis,TERMINATED,INDUSTRY,Targeted Genetics Corporation,PHASE2;PHASE3,phase_2,False,,cf,other,no_keyword_match,,supportive,0,0,0,auto_suggested,rules,,Targeted Genetics Corporation,,,2026-09-09T22:49:42+00:00,clinicaltrials_gov_api_v2
NCT00079742,A Study to Evaluate Nutropin AQ for the Treatment of Growth Restriction in Children With Cystic Fibrosis,COMPLETED,INDUSTRY,"Genentech, Inc.",PHASE2,phase_2,False,,cf,other,no_keyword_match,,supportive,0,0,0,auto_suggested,rules,,"Genentech, Inc.",,,2026-09-09T22:49:42+00:00,clinicaltrials_gov_api_v2
NCT00082238,Increased Gluconeogenesis is One Cause of Cystic Fibrosis Related Diabetes (CFRD),COMPLETED,NIH,National Institute of Diabetes and Digestive and Kidney Diseases (NIDDK),NA,not_applicable,False,,cf,metabolic_cfrd,cfrd,N5,supportive,0,0,0,auto_suggested,rules,,National Institute of Diabetes and Digestive and Kidney Diseases (NIDDK),,,2026-09-09T22:49:42+00:00,clinicaltrials_gov_api_v2
NCT00095732,Oral TheraCLEC™ - Total in Cystic Fibrosis Subjects With Exocrine Pancreatic Insufficiency,COMPLETED,INDUSTRY,Anthera Pharmaceuticals,PHASE2,phase_2,False,,cf,other,no_keyword_match,,supportive,0,0,0,auto_suggested,rules,,Anthera Pharmaceuticals,,,2026-09-09T22:49:42+00:00,clinicaltrials_gov_api_v2
NCT00097773,Comparison of Two Treatment Regimens to Reduce PA Infection in Children With Cystic Fibrosis,COMPLETED,OTHER,Seattle Children's Hospital,PHASE2,phase_2,False,,cf,antimicrobial,antimicrobial,N4,therapeutic,0,0,0,auto_suggested,rules,,Seattle Children's Hospital,,,2026-09-09T22:49:42+00:00,clinicaltrials_gov_api_v2
NCT00103714,Study of Denufosol Tetrasodium in Patients With Cystic Fibrosis Lung Disease,COMPLETED,INDUSTRY,Merck Sharp & Dohme LLC,PHASE2,phase_2,False,,cf,other,no_keyword_match,,supportive,0,0,0,auto_suggested,rules,,Merck Sharp & Dohme LLC,,,2026-09-09T22:49:42+00:00,clinicaltrials_gov_api_v2
NCT00104494,Zinc Homeostasis and Kinetics in Children With Cystic Fibrosis (CF),COMPLETED,OTHER,Cystic Fibrosis Foundation,NA,not_applicable,False,,cf,other,no_keyword_match,,supportive,0,0,0,auto_suggested,rules,,Cystic Fibrosis Foundation,,,2026-09-09T22:49:42+00:00,clinicaltrials_gov_api_v2
NCT00104520,Safety and Efficacy Study of Aztreonam for Inhalation Solution (AZLI) in Cystic Fibrosis Patients With P. Aeruginosa,COMPLETED,INDUSTRY,Gilead Sciences,PHASE3,phase_3,False,,cf,antimicrobial,antimicrobial,N4,therapeutic,0,0,0,auto_suggested,rules,,Gilead Sciences,,,2026-09-09T22:49:42+00:00,clinicaltrials_gov_api_v2
NCT00105183,EZ-2053 in the Prophylaxis of Acute Pulmonary Allograft Rejection,COMPLETED,INDUSTRY,Neovii Biotech,PHASE3,phase_3,False,,cf,other,no_keyword_match,,supportive,0,0,0,auto_suggested,rules,,Neovii Biotech,,,2026-09-09T22:49:42+00:00,clinicaltrials_gov_api_v2
NCT00112359,International Safety and Efficacy Study of Aztreonam for Inhalation Solution (AZLI) in Cystic Fibrosis Patients With P. Aeruginosa,COMPLETED,INDUSTRY,Gilead Sciences,PHASE3,phase_3,False,,cf,antimicrobial,antimicrobial,N4,therapeutic,0,0,0,auto_suggested,rules,,Gilead Sciences,,,2026-09-09T22:49:42+00:00,clinicaltrials_gov_api_v2
NCT00117208,Comparison of Inhaled Mannitol and rhDNase in Children With Cystic Fibrosis,COMPLETED,INDUSTRY,Syntara,PHASE2,phase_2,False,,cf,mucociliary_clearance,mucociliary,N3,therapeutic,0,0,0,auto_suggested,rules,,Syntara,,,2026-09-09T22:49:42+00:00,clinicaltrials_gov_api_v2
NCT00125346,Tobramycin Inhalation Powder (TIP) in Cystic Fibrosis Subjects,TERMINATED,INDUSTRY,Novartis,PHASE3,phase_3,False,,cf,antimicrobial,antimicrobial,N4,therapeutic,0,0,0,auto_suggested,rules,,Novartis,,,2026-09-09T22:49:42+00:00,clinicaltrials_gov_api_v2
NCT00128492,Safety and Efficacy Study of Aztreonam for Inhalation Solution (AZLI) in Cystic Fibrosis (CF) Patients With Pseudomonas Aeruginosa (PA),COMPLETED,INDUSTRY,Gilead Sciences,PHASE3,phase_3,False,,cf,antimicrobial,antimicrobial,N4,therapeutic,0,0,0,auto_suggested,rules,,Gilead Sciences,,,2026-09-09T22:49:42+00:00,clinicaltrials_gov_api_v2
NCT00129350,Assessment of Heart and Heart-Lung Transplant Patient Outcomes Following Pulmonary Rehabilitation,UNKNOWN,OTHER,Royal Brompton & Harefield NHS Foundation Trust,PHASE1,phase_1,False,,cf,care_delivery,care_delivery,N8,supportive,0,0,0,auto_suggested,rules,,Royal Brompton & Harefield NHS Foundation Trust,,,2026-09-09T22:49:42+00:00,clinicaltrials_gov_api_v2
NCT00130182,A Study in Pediatric Patients With Cystic Fibrosis Lung Disease,COMPLETED,INDUSTRY,Merck Sharp & Dohme LLC,PHASE2,phase_2,False,,cf,other,no_keyword_match,,supportive,0,0,0,auto_suggested,rules,,Merck Sharp & Dohme LLC,,,2026-09-09T22:49:42+00:00,clinicaltrials_gov_api_v2
NCT00153634,Standard vs. Biofilm Susceptibility Testing in Cystic Fibrosis (CF),COMPLETED,OTHER,Seattle Children's Hospital,NA,not_applicable,False,,cf,antimicrobial,antimicrobial,N4,therapeutic,0,0,0,auto_suggested,rules,,Seattle Children's Hospital,,,2026-09-09T22:49:42+00:00,clinicaltrials_gov_api_v2
NCT00157183,Non-invasive Ventilation and Oxygen Therapy in Cystic Fibrosis Patients With Nocturnal Oxygen Desaturation,COMPLETED,OTHER_GOV,Bayside Health,PHASE1;PHASE2,phase_1,False,,cf,other,no_keyword_match,,diagnostic,0,0,0,auto_suggested,rules,,Bayside Health,,,2026-09-09T22:49:42+00:00,clinicaltrials_gov_api_v2
NCT00157690,Study of Alendronate to Prevent and Treat Osteoporosis in Cystic Fibrosis Patients,COMPLETED,OTHER,McMaster University,PHASE4,approved,False,,cf,other,no_keyword_match,,supportive,0,0,0,auto_suggested,rules,,McMaster University,,,2026-09-09T22:49:42+00:00,clinicaltrials_gov_api_v2
NCT00163852,Treatment of Metabolic Alkalosis in Acute Exacerbations of Cystic Fibrosis,UNKNOWN,OTHER_GOV,Bayside Health,PHASE2;PHASE3,phase_2,False,,cf,other,no_keyword_match,,supportive,0,0,0,auto_suggested,rules,,Bayside Health,,,2026-09-09T22:49:42+00:00,clinicaltrials_gov_api_v2
NCT00164138,Prevalence and Treatment of Urinary Incontinence in Women With Cystic Fibrosis and Chronic Obstructive Pulmonary Disease,COMPLETED,OTHER_GOV,Bayside Health,NA,not_applicable,False,,cf,other,no_keyword_match,,supportive,0,0,0,auto_suggested,rules,,Bayside Health,,,2026-09-09T22:49:42+00:00,clinicaltrials_gov_api_v2
NCT00177645,Inhaled Bicarbonate Therapy in Cystic Fibrosis,COMPLETED,OTHER,University of Pittsburgh,PHASE1,phase_1,False,,cf,other,no_keyword_match,,supportive,0,0,0,auto_suggested,rules,,University of Pittsburgh,,,2026-09-09T22:49:42+00:00,clinicaltrials_gov_api_v2
NCT00179998,Effectiveness of Pulmozyme in Infants With Cystic Fibrosis,COMPLETED,OTHER,Nationwide Children's Hospital,PHASE2,phase_2,False,,cf,mucociliary_clearance,mucociliary,N3,therapeutic,0,0,0,auto_suggested,rules,,Nationwide Children's Hospital,,,2026-09-09T22:49:42+00:00,clinicaltrials_gov_api_v2
NCT00185549,An Interactive Program to Improve Care for Children With CF,COMPLETED,OTHER,Stanford University,NA,not_applicable,False,,cf,other,no_keyword_match,,supportive,0,0,0,auto_suggested,rules,,Stanford University,,,2026-09-09T22:49:42+00:00,clinicaltrials_gov_api_v2
NCT00198289,Aurexis® in Cystic Fibrosis Subjects Chronically Colonized With Staphylococcus Aureus in Their Lungs,COMPLETED,INDUSTRY,Bristol-Myers Squibb,PHASE2,phase_2,False,,cf,other,no_keyword_match,,supportive,0,0,0,auto_suggested,rules,,Bristol-Myers Squibb,,,2026-09-09T22:49:42+00:00,clinicaltrials_gov_api_v2
NCT00205634,Macrolide Antibiotic Therapy for Patients With Cystic Fibrosis,COMPLETED,OTHER,Wake Forest University,PHASE2,phase_2,False,,cf,antimicrobial,antimicrobial,N4,therapeutic,0,0,0,auto_suggested,rules,,Wake Forest University,,,2026-09-09T22:49:42+00:00,clinicaltrials_gov_api_v2
NCT00208078,Effect of Non-Invasive Ventilation in Cystic Fibrosis Patient With Chronic Respiratory Failure.,TERMINATED,AMBIG,Cochin Hospital,PHASE4,approved,False,,cf,other,no_keyword_match,,diagnostic,0,0,0,auto_suggested,rules,,Cochin Hospital,,,2026-09-09T22:49:42+00:00,clinicaltrials_gov_api_v2
NCT00217204,"An Effectiveness, Safety, and Palatability Study of Pancrelipase Microtablets in Infants and Toddlers With Cystic Fibrosis and Fat Malabsorption",COMPLETED,INDUSTRY,"McNeil Consumer & Specialty Pharmaceuticals, a Division of McNeil-PPC, Inc.",PHASE2,phase_2,False,,cf,gi_nutrition,gi,N6,therapeutic,0,0,0,auto_suggested,rules,,"McNeil Consumer & Specialty Pharmaceuticals, a Division of McNeil-PPC, Inc.",,,2026-09-09T22:49:42+00:00,clinicaltrials_gov_api_v2
NCT00219882,Safety Study of Orally Administered Curcuminoids in Adult Subjects With Cystic Fibrosis,COMPLETED,INDIV,"Ramsey, Bonnie, MD",PHASE1,phase_1,False,,cf,other,no_keyword_match,,supportive,0,0,0,auto_suggested,rules,,"Ramsey, Bonnie, MD",,,2026-09-09T22:49:42+00:00,clinicaltrials_gov_api_v2
NCT00219895,Assessment of Inflammatory Mediators (AIM),COMPLETED,INDIV,"Ramsey, Bonnie, MD",NA,not_applicable,False,,cf,anti_inflammatory,anti_inflammatory,N3,therapeutic,0,0,0,auto_suggested,rules,,"Ramsey, Bonnie, MD",,,2026-09-09T22:49:42+00:00,clinicaltrials_gov_api_v2
NCT00220259,Cystic Fibrosis Withdrawal of Inhaled Steroids Evaluation Study (CF WISE Study),COMPLETED,OTHER,Royal Brompton & Harefield NHS Foundation Trust,NA,not_applicable,False,,cf,other,no_keyword_match,,supportive,0,0,0,auto_suggested,rules,,Royal Brompton & Harefield NHS Foundation Trust,,,2026-09-09T22:49:42+00:00,clinicaltrials_gov_api_v2
NCT00221546,Influence of DHA-rich Supplement on DHA-status and Health Evolution of Patients With Cystic Fibrosis,COMPLETED,OTHER,"University Hospital, Ghent",PHASE2,phase_2,False,,cf,other,no_keyword_match,,supportive,0,0,0,auto_suggested,rules,,"University Hospital, Ghent",,,2026-09-09T22:49:42+00:00,clinicaltrials_gov_api_v2
NCT00222521,Insulin Glargine Vs Standard Insulin Therapy,COMPLETED,OTHER,University of Minnesota,PHASE3,phase_3,False,,cf,metabolic_cfrd,cfrd,N5,therapeutic,0,0,0,auto_suggested,rules,,University of Minnesota,,,2026-09-09T22:49:42+00:00,clinicaltrials_gov_api_v2
NCT00231192,Repaglinide for Adolescents With Cystic Fibrosis-Related Diabetes,WITHDRAWN,OTHER,Children's Hospital of Philadelphia,NA,not_applicable,False,,cf,metabolic_cfrd,cfrd,N5,therapeutic,0,0,0,auto_suggested,rules,,Children's Hospital of Philadelphia,,,2026-09-09T22:49:42+00:00,clinicaltrials_gov_api_v2
NCT00231686,Effects of a 6-Months Physical Conditioning Program in Patients With Cystic Fibrosis,COMPLETED,OTHER,Julius-Maximilians University,PHASE2;PHASE3,phase_2,False,,cf,care_delivery,care_delivery,N8,supportive,0,0,0,auto_suggested,rules,,Julius-Maximilians University,,,2026-09-09T22:49:42+00:00,clinicaltrials_gov_api_v2
NCT00234663,PTC124 for Cystic Fibrosis,COMPLETED,INDUSTRY,PTC Therapeutics,PHASE2,phase_2,False,,cf,nonsense_readthrough,nonsense,N1,therapeutic,0,0,0,auto_suggested,rules,,PTC Therapeutics,,,2026-09-09T22:49:42+00:00,clinicaltrials_gov_api_v2
NCT00237380,Safety and Efficacy of Ataluren (PTC124) for Cystic Fibrosis,COMPLETED,INDUSTRY,PTC Therapeutics,PHASE2,phase_2,False,,cf,nonsense_readthrough,nonsense,N1,therapeutic,0,0,0,auto_suggested,rules,,PTC Therapeutics,,,2026-09-09T22:49:42+00:00,clinicaltrials_gov_api_v2
NCT00237523,"Study for Treatment of Moderate or Severe, Periodic, ""Cyclic"", Breast Pain",UNKNOWN,INDUSTRY,Symbollon Pharmaceuticals,PHASE3,phase_3,False,,cf,other,no_keyword_match,,supportive,0,0,0,auto_suggested,rules,,Symbollon Pharmaceuticals,,,2026-09-09T22:49:42+00:00,clinicaltrials_gov_api_v2
NCT00241969,Behavioral & Nutritional Treatment to Help CF Preschoolers Grow,COMPLETED,OTHER,"Children's Hospital Medical Center, Cincinnati",NA,not_applicable,False,,cf,care_delivery,care_delivery,N8,supportive,0,0,0,auto_suggested,rules,,"Children's Hospital Medical Center, Cincinnati",,,2026-09-09T22:49:42+00:00,clinicaltrials_gov_api_v2
NCT00244270,Cystic Fibrosis and Totally Implantable Vascular Access Devices,COMPLETED,OTHER,Assistance Publique - Hôpitaux de Paris,PHASE4,approved,False,,cf,other,no_keyword_match,,diagnostic,0,0,0,auto_suggested,rules,,Assistance Publique - Hôpitaux de Paris,,,2026-09-09T22:49:42+00:00,clinicaltrials_gov_api_v2
NCT00248755,Assessing Mucociliary Clearance and Airway Liquid Volume in the CF Airway,COMPLETED,OTHER,University of Pittsburgh,NA,not_applicable,False,,cf,other,no_keyword_match,,supportive,0,0,0,auto_suggested,rules,,University of Pittsburgh,,,2026-09-09T22:49:42+00:00,clinicaltrials_gov_api_v2
NCT00251056,Mannitol Dose Response Study in Cystic Fibrosis,COMPLETED,INDUSTRY,Syntara,PHASE2,phase_2,False,,cf,mucociliary_clearance,mucociliary,N3,therapeutic,0,0,0,auto_suggested,rules,,Syntara,,,2026-09-09T22:49:42+00:00,clinicaltrials_gov_api_v2
NCT00255242,Effect of Simvastatin on CF Airway Inflammation,COMPLETED,OTHER,Akron Children's Hospital,PHASE1,phase_1,False,,cf,other,no_keyword_match,,supportive,0,0,0,auto_suggested,rules,,Akron Children's Hospital,,,2026-09-09T22:49:42+00:00,clinicaltrials_gov_api_v2
NCT00256555,Growth Hormone Treatment Study in Children With Cystic Fibrosis,WITHDRAWN,OTHER,University of Texas Southwestern Medical Center,PHASE2;PHASE3,phase_2,False,,cf,other,no_keyword_match,,supportive,0,0,0,auto_suggested,rules,,University of Texas Southwestern Medical Center,,,2026-09-09T22:49:42+00:00,clinicaltrials_gov_api_v2
NCT00265434,Nasal Inhalation of Dornase Alfa (Pulmozyme) in Patients With Cystic Fibrosis and Chronic Rhinosinusitis,COMPLETED,OTHER,University of Jena,PHASE3,phase_3,False,,cf,mucociliary_clearance,mucociliary,N3,therapeutic,0,0,0,auto_suggested,rules,,University of Jena,,,2026-09-09T22:49:42+00:00,clinicaltrials_gov_api_v2
NCT00271310,The Effects of Long Term Inhalation of Hypertonic Saline in Subjects With Cystic Fibrosis,COMPLETED,OTHER,"Royal Prince Alfred Hospital, Sydney, Australia",PHASE3,phase_3,False,,cf,mucociliary_clearance,mucociliary,N3,therapeutic,0,0,0,auto_suggested,rules,,"Royal Prince Alfred Hospital, Sydney, Australia",,,2026-09-09T22:49:42+00:00,clinicaltrials_gov_api_v2
NCT00274313,Safety Study of Inhaled 552-02 in Cystic Fibrosis Patients,COMPLETED,INDUSTRY,Parion Sciences,PHASE1;PHASE2,phase_1,False,,cf,other,no_keyword_match,,supportive,0,0,0,auto_suggested,rules,,Parion Sciences,,,2026-09-09T22:49:42+00:00,clinicaltrials_gov_api_v2
NCT00274391,Efficacy of Amiloride and Hypertonic Saline in Cystic Fibrosis,COMPLETED,OTHER,University of North Carolina,PHASE2,phase_2,False,,cf,mucociliary_clearance,mucociliary,N3,therapeutic,0,0,0,auto_suggested,rules,,University of North Carolina,,,2026-09-09T22:49:42+00:00,clinicaltrials_gov_api_v2
NCT00287430,Growth Hormone Use in Adolescents and Adults With Cystic Fibrosis,WITHDRAWN,OTHER,University of Texas Southwestern Medical Center,NA,not_applicable,False,,cf,other,no_keyword_match,,supportive,0,0,0,auto_suggested,rules,,University of Texas Southwestern Medical Center,,,2026-09-09T22:49:42+00:00,clinicaltrials_gov_api_v2
NCT00287443,Metabolic Abnormalities in Hispanic Children With Cystic Fibrosis,WITHDRAWN,OTHER,University of Texas Southwestern Medical Center,NA,not_applicable,False,,cf,metabolic_cfrd,cfrd,N5,supportive,0,0,0,auto_suggested,rules,,University of Texas Southwestern Medical Center,,,2026-09-09T22:49:42+00:00,clinicaltrials_gov_api_v2
NCT00287456,Use of the Insulin Pump in Cystic Fibrosis Patients With Impaired Glucose Tolerance or CFRD and in Type 1 Diabetes Patients.,WITHDRAWN,OTHER,University of Texas Southwestern Medical Center,NA,not_applicable,False,,cf,metabolic_cfrd,cfrd,N5,therapeutic,0,0,0,auto_suggested,rules,,University of Texas Southwestern Medical Center,,,2026-09-09T22:49:42+00:00,clinicaltrials_gov_api_v2
NCT00297167,Study to Evaluate the Safety and Efficacy of EUR-1008 (APT-1008) Pancreatic Enzyme Product in Participants With Cystic Fibrosis and Exocrine Pancreatic Insufficiency,COMPLETED,INDUSTRY,Forest Laboratories,PHASE3,phase_3,False,,cf,other,no_keyword_match,,supportive,0,0,0,auto_suggested,rules,,Forest Laboratories,,,2026-09-09T22:49:42+00:00,clinicaltrials_gov_api_v2
NCT00298922,"Azithromycin in Patients With CF, Infected With Burkholderia Cepacia Complex",UNKNOWN,OTHER,Unity Health Toronto,PHASE2,phase_2,False,,cf,antimicrobial,antimicrobial,N4,therapeutic,0,0,0,auto_suggested,rules,,Unity Health Toronto,,,2026-09-09T22:49:42+00:00,clinicaltrials_gov_api_v2
NCT00308243,Inhaled Sodium Pyruvate for the Treatment of Cystic Fibrosis.,COMPLETED,INDUSTRY,Emphycorp,PHASE1,phase_1,False,,cf,other,no_keyword_match,,supportive,0,0,0,auto_suggested,rules,,Emphycorp,,,2026-09-09T22:49:42+00:00,clinicaltrials_gov_api_v2
NCT00308958,Comparison of Airway Clearance Efficacy of Two High Frequency Chest Wall Oscillation (HFCWO) Devices in Cystic Fibrosis,COMPLETED,OTHER,University of Minnesota,NA,not_applicable,False,,cf,mucociliary_clearance,mucociliary,N3,supportive,0,0,0,auto_suggested,rules,,University of Minnesota,,,2026-09-09T22:49:42+00:00,clinicaltrials_gov_api_v2
NCT00311883,Hydroxychloroquine in Cystic Fibrosis,COMPLETED,OTHER,Vanderbilt University,PHASE1,phase_1,False,,cf,other,no_keyword_match,,supportive,0,0,0,auto_suggested,rules,,Vanderbilt University,,,2026-09-09T22:49:42+00:00,clinicaltrials_gov_api_v2
NCT00322868,Safety and Efficacy of Pioglitazone as an Anti-inflammatory for the Treatment of Cystic Fibrosis (CF) Lung Disease,COMPLETED,OTHER,University Hospitals Cleveland Medical Center,NA,not_applicable,False,,cf,other,no_keyword_match,,supportive,0,0,0,auto_suggested,rules,,University Hospitals Cleveland Medical Center,,,2026-09-09T22:49:42+00:00,clinicaltrials_gov_api_v2
NCT00332215,A Phase I Study of Inhaled Sodium Pyruvate for the Treatment of Cystic Fibrosis.,TERMINATED,OTHER,University of Minnesota,PHASE1,phase_1,False,,cf,other,no_keyword_match,,supportive,0,0,0,auto_suggested,rules,,University of Minnesota,,,2026-09-09T22:49:42+00:00,clinicaltrials_gov_api_v2
NCT00333385,Continuous Versus Short Infusions of Ceftazidime in Cystic Fibrosis,TERMINATED,OTHER,"Association Nationale pour les Traitements A Domicile, les Innovations et la Recherche",PHASE4,approved,False,,cf,antimicrobial,antimicrobial,N4,therapeutic,0,0,0,auto_suggested,rules,,"Association Nationale pour les Traitements A Domicile, les Innovations et la Recherche",,,2026-09-09T22:49:42+00:00,clinicaltrials_gov_api_v2
NCT00345449,Evaluation of a Decision Aid for Adult Cystic Fibrosis Patients Considering Bilateral Lung Transplantation,COMPLETED,OTHER,Ottawa Hospital Research Institute,NA,not_applicable,False,,cf,other,no_keyword_match,,supportive,0,0,0,auto_suggested,rules,,Ottawa Hospital Research Institute,,,2026-09-09T22:49:42+00:00,clinicaltrials_gov_api_v2
NCT00351078,PTC124 for the Treatment of Cystic Fibrosis,COMPLETED,INDUSTRY,PTC Therapeutics,PHASE2,phase_2,False,,cf,nonsense_readthrough,nonsense,N1,therapeutic,0,0,0,auto_suggested,rules,,PTC Therapeutics,,,2026-09-09T22:49:42+00:00,clinicaltrials_gov_api_v2
NCT00357279,Study of Denufosol Inhalation Solution in Patients With Mild Cystic Fibrosis Lung Disease,COMPLETED,INDUSTRY,Merck Sharp & Dohme LLC,PHASE3,phase_3,False,,cf,other,no_keyword_match,,supportive,0,0,0,auto_suggested,rules,,Merck Sharp & Dohme LLC,,,2026-09-09T22:49:42+00:00,clinicaltrials_gov_api_v2
NCT00363402,18FDG- PET/CT Contribution to the Assessment of Lesion Severity in Cystic Fibrosis (CF),COMPLETED,OTHER,Hadassah Medical Organization,NA,not_applicable,False,,cf,other,no_keyword_match,,supportive,0,0,0,auto_suggested,rules,,Hadassah Medical Organization,,,2026-09-09T22:49:42+00:00,clinicaltrials_gov_api_v2
NCT00376428,Interest of Gentamicin-induced Readthrough in Cystic Fibrosis Patients,TERMINATED,OTHER,Assistance Publique - Hôpitaux de Paris,PHASE2,phase_2,False,,cf,nonsense_readthrough,nonsense,N1,therapeutic,0,0,0,auto_suggested,rules,,Assistance Publique - Hôpitaux de Paris,,,2026-09-09T22:49:42+00:00,clinicaltrials_gov_api_v2
NCT00377741,A Relative Bioavailability Study of Valcyte (Valganciclovir) in Lung Transplant Recipients With or Without Cystic Fibrosis.,COMPLETED,INDUSTRY,Hoffmann-La Roche,PHASE1,phase_1,False,,cf,other,no_keyword_match,,supportive,0,0,0,auto_suggested,rules,,Hoffmann-La Roche,,,2026-09-09T22:49:42+00:00,clinicaltrials_gov_api_v2
NCT00388466,Whole Body Vibration - a New Therapeutic Approach to Improve Muscle Function in CF,COMPLETED,OTHER,University of Cologne,NA,not_applicable,False,,cf,care_delivery,care_delivery,N8,supportive,0,0,0,auto_suggested,rules,,University of Cologne,,,2026-09-09T22:49:42+00:00,clinicaltrials_gov_api_v2
NCT00388505,Safety of Tobramycin Inhalation Powder (TIP) vs Tobramycin Solution for Inhalation in Patients With Cystic Fibrosis,COMPLETED,INDUSTRY,Novartis Pharmaceuticals,PHASE3,phase_3,False,,cf,antimicrobial,antimicrobial,N4,therapeutic,0,0,0,auto_suggested,rules,,Novartis Pharmaceuticals,,,2026-09-09T22:49:42+00:00,clinicaltrials_gov_api_v2
NCT00391703,Assessment of Quadriceps Muscle Electrostimulation Used in Patients Suffering From Cystic Fibrosis,TERMINATED,OTHER,"University Hospital, Grenoble",NA,not_applicable,False,,cf,other,no_keyword_match,,supportive,0,0,0,auto_suggested,rules,,"University Hospital, Grenoble",,,2026-09-09T22:49:42+00:00,clinicaltrials_gov_api_v2
NCT00391976,Efficacy and Safety of 28 or 56 Day Treatment for Pseudomonas Aeruginosa in Children With Cystic Fibrosis,COMPLETED,INDUSTRY,Novartis,PHASE3,phase_3,False,,cf,antimicrobial,antimicrobial,N4,therapeutic,0,0,0,auto_suggested,rules,,Novartis,,,2026-09-09T22:49:42+00:00,clinicaltrials_gov_api_v2
NCT00399945,Tobramycin Inhalation Solution Administered by eFlow Rapid Nebulizer: Scintigraphy Study,COMPLETED,INDUSTRY,Novartis,PHASE1,phase_1,False,,cf,antimicrobial,antimicrobial,N4,therapeutic,0,0,0,auto_suggested,rules,,Novartis,,,2026-09-09T22:49:42+00:00,clinicaltrials_gov_api_v2
NCT00405665,The Short Term Safety and Efficacy of Inhaled L-arginine in Patients With Cystic Fibrosis,COMPLETED,OTHER,The Hospital for Sick Children,PHASE2,phase_2,False,,cf,other,no_keyword_match,,supportive,0,0,0,auto_suggested,rules,,The Hospital for Sick Children,,,2026-09-09T22:49:42+00:00,clinicaltrials_gov_api_v2
NCT00406536,Study of LYM-X-SORB™ to Improve Fatty Acid and Choline Status in Children With CF and PI,COMPLETED,INDUSTRY,"Avanti Polar Lipids, Inc.",PHASE2,phase_2,False,,cf,other,no_keyword_match,,supportive,0,0,0,auto_suggested,rules,,"Avanti Polar Lipids, Inc.",,,2026-09-09T22:49:42+00:00,clinicaltrials_gov_api_v2
NCT00408317,Safety and Efficacy Study of ULTRASE® MT20 in Participants With Cystic Fibrosis (CF) and Exocrine Pancreatic Insufficiency (PI),COMPLETED,INDUSTRY,Forest Laboratories,PHASE3,phase_3,False,,cf,other,no_keyword_match,,supportive,0,0,0,auto_suggested,rules,,Forest Laboratories,,,2026-09-09T22:49:42+00:00,clinicaltrials_gov_api_v2
NCT00411736,Scandinavian Cystic Fibrosis Azithromycin Study,COMPLETED,OTHER,"Rigshospitalet, Denmark",PHASE4,approved,False,,cf,antimicrobial,antimicrobial,N4,therapeutic,0,0,0,auto_suggested,rules,,"Rigshospitalet, Denmark",,,2026-09-09T22:49:42+00:00,clinicaltrials_gov_api_v2
NCT00416182,Nasally Delivered Pulmozyme for Sinusitis in Cystic Fibrosis,COMPLETED,OTHER,University of Vermont,PHASE2,phase_2,False,,cf,mucociliary_clearance,mucociliary,N3,therapeutic,0,0,0,auto_suggested,rules,,University of Vermont,,,2026-09-09T22:49:42+00:00,clinicaltrials_gov_api_v2
NCT00418470,Prolonging the Duration of Peripheral Venous Catheters in Cystic Fibrosis People,TERMINATED,OTHER,University of Florence,PHASE4,approved,False,,cf,antimicrobial,antimicrobial,N4,supportive,0,0,0,auto_suggested,rules,,University of Florence,,,2026-09-09T22:49:42+00:00,clinicaltrials_gov_api_v2
NCT00420836,Tobramycin Administered by eFlow Rapid Nebulizer: Pharmacokinetic Study,COMPLETED,INDUSTRY,Novartis,PHASE1,phase_1,False,,cf,antimicrobial,antimicrobial,N4,therapeutic,0,0,0,auto_suggested,rules,,Novartis,,,2026-09-09T22:49:42+00:00,clinicaltrials_gov_api_v2
NCT00425165,Study of Denufosol Inhalation Solution in Patients With Mild to Moderate Cystic Fibrosis Lung Disease,TERMINATED,INDUSTRY,Merck Sharp & Dohme LLC,PHASE2,phase_2,False,,cf,other,no_keyword_match,,supportive,0,0,0,auto_suggested,rules,,Merck Sharp & Dohme LLC,,,2026-09-09T22:49:42+00:00,clinicaltrials_gov_api_v2
NCT00431964,Effect of Azithromycin on Lung Function in 6-18 Year-olds With Cystic Fibrosis (CF) Not Infected With P. Aeruginosa,COMPLETED,NETWORK,CF Therapeutics Development Network Coordinating Center,PHASE4,approved,False,,cf,antimicrobial,antimicrobial,N4,therapeutic,0,0,0,auto_suggested,rules,,CF Therapeutics Development Network Coordinating Center,,,2026-09-09T22:49:42+00:00,clinicaltrials_gov_api_v2
NCT00432861,Evaluation of the Safety and Efficacy of Pancrecarb® MS-16 in Cystic Fibrosis,COMPLETED,INDUSTRY,"Digestive Care, Inc.",PHASE3,phase_3,False,,cf,gi_nutrition,gi,N6,therapeutic,0,0,0,auto_suggested,rules,,"Digestive Care, Inc.",,,2026-09-09T22:49:42+00:00,clinicaltrials_gov_api_v2
NCT00434278,A Trial of Pulmozyme Withdrawal on Exercise Tolerance in Cystic Fibrosis Subjects With Severe Lung Disease (TOPIC),TERMINATED,INDUSTRY,"Genentech, Inc.",PHASE4,approved,False,,cf,mucociliary_clearance,mucociliary,N3,therapeutic,0,0,0,auto_suggested,rules,,"Genentech, Inc.",,,2026-09-09T22:49:42+00:00,clinicaltrials_gov_api_v2
NCT00446680,Long Term Administration of Inhaled Dry Powder Mannitol In Cystic Fibrosis - A Safety and Efficacy Study,COMPLETED,INDUSTRY,Syntara,PHASE3,phase_3,False,,cf,antimicrobial,antimicrobial,N4,therapeutic,0,0,0,auto_suggested,rules,,Syntara,,,2026-09-09T22:49:42+00:00,clinicaltrials_gov_api_v2
NCT00449878,Liprotamase Efficacy Trial in Patients With Cystic Fibrosis-Related Exocrine Pancreatic Insufficiency,COMPLETED,INDUSTRY,Anthera Pharmaceuticals,PHASE3,phase_3,False,,cf,other,no_keyword_match,,supportive,0,0,0,auto_suggested,rules,,Anthera Pharmaceuticals,,,2026-09-09T22:49:42+00:00,clinicaltrials_gov_api_v2
NCT00449904,Open-Label Phase III Long-Term Safety Trial of Liprotamase,COMPLETED,INDUSTRY,Anthera Pharmaceuticals,PHASE3,phase_3,False,,cf,other,no_keyword_match,,supportive,0,0,0,auto_suggested,rules,,Anthera Pharmaceuticals,,,2026-09-09T22:49:42+00:00,clinicaltrials_gov_api_v2
NCT00450073,Improving Vitamin D Status In Cystic Fibrosis,COMPLETED,FED,Atlanta VA Medical Center,NA,not_applicable,False,,cf,other,no_keyword_match,,supportive,0,0,0,auto_suggested,rules,,Atlanta VA Medical Center,,,2026-09-09T22:49:42+00:00,clinicaltrials_gov_api_v2
NCT00455130,A Phase 2 Study to Determine the Safety and Efficacy of Inhaled Dry Powder Mannitol in Cystic Fibrosis,COMPLETED,INDUSTRY,Syntara,PHASE2,phase_2,False,,cf,mucociliary_clearance,mucociliary,N3,therapeutic,0,0,0,auto_suggested,rules,,Syntara,,,2026-09-09T22:49:42+00:00,clinicaltrials_gov_api_v2
NCT00457821,Safety Study of Ivacaftor in Subjects With Cystic Fibrosis,COMPLETED,INDUSTRY,Vertex Pharmaceuticals Incorporated,PHASE2,phase_2,False,,cf,cftr_modulator,modulator,N2,therapeutic,0,0,0,auto_suggested,rules,,Vertex Pharmaceuticals Incorporated,,,2026-09-09T22:49:42+00:00,clinicaltrials_gov_api_v2
NCT00458341,A Study of Ataluren in Pediatric Participants With Cystic Fibrosis,COMPLETED,INDUSTRY,PTC Therapeutics,PHASE2,phase_2,False,,cf,nonsense_readthrough,nonsense,N1,therapeutic,0,0,0,auto_suggested,rules,,PTC Therapeutics,,,2026-09-09T22:49:42+00:00,clinicaltrials_gov_api_v2
NCT00458614,Pharmacokinetic Study of Lansoprazole in Cystic Fibrosis,COMPLETED,OTHER,Arkansas Children's Hospital Research Institute,PHASE1,phase_1,False,,cf,other,no_keyword_match,,supportive,0,0,0,auto_suggested,rules,,Arkansas Children's Hospital Research Institute,,,2026-09-09T22:49:42+00:00,clinicaltrials_gov_api_v2
NCT00476281,"Nutritional, Metabolic and Respiratory Status in Cystic Fibrosis",COMPLETED,OTHER,"University Hospital, Strasbourg, France",NA,not_applicable,False,non-cystic fibrosis phrase,ncfb,metabolic_cfrd,cfrd,,not_cf_primary,0,0,0,auto_suggested,rules,,"University Hospital, Strasbourg, France",,,2026-09-09T22:49:42+00:00,clinicaltrials_gov_api_v2
NCT00483769,One Year Glargine Treatment in CFRD Children and Adolescents,COMPLETED,OTHER,Federico II University,PHASE4,approved,False,,cf,metabolic_cfrd,cfrd,N5,therapeutic,0,0,0,auto_suggested,rules,,Federico II University,,,2026-09-09T22:49:42+00:00,clinicaltrials_gov_api_v2
NCT00484263,The Long Term Effect of Inhaled Hypertonic Saline (6%) in Patients With Non Cystic Fibrosis Bronchiectasis,COMPLETED,OTHER,The Alfred,PHASE3,phase_3,False,non-cystic fibrosis bronchiectasis,ncfb,mucociliary_clearance,mucociliary,,not_cf_primary,0,0,0,auto_suggested,rules,,The Alfred,,,2026-09-09T22:49:42+00:00,clinicaltrials_gov_api_v2
NCT00486837,Deposition of Inhaled Prolastin in Cystic Fibrosis Patients,COMPLETED,INDUSTRY,Grifols Therapeutics LLC,PHASE2,phase_2,False,,cf,other,no_keyword_match,,supportive,0,0,0,auto_suggested,rules,,Grifols Therapeutics LLC,,,2026-09-09T22:49:42+00:00,clinicaltrials_gov_api_v2
NCT00499837,Phase II Study of the Safety and Efficacy of Inhaled Alpha-1 Antitrypsin (AAT ) in Cystic Fibrosis Patients,COMPLETED,INDUSTRY,"Kamada, Ltd.",PHASE2,phase_2,False,,cf,other,no_keyword_match,,supportive,0,0,0,auto_suggested,rules,,"Kamada, Ltd.",,,2026-09-09T22:49:42+00:00,clinicaltrials_gov_api_v2
NCT00503490,"Safety, Pharmacokinetic and Pharmacodynamic Study of MP-376 in Patients With Cystic Fibrosis",COMPLETED,INDUSTRY,Amgen,PHASE1,phase_1,False,,cf,antimicrobial,antimicrobial,N4,therapeutic,0,0,0,auto_suggested,rules,,Amgen,,,2026-09-09T22:49:42+00:00,clinicaltrials_gov_api_v2
NCT00506688,Efficacy and Safety Study of Inhaled Glutathione in Cystic Fibrosis Patients,COMPLETED,OTHER,Mukoviszidose Institut gGmbH,PHASE2,phase_2,False,,cf,other,no_keyword_match,,supportive,0,0,0,auto_suggested,rules,,Mukoviszidose Institut gGmbH,,,2026-09-09T22:49:42+00:00,clinicaltrials_gov_api_v2
NCT00506792,"Safety, Tolerability, Pharmacokinetics, and Pharmacodynamics of QAU145 in Patients With Cystic Fibrosis",COMPLETED,INDUSTRY,Novartis Pharmaceuticals,PHASE2,phase_2,False,,cf,other,no_keyword_match,,supportive,0,0,0,auto_suggested,rules,,Novartis Pharmaceuticals,,,2026-09-09T22:49:42+00:00,clinicaltrials_gov_api_v2
NCT00510484,Study Investigating a Delayed-Release Pancrelipase in Patients With Exocrine Pancreatic Insufficiency Due to Cystic Fibrosis,COMPLETED,INDUSTRY,Solvay Pharmaceuticals,PHASE3,phase_3,False,,cf,gi_nutrition,gi,N6,therapeutic,0,0,0,auto_suggested,rules,,Solvay Pharmaceuticals,,,2026-09-09T22:49:42+00:00,clinicaltrials_gov_api_v2
NCT00513682,Efficacy and Safety of Ultrase® MT20 in Improving the Coefficient of Fat Absorption (CFA) in Children With Cystic Fibrosis (CF) and Pancreatic Insufficiency (PI),COMPLETED,INDUSTRY,Forest Laboratories,PHASE3,phase_3,False,,cf,other,no_keyword_match,,supportive,0,0,0,auto_suggested,rules,,Forest Laboratories,,,2026-09-09T22:49:42+00:00,clinicaltrials_gov_api_v2
NCT00515229,Anti-Inflammatory Pulmonal Therapy of CF-Patients With Amitriptyline and Placebo,COMPLETED,OTHER,University Hospital Tuebingen,PHASE2,phase_2,False,,cf,other,no_keyword_match,,supportive,0,0,0,auto_suggested,rules,,University Hospital Tuebingen,,,2026-09-09T22:49:42+00:00,clinicaltrials_gov_api_v2
NCT00528190,Treatment of Aspergillus Fumigatus (a Fungal Infection) in Patients With Cystic Fibrosis,COMPLETED,OTHER,Ottawa Hospital Research Institute,PHASE4,approved,False,,cf,antifungal,antifungal,N4,therapeutic,0,0,0,auto_suggested,rules,,Ottawa Hospital Research Institute,,,2026-09-09T22:49:42+00:00,clinicaltrials_gov_api_v2
NCT00530244,Use of Formula Fortified With DHA in Infants With Cystic Fibrosis,COMPLETED,OTHER,"University of Massachusetts, Worcester",NA,not_applicable,False,,cf,other,no_keyword_match,,supportive,0,0,0,auto_suggested,rules,,"University of Massachusetts, Worcester",,,2026-09-09T22:49:42+00:00,clinicaltrials_gov_api_v2
NCT00531882,Pilot Mouthwash Study of Pioglitazone and Simvastatin in Healthy Volunteers,COMPLETED,OTHER,University Hospitals Cleveland Medical Center,NA,not_applicable,False,,cf,anti_inflammatory,anti_inflammatory,N3,therapeutic,0,0,0,auto_suggested,rules,,University Hospitals Cleveland Medical Center,,,2026-09-09T22:49:42+00:00,clinicaltrials_gov_api_v2
NCT00534079,Nasal Inhalation of Pulmozyme in Patients With Cystic Fibrosis and Chronic Rhinosinusitis,COMPLETED,OTHER,University of Jena,PHASE3,phase_3,False,,cf,mucociliary_clearance,mucociliary,N3,therapeutic,0,0,0,auto_suggested,rules,,University of Jena,,,2026-09-09T22:49:42+00:00,clinicaltrials_gov_api_v2
NCT00537602,Miglustat / OGT 918 in the Treatment of Cystic Fibrosis,TERMINATED,INDUSTRY,Actelion,PHASE2,phase_2,False,,cf,other,no_keyword_match,,supportive,0,0,0,auto_suggested,rules,,Actelion,,,2026-09-09T22:49:42+00:00,clinicaltrials_gov_api_v2
NCT00541190,Absorptive Clearance in the Cystic Fibrosis Airway,COMPLETED,OTHER,University of Pittsburgh,NA,not_applicable,False,,cf,other,no_keyword_match,,supportive,0,0,0,auto_suggested,rules,,University of Pittsburgh,,,2026-09-09T22:49:42+00:00,clinicaltrials_gov_api_v2
NCT00546663,Tolerability of Inhaled Hypertonic Saline in Infants With Cystic Fibrosis,COMPLETED,NETWORK,CF Therapeutics Development Network Coordinating Center,NA,not_applicable,False,,cf,mucociliary_clearance,mucociliary,N3,therapeutic,0,0,0,auto_suggested,rules,,CF Therapeutics Development Network Coordinating Center,,,2026-09-09T22:49:42+00:00,clinicaltrials_gov_api_v2
NCT00547053,Amiloride Solution and Tobramycin Solution for Inhalation for the Eradication of Burkholderia Dolosa in Patients With Cystic Fibrosis,COMPLETED,OTHER,Boston Children's Hospital,PHASE1,phase_1,False,,cf,antimicrobial,antimicrobial,N4,therapeutic,0,0,0,auto_suggested,rules,,Boston Children's Hospital,,,2026-09-09T22:49:42+00:00,clinicaltrials_gov_api_v2
NCT00557089,The Effect of rhDNase on Ventilation Inhomogeneity in Patients With Cystic Fibrosis,COMPLETED,OTHER,The Hospital for Sick Children,PHASE4,approved,False,,cf,other,no_keyword_match,,supportive,0,0,0,auto_suggested,rules,,The Hospital for Sick Children,,,2026-09-09T22:49:42+00:00,clinicaltrials_gov_api_v2
NCT00558844,Safety/Tolerability Study of Arikayce™ in Cystic Fibrosis Patients With Chronic Infection Due to Pseudomonas Aeruginosa,COMPLETED,INDUSTRY,Insmed Incorporated,PHASE1;PHASE2,phase_1,False,,cf,antimicrobial,antimicrobial,N4,therapeutic,0,0,0,auto_suggested,rules,,Insmed Incorporated,,,2026-09-09T22:49:42+00:00,clinicaltrials_gov_api_v2
NCT00566241,IGF-1 Therapy in Patients With Cystic Fibrosis,TERMINATED,OTHER,Stony Brook University,PHASE1,phase_1,False,,cf,other,no_keyword_match,,supportive,0,0,0,auto_suggested,rules,,Stony Brook University,,,2026-09-09T22:49:42+00:00,clinicaltrials_gov_api_v2
NCT00570349,Safety and Tolerability of Inhaled Nitric Oxide in Patients With Cystic Fibrosis,COMPLETED,INDUSTRY,Mallinckrodt,PHASE1;PHASE2,phase_1,False,,cf,other,no_keyword_match,,supportive,0,0,0,auto_suggested,rules,,Mallinckrodt,,,2026-09-09T22:49:42+00:00,clinicaltrials_gov_api_v2
NCT00572975,Malabsorption Blood Test:Toward a Novel Approach to Quantify Steatorrhea,COMPLETED,OTHER,Children's Hospital of Philadelphia,PHASE4,approved,False,,cf,other,no_keyword_match,,supportive,0,0,0,auto_suggested,rules,,Children's Hospital of Philadelphia,,,2026-09-09T22:49:42+00:00,clinicaltrials_gov_api_v2
NCT00589745,Nasal Potential Difference (NPD) for the Diagnosis of Cystic Fibrosis,COMPLETED,OTHER,Children's Hospital of Philadelphia,NA,not_applicable,False,,cf,other,no_keyword_match,,supportive,0,0,0,auto_suggested,rules,,Children's Hospital of Philadelphia,,,2026-09-09T22:49:42+00:00,clinicaltrials_gov_api_v2
NCT00590538,Phenylbutyrate/Genistein Duotherapy in Delta F508-Heterozygotes (for Cystic Fibrosis),TERMINATED,OTHER,Children's Hospital of Philadelphia,PHASE1;PHASE2,phase_1,False,,cf,other,no_keyword_match,,supportive,0,0,0,auto_suggested,rules,,Children's Hospital of Philadelphia,,,2026-09-09T22:49:42+00:00,clinicaltrials_gov_api_v2
NCT00591864,Comparison of MRI and Molecular Breast Imaging in Breast Diagnostic Evaluation,COMPLETED,OTHER,Mayo Clinic,NA,not_applicable,False,,cf,diagnostic,diagnostic,,diagnostic,0,0,0,auto_suggested,rules,,Mayo Clinic,,,2026-09-09T22:49:42+00:00,clinicaltrials_gov_api_v2
NCT00605761,SD Cystic Fibrosis Study,COMPLETED,INDUSTRY,GlaxoSmithKline,PHASE1,phase_1,False,,cf,other,no_keyword_match,,supportive,0,0,0,auto_suggested,rules,,GlaxoSmithKline,,,2026-09-09T22:49:42+00:00,clinicaltrials_gov_api_v2
NCT00609050,Exercise Training Study for Patients With Cystic Fibrosis,COMPLETED,OTHER,University of Pittsburgh,NA,not_applicable,False,,cf,care_delivery,care_delivery,N8,supportive,0,0,0,auto_suggested,rules,,University of Pittsburgh,,,2026-09-09T22:49:42+00:00,clinicaltrials_gov_api_v2
NCT00615576,Repeat Dose Study in Male Healthy Volunteer Smokers,COMPLETED,INDUSTRY,GlaxoSmithKline,PHASE1,phase_1,False,,cf,other,no_keyword_match,,supportive,0,0,0,auto_suggested,rules,,GlaxoSmithKline,,,2026-09-09T22:49:42+00:00,clinicaltrials_gov_api_v2
NCT00625612,Study of Denufosol Tetrasodium Inhalation Solution in Patients With Cystic Fibrosis (CF) Lung Disease,COMPLETED,INDUSTRY,Merck Sharp & Dohme LLC,PHASE3,phase_3,False,,cf,other,no_keyword_match,,supportive,0,0,0,auto_suggested,rules,,Merck Sharp & Dohme LLC,,,2026-09-09T22:49:42+00:00,clinicaltrials_gov_api_v2
NCT00625703,Pharmacokinetics of Linezolid in Children With Cystic Fibrosis,COMPLETED,OTHER,University of Texas Southwestern Medical Center,PHASE2,phase_2,False,,cf,other,no_keyword_match,,supportive,0,0,0,auto_suggested,rules,,University of Texas Southwestern Medical Center,,,2026-09-09T22:49:42+00:00,clinicaltrials_gov_api_v2
NCT00628134,Self-dispersing Liquids as Aerosol Drug Carriers,COMPLETED,OTHER,University of Pittsburgh,NA,not_applicable,False,,cf,other,no_keyword_match,,supportive,0,0,0,auto_suggested,rules,,University of Pittsburgh,,,2026-09-09T22:49:42+00:00,clinicaltrials_gov_api_v2
NCT00630812,Long Term Administration of Inhaled Mannitol in Cystic Fibrosis,COMPLETED,INDUSTRY,Syntara,PHASE3,phase_3,False,,cf,antimicrobial,antimicrobial,N4,therapeutic,0,0,0,auto_suggested,rules,,Syntara,,,2026-09-09T22:49:42+00:00,clinicaltrials_gov_api_v2
NCT00633191,Anti-pseudomonas IgY to Prevent Infections in Cystic Fibrosis,COMPLETED,OTHER,Immunsystem AB,PHASE1;PHASE2,phase_1,False,,cf,other,no_keyword_match,,supportive,0,0,0,auto_suggested,rules,,Immunsystem AB,,,2026-09-09T22:49:42+00:00,clinicaltrials_gov_api_v2
NCT00634192,Pharmacokinetic Evaluation of an 8 -Week Treatment With Inhaled Tobramycin,COMPLETED,INDUSTRY,Novartis,PHASE3,phase_3,False,,cf,antimicrobial,antimicrobial,N4,therapeutic,0,0,0,auto_suggested,rules,,Novartis,,,2026-09-09T22:49:42+00:00,clinicaltrials_gov_api_v2
NCT00635141,The Effect of Hypertonic Saline on the Lung Clearance Index in Patients With Cystic Fibrosis,COMPLETED,OTHER,The Hospital for Sick Children,PHASE3,phase_3,False,,cf,mucociliary_clearance,mucociliary,N3,therapeutic,0,0,0,auto_suggested,rules,,The Hospital for Sick Children,,,2026-09-09T22:49:42+00:00,clinicaltrials_gov_api_v2
NCT00638365,Dose Escalation Study of KB001 in Cystic Fibrosis Patients Infected With Pseudomonas Aeruginosa,COMPLETED,INDUSTRY,"Humanigen, Inc.",PHASE1;PHASE2,phase_1,False,,cf,other,no_keyword_match,,supportive,0,0,0,auto_suggested,rules,,"Humanigen, Inc.",,,2026-09-09T22:49:42+00:00,clinicaltrials_gov_api_v2
NCT00639626,Use of Levemir® Improves Metabolic and Clinical Status in Cystic Fibrosis-related Diabetes (CFRD),TERMINATED,OTHER,Nationwide Children's Hospital,PHASE2;PHASE3,phase_2,False,,cf,metabolic_cfrd,cfrd,N5,therapeutic,0,0,0,auto_suggested,rules,,Nationwide Children's Hospital,,,2026-09-09T22:49:42+00:00,clinicaltrials_gov_api_v2
NCT00645788,Study to Evaluate the Safety and Efficacy of Ciprofloxacin (Inhaled) in Patients With Cystic Fibrosis,COMPLETED,INDUSTRY,Bayer,PHASE2,phase_2,False,,cf,other,no_keyword_match,,supportive,0,0,0,auto_suggested,rules,,Bayer,,,2026-09-09T22:49:42+00:00,clinicaltrials_gov_api_v2
NCT00659529,Safety and Efficacy of Sildenafil in Cystic Fibrosis (CF) Lung Disease,COMPLETED,OTHER,National Jewish Health,PHASE1;PHASE2,phase_1,False,,cf,other,no_keyword_match,,supportive,0,0,0,auto_suggested,rules,,National Jewish Health,,,2026-09-09T22:49:42+00:00,clinicaltrials_gov_api_v2
NCT00662675,A Study of the Efficacy and Tolerability of Pancrelipase Microtablet (MT) Capsules for the Treatment of Cystic Fibrosis-dependent Exocrine Pancreatic Insufficiency,COMPLETED,INDUSTRY,"Johnson & Johnson Pharmaceutical Research & Development, L.L.C.",PHASE3,phase_3,False,,cf,gi_nutrition,gi,N6,therapeutic,0,0,0,auto_suggested,rules,,"Johnson & Johnson Pharmaceutical Research & Development, L.L.C.",,,2026-09-09T22:49:42+00:00,clinicaltrials_gov_api_v2
NCT00662714,Early Diagnosis of Diabetes Mellitus in Patients With Cystic Fibrosis,COMPLETED,OTHER,Mukoviszidose Institut gGmbH,PHASE3,phase_3,False,,cf,other,no_keyword_match,,supportive,0,0,0,auto_suggested,rules,,Mukoviszidose Institut gGmbH,,,2026-09-09T22:49:42+00:00,clinicaltrials_gov_api_v2
NCT00663975,Open Label Safety Study of DCI-1020 in Pediatric Cystic Fibrosis (CF) Patients,WITHDRAWN,INDUSTRY,"Digestive Care, Inc.",NA,not_applicable,False,,cf,other,no_keyword_match,,supportive,0,0,0,auto_suggested,rules,,"Digestive Care, Inc.",,,2026-09-09T22:49:42+00:00,clinicaltrials_gov_api_v2
NCT00671723,Dornase Alpha Versus Hypertonic Saline for Lung Atelectasis in Non-Cystic Fibrosis Patients,COMPLETED,OTHER,University of Oklahoma,NA,not_applicable,False,non-cystic fibrosis phrase,ncfb,mucociliary_clearance,mucociliary,,not_cf_primary,0,0,0,auto_suggested,rules,,University of Oklahoma,,,2026-09-09T22:49:42+00:00,clinicaltrials_gov_api_v2
NCT00671736,Lancovutide (Moli1901) Inhalation Solution Study in Adolescents and Adults With Cystic Fibrosis,COMPLETED,INDUSTRY,AOP Orphan Pharmaceuticals AG,PHASE2,phase_2,False,,cf,other,no_keyword_match,,supportive,0,0,0,auto_suggested,rules,,AOP Orphan Pharmaceuticals AG,,,2026-09-09T22:49:42+00:00,clinicaltrials_gov_api_v2
NCT00677365,"Safety, Tolerability and Efficacy of MP-376 Given for 28 Days to Cystic Fibrosis (CF) Patients",COMPLETED,INDUSTRY,Amgen,PHASE2,phase_2,False,,cf,antimicrobial,antimicrobial,N4,therapeutic,0,0,0,auto_suggested,rules,,Amgen,,,2026-09-09T22:49:42+00:00,clinicaltrials_gov_api_v2
NCT00680316,A Study of Pulmozyme® (Dornase Alpha) in 3- to 5-Year-Old Patients With Cystic Fibrosis,TERMINATED,INDUSTRY,"Genentech, Inc.",PHASE4,approved,False,,cf,mucociliary_clearance,mucociliary,N3,therapeutic,0,0,0,auto_suggested,rules,,"Genentech, Inc.",,,2026-09-09T22:49:42+00:00,clinicaltrials_gov_api_v2
NCT00684346,18FDG-PET Imaging to Detect Changes in Airways Inflammation in Cystic Fibrosis Patients,COMPLETED,OTHER,The Hospital for Sick Children,PHASE3,phase_3,False,,cf,other,no_keyword_match,,supportive,0,0,0,auto_suggested,rules,,The Hospital for Sick Children,,,2026-09-09T22:49:42+00:00,clinicaltrials_gov_api_v2
NCT00685035,Comparison of Airway Clearance Therapy in Cystic Fibrosis Using the Same VEST Therapy Device But With Different Settings,COMPLETED,OTHER,University of Minnesota,PHASE4,approved,False,,cf,mucociliary_clearance,mucociliary,N3,supportive,0,0,0,auto_suggested,rules,,University of Minnesota,,,2026-09-09T22:49:42+00:00,clinicaltrials_gov_api_v2
NCT00685971,Cholecalciferol for Vitamin D in Adult Cystic Fibrosis (CF) Patients,COMPLETED,OTHER,Unity Health Toronto,NA,not_applicable,False,,cf,other,no_keyword_match,,supportive,0,0,0,auto_suggested,rules,,Unity Health Toronto,,,2026-09-09T22:49:42+00:00,clinicaltrials_gov_api_v2
NCT00686361,Choline Nutrition in Children With Cystic Fibrosis (CF),COMPLETED,OTHER,University of British Columbia,NA,not_applicable,False,,cf,other,no_keyword_match,,supportive,0,0,0,auto_suggested,rules,,University of British Columbia,,,2026-09-09T22:49:42+00:00,clinicaltrials_gov_api_v2
NCT00687466,Study on the Efficacy of Slow Release Insulin in Cystic Fibrosis Patients With Glucide Intolerance and Clinical Decay,UNKNOWN,OTHER,Fondazione per la ricerca sulla Fibrosi Cistica,PHASE3,phase_3,False,,cf,metabolic_cfrd,cfrd,N5,therapeutic,0,0,0,auto_suggested,rules,,Fondazione per la ricerca sulla Fibrosi Cistica,,,2026-09-09T22:49:42+00:00,clinicaltrials_gov_api_v2
NCT00688051,"Changes in Adherence After Playing ""My Life With CF"" Game",COMPLETED,OTHER,Children's Mercy Hospital Kansas City,NA,not_applicable,False,,cf,other,no_keyword_match,,supportive,0,0,0,auto_suggested,rules,,Children's Mercy Hospital Kansas City,,,2026-09-09T22:49:42+00:00,clinicaltrials_gov_api_v2
NCT00690820,Study Investigating a Delayed-Release Pancrelipase in Patients With Pancreatic Exocrine Insufficiency (PEI) Due to Cystic Fibrosis (CF),COMPLETED,INDUSTRY,Solvay Pharmaceuticals,PHASE3,phase_3,False,,cf,gi_nutrition,gi,N6,therapeutic,0,0,0,auto_suggested,rules,,Solvay Pharmaceuticals,,,2026-09-09T22:49:42+00:00,clinicaltrials_gov_api_v2
NCT00706004,Short Term Safety and Efficacy of Lubiprostone in Adults With Cystic Fibrosis,COMPLETED,OTHER,University of Arkansas,NA,not_applicable,False,,cf,gi_nutrition,gi,N6,therapeutic,0,0,0,auto_suggested,rules,,University of Arkansas,,,2026-09-09T22:49:42+00:00,clinicaltrials_gov_api_v2
NCT00709280,Infant Study of Inhaled Saline in Cystic Fibrosis,COMPLETED,NETWORK,CF Therapeutics Development Network Coordinating Center,NA,not_applicable,False,,cf,mucociliary_clearance,mucociliary,N3,therapeutic,0,0,0,auto_suggested,rules,,CF Therapeutics Development Network Coordinating Center,,,2026-09-09T22:49:42+00:00,clinicaltrials_gov_api_v2
NCT00712166,"Safety and Efficacy Study of Aztreonam for Inhalation Solution (AZLI) in Patients With Cystic Fibrosis, Mild Lung Disease, and P. Aeruginosa",COMPLETED,INDUSTRY,Gilead Sciences,PHASE3,phase_3,False,,cf,antimicrobial,antimicrobial,N4,therapeutic,0,0,0,auto_suggested,rules,,Gilead Sciences,,,2026-09-09T22:49:42+00:00,clinicaltrials_gov_api_v2
NCT00716664,Do Musculoskeletal Techniques Improve Forced Expiratory Volume in One Second in Adults With Cystic Fibrosis?,COMPLETED,OTHER,Royal Brompton & Harefield NHS Foundation Trust,NA,not_applicable,False,,cf,care_delivery,care_delivery,N8,supportive,0,0,0,auto_suggested,rules,,Royal Brompton & Harefield NHS Foundation Trust,,,2026-09-09T22:49:42+00:00,clinicaltrials_gov_api_v2
NCT00719381,Effect of Pioglitazone on Inflammation in Cystic Fibrosis,COMPLETED,OTHER,Paul Beringer,PHASE1,phase_1,False,,cf,other,no_keyword_match,,supportive,0,0,0,auto_suggested,rules,,Paul Beringer,,,2026-09-09T22:49:42+00:00,clinicaltrials_gov_api_v2
NCT00721071,Utility of Induced Sputum Using Hypertonic Saline to Evaluate Infection and Inflammation in Cystic Fibrosis,COMPLETED,OTHER,The Hospital for Sick Children,PHASE2,phase_2,False,,cf,antimicrobial,antimicrobial,N4,therapeutic,0,0,0,auto_suggested,rules,,The Hospital for Sick Children,,,2026-09-09T22:49:42+00:00,clinicaltrials_gov_api_v2
NCT00728715,Efficacy of Budesonide-Formoterol in Bronchiectasis,COMPLETED,OTHER,Hospital General de Requena,NA,not_applicable,False,non-cystic fibrosis bronchiectasis,ncfb,other,no_keyword_match,,not_cf_primary,0,0,0,auto_suggested,rules,,Hospital General de Requena,,,2026-09-09T22:49:42+00:00,clinicaltrials_gov_api_v2
NCT00730509,Effects of 5-Methyltetrahydrofolate and Vitamin B12 Supplemetation on Red Cell Membrane in Children With Cystic Fibrosis,COMPLETED,OTHER,Universita di Verona,NA,not_applicable,False,,cf,other,no_keyword_match,,supportive,0,0,0,auto_suggested,rules,,Universita di Verona,,,2026-09-09T22:49:42+00:00,clinicaltrials_gov_api_v2
NCT00737100,Safety and Efficacy of 12-wk Treatment With Two Doses of Tiotropium Respimat in Cystic Fibrosis,COMPLETED,INDUSTRY,Boehringer Ingelheim,PHASE2,phase_2,False,,cf,other,no_keyword_match,,supportive,0,0,0,auto_suggested,rules,,Boehringer Ingelheim,,,2026-09-09T22:49:42+00:00,clinicaltrials_gov_api_v2
NCT00742092,Miglustat in Cystic Fibrosis,COMPLETED,INDUSTRY,Actelion,PHASE2,phase_2,False,,cf,other,no_keyword_match,,supportive,0,0,0,auto_suggested,rules,,Actelion,,,2026-09-09T22:49:42+00:00,clinicaltrials_gov_api_v2
NCT00743483,Efficacy of Bucelipase Alfa (BSSL) in Patients With Cystic Fibrosis and Pancreatic Insufficiency,COMPLETED,INDUSTRY,Swedish Orphan Biovitrum,PHASE2,phase_2,False,,cf,other,no_keyword_match,,supportive,0,0,0,auto_suggested,rules,,Swedish Orphan Biovitrum,,,2026-09-09T22:49:42+00:00,clinicaltrials_gov_api_v2
NCT00744250,Intraduodenal Aspiration Study to Assess the Bioavailability of Oral Pancrecarb® Compared to Placebo Control,TERMINATED,INDUSTRY,"Digestive Care, Inc.",PHASE4,approved,False,,cf,gi_nutrition,gi,N6,therapeutic,0,0,0,auto_suggested,rules,,"Digestive Care, Inc.",,,2026-09-09T22:49:42+00:00,clinicaltrials_gov_api_v2
NCT00744276,A Study of Topical Danazol for the Treatment of Pain Associated With Fibrocystic Breast Disease,COMPLETED,INDUSTRY,"FemmePharma Global Healthcare, Inc.",PHASE2,phase_2,False,,cf,other,no_keyword_match,,supportive,0,0,0,auto_suggested,rules,,"FemmePharma Global Healthcare, Inc.",,,2026-09-09T22:49:42+00:00,clinicaltrials_gov_api_v2
NCT00749866,Long Term Nebulised Gentamicin in Patients With Bronchiectasis,COMPLETED,OTHER,University of Edinburgh,PHASE4,approved,False,,cf,care_delivery,care_delivery,N8,supportive,0,0,0,auto_suggested,rules,,University of Edinburgh,,,2026-09-09T22:49:42+00:00,clinicaltrials_gov_api_v2
NCT00751647,Cystic Fibrosis Core Strengthening and Respiratory Exercise Program,COMPLETED,OTHER,Children's Hospitals and Clinics of Minnesota,PHASE2,phase_2,False,,cf,care_delivery,care_delivery,N8,supportive,0,0,0,auto_suggested,rules,,Children's Hospitals and Clinics of Minnesota,,,2026-09-09T22:49:42+00:00,clinicaltrials_gov_api_v2
NCT00753987,Tolerability of Hypertonic Saline in Infants With Cystic Fibrosis,COMPLETED,OTHER,The Hospital for Sick Children,PHASE1,phase_1,False,,cf,mucociliary_clearance,mucociliary,N3,therapeutic,0,0,0,auto_suggested,rules,,The Hospital for Sick Children,,,2026-09-09T22:49:42+00:00,clinicaltrials_gov_api_v2
NCT00757237,Aztreonam for Inhalation Solution vs Tobramycin Inhalation Solution in Patients With Cystic Fibrosis & Pseudomonas Aeruginosa,COMPLETED,INDUSTRY,Gilead Sciences,PHASE3,phase_3,False,,cf,antimicrobial,antimicrobial,N4,therapeutic,0,0,0,auto_suggested,rules,,Gilead Sciences,,,2026-09-09T22:49:42+00:00,clinicaltrials_gov_api_v2
NCT00757848,"A Phase II , Placebo-controlled Study to Assess Efficacy of 28 Day Oral AZD9668 in Patients With Cystic Fibrosis",COMPLETED,INDUSTRY,AstraZeneca,PHASE2,phase_2,False,,cf,other,no_keyword_match,,supportive,0,0,0,auto_suggested,rules,,AstraZeneca,,,2026-09-09T22:49:42+00:00,clinicaltrials_gov_api_v2
NCT00762918,Vitamin D3 for the Treatment of Low Vitamin D in Cystic Fibrosis,WITHDRAWN,OTHER,Children's Hospital of Philadelphia,PHASE3,phase_3,False,,cf,other,no_keyword_match,,supportive,0,0,0,auto_suggested,rules,,Children's Hospital of Philadelphia,,,2026-09-09T22:49:42+00:00,clinicaltrials_gov_api_v2
NCT00763412,Pilot and Feasibility Study for the Treatment of Pre-diabetes in Patients With Cystic Fibrosis,COMPLETED,INDIV,"Arbelaez, Ana Maria",NA,not_applicable,False,,cf,metabolic_cfrd,cfrd,N5,therapeutic,0,0,0,auto_suggested,rules,,"Arbelaez, Ana Maria",,,2026-09-09T22:49:42+00:00,clinicaltrials_gov_api_v2
NCT00763477,Ghrelin in Cystic Fibrosis,UNKNOWN,OTHER_GOV,Papworth Hospital NHS Foundation Trust,NA,not_applicable,False,,cf,other,no_keyword_match,,supportive,0,0,0,auto_suggested,rules,,Papworth Hospital NHS Foundation Trust,,,2026-09-09T22:49:42+00:00,clinicaltrials_gov_api_v2
NCT00774072,Nasal Inhalation of Tobramycin in Patients With Cystic Fibrosis and Pseudomonas Aeruginosa Colonization,COMPLETED,OTHER,University of Jena,PHASE2,phase_2,False,,cf,antimicrobial,antimicrobial,N4,therapeutic,0,0,0,auto_suggested,rules,,University of Jena,,,2026-09-09T22:49:42+00:00,clinicaltrials_gov_api_v2
NCT00775528,Study Investigating a Delayed-Release Pancrelipase in Patients With Pancreatic Exocrine Insufficiency Due to Cystic Fibrosis,COMPLETED,INDUSTRY,Solvay Pharmaceuticals,PHASE3,phase_3,False,,cf,gi_nutrition,gi,N6,therapeutic,0,0,0,auto_suggested,rules,,Solvay Pharmaceuticals,,,2026-09-09T22:49:42+00:00,clinicaltrials_gov_api_v2
NCT00777296,Multidose Safety and Tolerability Study of Dose Escalation of Liposomal Amikacin for Inhalation (ARIKACE™),COMPLETED,INDUSTRY,Insmed Incorporated,PHASE1;PHASE2,phase_1,False,,cf,antimicrobial,antimicrobial,N4,therapeutic,0,0,0,auto_suggested,rules,,Insmed Incorporated,,,2026-09-09T22:49:42+00:00,clinicaltrials_gov_api_v2
NCT00782288,Phase II Study of Digitoxin to Treat Cystic Fibrosis,COMPLETED,OTHER,National Jewish Health,PHASE2,phase_2,False,,cf,other,no_keyword_match,,supportive,0,0,0,auto_suggested,rules,,National Jewish Health,,,2026-09-09T22:49:42+00:00,clinicaltrials_gov_api_v2
NCT00786513,Use of a Biofilm Antimicrobial Susceptibility Assay to Guide Antibiotic Therapy,COMPLETED,OTHER,The Hospital for Sick Children,PHASE2,phase_2,False,,cf,antimicrobial,antimicrobial,N4,supportive,0,0,0,auto_suggested,rules,,The Hospital for Sick Children,,,2026-09-09T22:49:42+00:00,clinicaltrials_gov_api_v2
NCT00787917,An Exploratory Study to Assess Multiple Doses of Omalizumab in Patients With Cystic Fibrosis Complicated by Acute Bronchopulmonary Aspergillosis (ABPA),TERMINATED,INDUSTRY,Novartis Pharmaceuticals,PHASE4,approved,False,,cf,other,no_keyword_match,,supportive,0,0,0,auto_suggested,rules,,Novartis Pharmaceuticals,,,2026-09-09T22:49:42+00:00,clinicaltrials_gov_api_v2
NCT00788138,Effects of Vitamin D Supplementation on Lung Function in an Acute Pulmonary Exacerbation of Cystic Fibrosis,COMPLETED,OTHER,Emory University,NA,not_applicable,False,,cf,other,no_keyword_match,,supportive,0,0,0,auto_suggested,rules,,Emory University,,,2026-09-09T22:49:42+00:00,clinicaltrials_gov_api_v2
NCT00789867,Single Dose of pGM169/GL67A in CF Patients,COMPLETED,OTHER,Imperial College London,PHASE1;PHASE2,phase_1,False,,cf,other,no_keyword_match,,supportive,0,0,0,auto_suggested,rules,,Imperial College London,,,2026-09-09T22:49:42+00:00,clinicaltrials_gov_api_v2
NCT00792194,Improvement of Aerobic Capacity in Cystic Fibrosis Patients With a One-year Home Training Period,COMPLETED,OTHER,"University Hospital, Strasbourg, France",NA,not_applicable,False,,cf,care_delivery,care_delivery,N8,supportive,0,0,0,auto_suggested,rules,,"University Hospital, Strasbourg, France",,,2026-09-09T22:49:42+00:00,clinicaltrials_gov_api_v2
NCT00792714,Pharmacokinetics of Inhaled Mannitol in Cystic Fibrosis Patients,COMPLETED,INDUSTRY,Syntara,PHASE1,phase_1,False,,cf,mucociliary_clearance,mucociliary,N3,therapeutic,0,0,0,auto_suggested,rules,,Syntara,,,2026-09-09T22:49:42+00:00,clinicaltrials_gov_api_v2
NCT00794586,Study Evaluating Fosfomycin/Tobramycin for Inhalation in Cystic Fibrosis Patients With Pseudomonas Aeruginosa Lung Infection,COMPLETED,INDUSTRY,Gilead Sciences,PHASE2,phase_2,False,,cf,antimicrobial,antimicrobial,N4,therapeutic,0,0,0,auto_suggested,rules,,Gilead Sciences,,,2026-09-09T22:49:42+00:00,clinicaltrials_gov_api_v2
NCT00800579,"Trial to Assess the Safety, Tolerability and Pharmacokinetics of GS-9411 in Healthy Male Volunteers",COMPLETED,INDUSTRY,Gilead Sciences,PHASE1,phase_1,False,,cf,other,no_keyword_match,,supportive,0,0,0,auto_suggested,rules,,Gilead Sciences,,,2026-09-09T22:49:42+00:00,clinicaltrials_gov_api_v2
NCT00803179,Growth Hormone Therapy for Wasting in Cystic Fibrosis,TERMINATED,OTHER,"University of Massachusetts, Worcester",PHASE1,phase_1,False,,cf,other,no_keyword_match,,supportive,0,0,0,auto_suggested,rules,,"University of Massachusetts, Worcester",,,2026-09-09T22:49:42+00:00,clinicaltrials_gov_api_v2
NCT00803205,Study of Ataluren (PTC124™) in Cystic Fibrosis,COMPLETED,INDUSTRY,PTC Therapeutics,PHASE3,phase_3,False,,cf,nonsense_readthrough,nonsense,N1,therapeutic,0,0,0,auto_suggested,rules,,PTC Therapeutics,,,2026-09-09T22:49:42+00:00,clinicaltrials_gov_api_v2
NCT00806884,Do Physiotherapy Techniques Improve Posture During Admission for a Chest Infection in Adults With Cystic Fibrosis?,COMPLETED,OTHER,Royal Brompton & Harefield NHS Foundation Trust,NA,not_applicable,False,,cf,other,no_keyword_match,,supportive,0,0,0,auto_suggested,rules,,Royal Brompton & Harefield NHS Foundation Trust,,,2026-09-09T22:49:42+00:00,clinicaltrials_gov_api_v2
NCT00809094,"NAC Phase IIB: A Multi-Center, Phase IIB, Randomized, Placebo-controlled, Double-Blind Study Of The Effects Of N-Acetylcysteine On Redox Changes and Lung Inflammation In Cystic Fibrosis Patients",COMPLETED,OTHER,Stanford University,PHASE2,phase_2,False,,cf,other,no_keyword_match,,supportive,0,0,0,auto_suggested,rules,,Stanford University,,,2026-09-09T22:49:42+00:00,clinicaltrials_gov_api_v2
NCT00812045,Study to Assess Efficacy of AZD1236 in Patients With Cystic Fibrosis,WITHDRAWN,INDUSTRY,AstraZeneca,PHASE2,phase_2,False,,cf,other,no_keyword_match,,supportive,0,0,0,auto_suggested,rules,,AstraZeneca,,,2026-09-09T22:49:42+00:00,clinicaltrials_gov_api_v2
NCT00816309,"Is Regular Chest Physiotherapy an Effective Treatment in Severe, Non Cystic Fibrosis Bronchiectasis?",COMPLETED,OTHER_GOV,NHS Lothian,PHASE4,approved,False,non-cystic fibrosis bronchiectasis,ncfb,other,no_keyword_match,,not_cf_primary,0,0,0,auto_suggested,rules,,NHS Lothian,,,2026-09-09T22:49:42+00:00,clinicaltrials_gov_api_v2
NCT00817180,"Long-term Study, Comparing Vest Therapy to Positive Expiratory Pressure (PEP) Therapy in the Treatment of Cystic Fibrosis",COMPLETED,OTHER,University of British Columbia,PHASE2,phase_2,False,,cf,mucociliary_clearance,mucociliary,N3,supportive,0,0,0,auto_suggested,rules,,University of British Columbia,,,2026-09-09T22:49:42+00:00,clinicaltrials_gov_api_v2
NCT00817947,Airway Clearance Using High Frequency Chest Wall Oscillation,COMPLETED,OTHER,Royal Brompton & Harefield NHS Foundation Trust,PHASE3,phase_3,False,,cf,mucociliary_clearance,mucociliary,N3,supportive,0,0,0,auto_suggested,rules,,Royal Brompton & Harefield NHS Foundation Trust,,,2026-09-09T22:49:42+00:00,clinicaltrials_gov_api_v2
NCT00823238,Comparison of Antibiotics for Pseudomonas in Early CF,COMPLETED,OTHER,"University of North Carolina, Chapel Hill",PHASE1,phase_1,False,,cf,antimicrobial,antimicrobial,N4,therapeutic,0,0,0,auto_suggested,rules,,"University of North Carolina, Chapel Hill",,,2026-09-09T22:49:42+00:00,clinicaltrials_gov_api_v2
NCT00826488,A Comparison of Breast Tomosynthesis Mammography and Conventional Breast Imaging in the Characterization of Breast Masses,COMPLETED,OTHER,Washington University School of Medicine,EARLY_PHASE1,phase_1,False,,cf,diagnostic,diagnostic,,diagnostic,0,0,0,auto_suggested,rules,,Washington University School of Medicine,,,2026-09-09T22:49:42+00:00,clinicaltrials_gov_api_v2
NCT00839644,Airway Secretion Clearance in Cystic Fibrosis,TERMINATED,OTHER,"University of Colorado, Denver",NA,not_applicable,False,,cf,other,no_keyword_match,,diagnostic,0,0,0,auto_suggested,rules,,"University of Colorado, Denver",,,2026-09-09T22:49:42+00:00,clinicaltrials_gov_api_v2
NCT00840333,"""Safety, Tolerability and Pharmacokinetics of MP-376 Administered for 14 Days to Stable Pediatric (CF) Patients""",COMPLETED,INDUSTRY,Amgen,PHASE1,phase_1,False,,cf,antimicrobial,antimicrobial,N4,therapeutic,0,0,0,auto_suggested,rules,,Amgen,,,2026-09-09T22:49:42+00:00,clinicaltrials_gov_api_v2
NCT00843817,RhDNase and Biodistribution of PMN Serine Proteases in Cystic Fibrosis Sputum,COMPLETED,OTHER,"University Hospital, Tours",PHASE4,approved,False,,cf,mucociliary_clearance,mucociliary,N3,therapeutic,0,0,0,auto_suggested,rules,,"University Hospital, Tours",,,2026-09-09T22:49:42+00:00,clinicaltrials_gov_api_v2
NCT00846053,FDG-PET Imaging in Young Cystic Fibrosis Patients,COMPLETED,OTHER,Washington University School of Medicine,NA,not_applicable,False,,cf,other,no_keyword_match,,diagnostic,0,0,0,auto_suggested,rules,,Washington University School of Medicine,,,2026-09-09T22:49:42+00:00,clinicaltrials_gov_api_v2
NCT00846573,Hyperpolarized Noble Gas MR Imaging for Pulmonary Disorders,TERMINATED,OTHER,"University of Massachusetts, Worcester",NA,not_applicable,False,,cf,other,no_keyword_match,,supportive,0,0,0,auto_suggested,rules,,"University of Massachusetts, Worcester",,,2026-09-09T22:49:42+00:00,clinicaltrials_gov_api_v2
NCT00846781,Study 08-114 Open-label Extension of Study 08-110 - A Multi-Center Study of Denufosol Tetrasodium Inhalation Solution in Patients With Cystic Fibrosis Lung Disease (P08642),TERMINATED,INDUSTRY,Merck Sharp & Dohme LLC,PHASE3,phase_3,False,,cf,other,no_keyword_match,,supportive,0,0,0,auto_suggested,rules,,Merck Sharp & Dohme LLC,,,2026-09-09T22:49:42+00:00,clinicaltrials_gov_api_v2
NCT00850551,Early Intervention in Pulmonary Exacerbation in Cystic Fibrosis,COMPLETED,OTHER,University of Washington,NA,not_applicable,False,,cf,other,no_keyword_match,,supportive,0,0,0,auto_suggested,rules,,University of Washington,,,2026-09-09T22:49:42+00:00,clinicaltrials_gov_api_v2
NCT00865904,Study of VX-809 in Cystic Fibrosis Subjects With the ∆F508-CFTR Gene Mutation,COMPLETED,INDUSTRY,Vertex Pharmaceuticals Incorporated,PHASE2,phase_2,False,,cf,other,no_keyword_match,,supportive,0,0,0,auto_suggested,rules,,Vertex Pharmaceuticals Incorporated,,,2026-09-09T22:49:42+00:00,clinicaltrials_gov_api_v2
NCT00868075,Pulmonary Rehabilitation in Non Cystic Fibrosis Bronchiectasis,COMPLETED,OTHER_GOV,NHS Lothian,PHASE4,approved,False,non-cystic fibrosis bronchiectasis,ncfb,care_delivery,care_delivery,,not_cf_primary,0,0,0,auto_suggested,rules,,NHS Lothian,,,2026-09-09T22:49:42+00:00,clinicaltrials_gov_api_v2
NCT00880100,Use of Ultrase® MT12 in Young Cystic Fibrosis Children (CF),COMPLETED,INDUSTRY,Forest Laboratories,PHASE3,phase_3,False,,cf,other,no_keyword_match,,supportive,0,0,0,auto_suggested,rules,,Forest Laboratories,,,2026-09-09T22:49:42+00:00,clinicaltrials_gov_api_v2
NCT00885365,A Study Comparing the Efficacy and Tolerability of Tobrineb®/Actitob®/Bramitob® Versus TOBI®,COMPLETED,INDUSTRY,Chiesi Farmaceutici S.p.A.,PHASE3,phase_3,False,,cf,antimicrobial,antimicrobial,N4,therapeutic,0,0,0,auto_suggested,rules,,Chiesi Farmaceutici S.p.A.,,,2026-09-09T22:49:42+00:00,clinicaltrials_gov_api_v2
NCT00885521,Exercise Training in Patients With Non-cystic Fibrosis (CF) Bronchiectasis,COMPLETED,OTHER_GOV,Bayside Health,PHASE1,phase_1,False,non-cf bronchiectasis,ncfb,care_delivery,care_delivery,,not_cf_primary,0,0,0,auto_suggested,rules,,Bayside Health,,,2026-09-09T22:49:42+00:00,clinicaltrials_gov_api_v2
NCT00889434,Efficacy and Safety Study of EGCG/Tocotrienol in 18 Patients With Splicing-mutation-mediated Cystic Fibrosis (CF),COMPLETED,OTHER,Hadassah Medical Organization,NA,not_applicable,False,,cf,mrna,mrna,N1,supportive,0,0,0,auto_suggested,rules,,Hadassah Medical Organization,,,2026-09-09T22:49:42+00:00,clinicaltrials_gov_api_v2
NCT00889967,"Safety and Efficacy Study of Ciprofloxacin for Inhalation in Patients With Non-Cystic Fibrosis Bronchiectasis ""ORBIT-1""",COMPLETED,INDUSTRY,Aradigm Corporation,PHASE2,phase_2,False,non-cystic fibrosis bronchiectasis,ncfb,other,no_keyword_match,,not_cf_primary,0,0,0,auto_suggested,rules,,Aradigm Corporation,,,2026-09-09T22:49:42+00:00,clinicaltrials_gov_api_v2
NCT00890370,Should Any One Airway Clearance Technique be Recommended for People With Cystic Fibrosis?,COMPLETED,OTHER,Royal Brompton & Harefield NHS Foundation Trust,PHASE4,approved,False,,cf,mucociliary_clearance,mucociliary,N3,supportive,0,0,0,auto_suggested,rules,,Royal Brompton & Harefield NHS Foundation Trust,,,2026-09-09T22:49:42+00:00,clinicaltrials_gov_api_v2
NCT00903201,28 Day Repeat Dose in Cystic Fibrosis Patients,COMPLETED,INDUSTRY,GlaxoSmithKline,PHASE2,phase_2,False,,cf,other,no_keyword_match,,supportive,0,0,0,auto_suggested,rules,,GlaxoSmithKline,,,2026-09-09T22:49:42+00:00,clinicaltrials_gov_api_v2
NCT00908505,Comparison Between RTX (Biphasic Cuirass Ventilator) and Physiotherapy in Cystic Fibrosis Patients,UNKNOWN,OTHER,Hadassah Medical Organization,NA,not_applicable,False,,cf,other,no_keyword_match,,supportive,0,0,0,auto_suggested,rules,,Hadassah Medical Organization,,,2026-09-09T22:49:42+00:00,clinicaltrials_gov_api_v2
NCT00909532,Study of Ivacaftor in Cystic Fibrosis Subjects Aged 12 Years and Older With the G551D Mutation,COMPLETED,INDUSTRY,Vertex Pharmaceuticals Incorporated,PHASE3,phase_3,False,,cf,cftr_modulator,modulator,N2,therapeutic,0,0,0,auto_suggested,rules,,Vertex Pharmaceuticals Incorporated,,,2026-09-09T22:49:42+00:00,clinicaltrials_gov_api_v2
NCT00909727,Study of Ivacaftor in Cystic Fibrosis Subjects Aged 6 to 11 Years With the G551D Mutation,COMPLETED,INDUSTRY,Vertex Pharmaceuticals Incorporated,PHASE3,phase_3,False,,cf,cftr_modulator,modulator,N2,therapeutic,0,0,0,auto_suggested,rules,,Vertex Pharmaceuticals Incorporated,,,2026-09-09T22:49:42+00:00,clinicaltrials_gov_api_v2
NCT00910351,Cipro Inhaler for Cystic Fibrosis Children Ages 6-12,COMPLETED,INDUSTRY,Bayer,PHASE1,phase_1,False,,cf,antimicrobial,antimicrobial,N4,therapeutic,0,0,0,auto_suggested,rules,,Bayer,,,2026-09-09T22:49:42+00:00,clinicaltrials_gov_api_v2
NCT00918957,A Study of Tobramycin Inhalation Powder From a Modified Manufacturing Process Versus Placebo,COMPLETED,INDUSTRY,Novartis Pharmaceuticals,PHASE3,phase_3,False,,cf,antimicrobial,antimicrobial,N4,therapeutic,0,0,0,auto_suggested,rules,,Novartis Pharmaceuticals,,,2026-09-09T22:49:42+00:00,clinicaltrials_gov_api_v2
NCT00924547,Oral Docosahexanoic Acid Supplementation in Cystic Fibrosis,COMPLETED,OTHER,Vanderbilt University,PHASE2,phase_2,False,,cf,other,no_keyword_match,,supportive,0,0,0,auto_suggested,rules,,Vanderbilt University,,,2026-09-09T22:49:42+00:00,clinicaltrials_gov_api_v2
NCT00928135,Aerosolized Hypertonic Xylitol Versus Hypertonic Saline in Cystic Fibrosis (CF) Subjects,COMPLETED,OTHER,Joseph Zabner,PHASE1;PHASE2,phase_1,False,,cf,antimicrobial,antimicrobial,N4,therapeutic,0,0,0,auto_suggested,rules,,Joseph Zabner,,,2026-09-09T22:49:42+00:00,clinicaltrials_gov_api_v2
NCT00930982,Evaluation of Cipro Inhale in Patients With Non-cystic Fibrosis Bronchiectasis,COMPLETED,INDUSTRY,Bayer,PHASE2,phase_2,False,non-cystic fibrosis bronchiectasis,ncfb,other,no_keyword_match,,not_cf_primary,0,0,0,auto_suggested,rules,,Bayer,,,2026-09-09T22:49:42+00:00,clinicaltrials_gov_api_v2
NCT00934362,Effect of Lucinactant on Mucus Clearance in Cystic Fibrosis Lung Disease,COMPLETED,OTHER,"University of North Carolina, Chapel Hill",PHASE2,phase_2,False,,cf,other,no_keyword_match,,supportive,0,0,0,auto_suggested,rules,,"University of North Carolina, Chapel Hill",,,2026-09-09T22:49:42+00:00,clinicaltrials_gov_api_v2
NCT00945347,Does a Nasal Instillation of Miglustat Normalize the Nasal Potential Difference in Cystic Fibrosis Patients ?,COMPLETED,OTHER,Cliniques universitaires Saint-Luc- Université Catholique de Louvain,PHASE2,phase_2,False,,cf,other,no_keyword_match,,supportive,0,0,0,auto_suggested,rules,,Cliniques universitaires Saint-Luc- Université Catholique de Louvain,,,2026-09-09T22:49:42+00:00,clinicaltrials_gov_api_v2
NCT00951522,"A Trial to Assess the Safety, Tolerability, and Pharmacokinetics of GS-9411 in Healthy Male Volunteers",COMPLETED,INDUSTRY,Gilead Sciences,PHASE1,phase_1,False,,cf,other,no_keyword_match,,supportive,0,0,0,auto_suggested,rules,,Gilead Sciences,,,2026-09-09T22:49:42+00:00,clinicaltrials_gov_api_v2
NCT00953706,Study of Ivacaftor in Cystic Fibrosis Subjects Aged 12 Years and Older Homozygous for the F508del-CFTR Mutation,TERMINATED,INDUSTRY,Vertex Pharmaceuticals Incorporated,PHASE2,phase_2,False,,cf,cftr_modulator,modulator,N2,therapeutic,0,0,0,auto_suggested,rules,,Vertex Pharmaceuticals Incorporated,,,2026-09-09T22:49:42+00:00,clinicaltrials_gov_api_v2
NCT00959010,Omega 3 Supplementation in Cystic Fibrosis Patients,COMPLETED,OTHER,Queen Fabiola Children's University Hospital,PHASE3,phase_3,False,,cf,care_delivery,care_delivery,N8,supportive,0,0,0,auto_suggested,rules,,Queen Fabiola Children's University Hospital,,,2026-09-09T22:49:42+00:00,clinicaltrials_gov_api_v2
NCT00966602,Drug-Drug Interaction Study of VX-809 and VX-770 in Healthy Subjects,COMPLETED,INDUSTRY,Vertex Pharmaceuticals Incorporated,PHASE1,phase_1,False,,cf,other,no_keyword_match,,supportive,0,0,0,auto_suggested,rules,,Vertex Pharmaceuticals Incorporated,,,2026-09-09T22:49:42+00:00,clinicaltrials_gov_api_v2
NCT00967681,Efficacy and Safety of ONCOXIN in Patients With Breast Fibrocystic Disease,COMPLETED,INDUSTRY,Catalysis SL,PHASE3,phase_3,False,,cf,other,no_keyword_match,,supportive,0,0,0,auto_suggested,rules,,Catalysis SL,,,2026-09-09T22:49:42+00:00,clinicaltrials_gov_api_v2
NCT00967798,Prevention of Cystic Fibrosis Diabetes,TERMINATED,OTHER,Emory University,PHASE3,phase_3,False,,cf,metabolic_cfrd,cfrd,N5,therapeutic,0,0,0,auto_suggested,rules,,Emory University,,,2026-09-09T22:49:42+00:00,clinicaltrials_gov_api_v2
NCT00970346,Safety and Efficacy of Inhaled OligoG CF-5/20 for the Treatment Cystic Fibrosis,COMPLETED,INDUSTRY,AlgiPharma AS,PHASE1,phase_1,False,,cf,other,no_keyword_match,,supportive,0,0,0,auto_suggested,rules,,AlgiPharma AS,,,2026-09-09T22:49:42+00:00,clinicaltrials_gov_api_v2
NCT00975663,Bayesian Dose Adjustment of Immunosuppressants After Lung Transplantation,TERMINATED,OTHER,"University Hospital, Limoges",PHASE4,approved,False,,cf,other,no_keyword_match,,supportive,0,0,0,auto_suggested,rules,,"University Hospital, Limoges",,,2026-09-09T22:49:42+00:00,clinicaltrials_gov_api_v2
NCT00981214,Study of Pancreatic Enzyme Product in Pediatric Participants With Cystic Fibrosis and Exocrine Pancreatic Insufficiency,COMPLETED,INDUSTRY,Forest Laboratories,PHASE3,phase_3,False,,cf,other,no_keyword_match,,supportive,0,0,0,auto_suggested,rules,,Forest Laboratories,,,2026-09-09T22:49:42+00:00,clinicaltrials_gov_api_v2
NCT00982930,Open Label Extension to Bridging Study CTBM100C2303,COMPLETED,INDUSTRY,Novartis Pharmaceuticals,PHASE3,phase_3,False,,cf,antimicrobial,antimicrobial,N4,therapeutic,0,0,0,auto_suggested,rules,,Novartis Pharmaceuticals,,,2026-09-09T22:49:42+00:00,clinicaltrials_gov_api_v2
NCT00996424,The Effect of Inhaled N-Acetylcysteine Compared to Normal Saline on Sputum Rheology and Lung Function,TERMINATED,OTHER,"University Hospital, Ghent",PHASE4,approved,False,,cf,mucociliary_clearance,mucociliary,N3,therapeutic,0,0,0,auto_suggested,rules,,"University Hospital, Ghent",,,2026-09-09T22:49:42+00:00,clinicaltrials_gov_api_v2
NCT00999531,"A Randomized, Double-Blind, Placebo-Controlled Multiple Dose Trial of GS-9411 in Healthy Volunteers",COMPLETED,INDUSTRY,Gilead Sciences,PHASE1,phase_1,False,,cf,other,no_keyword_match,,supportive,0,0,0,auto_suggested,rules,,Gilead Sciences,,,2026-09-09T22:49:42+00:00,clinicaltrials_gov_api_v2
NCT00999921,Effects of Tamoxifen in Premenopausal Women With Benign Breast Disease Not at High-Risk of Developing Breast Cancer,COMPLETED,OTHER,Medical College and Hospital Kolkata,PHASE4,approved,False,,cf,other,no_keyword_match,,supportive,0,0,0,auto_suggested,rules,,Medical College and Hospital Kolkata,,,2026-09-09T22:49:42+00:00,clinicaltrials_gov_api_v2
NCT01002534,Does a Nasal Instillation of Vardenafil Normalize the Nasal Potential Difference in Cystic Fibrosis Patients?,TERMINATED,OTHER,Cliniques universitaires Saint-Luc- Université Catholique de Louvain,PHASE2,phase_2,False,,cf,other,no_keyword_match,,supportive,0,0,0,auto_suggested,rules,,Cliniques universitaires Saint-Luc- Université Catholique de Louvain,,,2026-09-09T22:49:42+00:00,clinicaltrials_gov_api_v2
NCT01013896,Building Adherence to Live With And Navigate my Cystic Fibrosis (CF) Experience,COMPLETED,OTHER,Johns Hopkins University,NA,not_applicable,False,,cf,other,no_keyword_match,,supportive,0,0,0,auto_suggested,rules,,Johns Hopkins University,,,2026-09-09T22:49:42+00:00,clinicaltrials_gov_api_v2
NCT01018303,Safety and Efficacy of an Antioxidant-rich Multivitamin Supplement in Cystic Fibrosis,COMPLETED,OTHER,"University of Colorado, Denver",PHASE1;PHASE2,phase_1,False,,cf,other,no_keyword_match,,supportive,0,0,0,auto_suggested,rules,,"University of Colorado, Denver",,,2026-09-09T22:49:42+00:00,clinicaltrials_gov_api_v2
NCT01018368,Study of VX-770 and Rifampin in Healthy Male Subjects,COMPLETED,INDUSTRY,Vertex Pharmaceuticals Incorporated,PHASE1,phase_1,False,,cf,other,no_keyword_match,,supportive,0,0,0,auto_suggested,rules,,Vertex Pharmaceuticals Incorporated,,,2026-09-09T22:49:42+00:00,clinicaltrials_gov_api_v2
NCT01023048,Concurrent Single Gene and 24 Chromosome Aneuploidy Preimplantation Genetic Diagnosis (PGD),COMPLETED,INDUSTRY,"Natera, Inc.",NA,not_applicable,False,,cf,other,no_keyword_match,,supportive,0,0,0,auto_suggested,rules,,"Natera, Inc.",,,2026-09-09T22:49:42+00:00,clinicaltrials_gov_api_v2
NCT01025258,Improving Adherence and Clinical Outcome in Cystic Fibrosis (CF) Patients,COMPLETED,OTHER_GOV,Sheba Medical Center,NA,not_applicable,False,,cf,other,no_keyword_match,,supportive,0,0,0,auto_suggested,rules,,Sheba Medical Center,,,2026-09-09T22:49:42+00:00,clinicaltrials_gov_api_v2
NCT01025713,"A Phase 1 Trial to Assess the Safety, Tolerability, and Pharmacokinetics of GS 9411 in Subjects With Cystic Fibrosis (CF)",WITHDRAWN,INDUSTRY,Gilead Sciences,PHASE1,phase_1,False,,cf,other,no_keyword_match,,supportive,0,0,0,auto_suggested,rules,,Gilead Sciences,,,2026-09-09T22:49:42+00:00,clinicaltrials_gov_api_v2
NCT01031706,Effect of Hypertonic Saline on Mucus Clearance in Children Ages 5-12 With Cystic Fibrosis,COMPLETED,OTHER,"University of North Carolina, Chapel Hill",NA,not_applicable,False,,cf,mucociliary_clearance,mucociliary,N3,therapeutic,0,0,0,auto_suggested,rules,,"University of North Carolina, Chapel Hill",,,2026-09-09T22:49:42+00:00,clinicaltrials_gov_api_v2
NCT01035853,Sino-nasal Inhalation of Colistin in Patients With Cystic Fibrosis and Pseudomonas Aeruginosa Colonization,COMPLETED,OTHER,University of Jena,PHASE2,phase_2,False,,cf,other,no_keyword_match,,supportive,0,0,0,auto_suggested,rules,,University of Jena,,,2026-09-09T22:49:42+00:00,clinicaltrials_gov_api_v2
NCT01044719,Duration of Antibiotics in Infective Exacerbations of Cystic Fibrosis,UNKNOWN,OTHER,Imperial College London,PHASE4,approved,False,,cf,antimicrobial,antimicrobial,N4,therapeutic,0,0,0,auto_suggested,rules,,Imperial College London,,,2026-09-09T22:49:42+00:00,clinicaltrials_gov_api_v2
NCT01051999,Glutamine Supplementation in Cystic Fibrosis,COMPLETED,OTHER,Emory University,PHASE2,phase_2,False,,cf,other,no_keyword_match,,supportive,0,0,0,auto_suggested,rules,,Emory University,,,2026-09-09T22:49:42+00:00,clinicaltrials_gov_api_v2
NCT01055847,Aztreonam for Inhalation (AI) in Patients With Cystic Fibrosis & P. Aeruginosa Infection,COMPLETED,INDUSTRY,Gilead Sciences,PHASE2,phase_2,False,,cf,antimicrobial,antimicrobial,N4,therapeutic,0,0,0,auto_suggested,rules,,Gilead Sciences,,,2026-09-09T22:49:42+00:00,clinicaltrials_gov_api_v2
NCT01057524,High Frequency Chest Wall Oscillation and Cystic Fibrosis,COMPLETED,OTHER,Imperial College London,PHASE3,phase_3,False,,cf,mucociliary_clearance,mucociliary,N3,supportive,0,0,0,auto_suggested,rules,,Imperial College London,,,2026-09-09T22:49:42+00:00,clinicaltrials_gov_api_v2
NCT01059565,Safety and Efficacy Study of Aztreonam for Inhalation Solution (AZLI) in Patients With Cystic Fibrosis and Chronic Burkholderia Species Infection,COMPLETED,INDUSTRY,Gilead Sciences,PHASE3,phase_3,False,,cf,antimicrobial,antimicrobial,N4,therapeutic,0,0,0,auto_suggested,rules,,Gilead Sciences,,,2026-09-09T22:49:42+00:00,clinicaltrials_gov_api_v2
NCT01060566,Study of VX-770 on Midazolam and Rosiglitazone and the Effect of Fluconazole on VX-770,COMPLETED,INDUSTRY,Vertex Pharmaceuticals Incorporated,PHASE1,phase_1,False,,cf,other,no_keyword_match,,supportive,0,0,0,auto_suggested,rules,,Vertex Pharmaceuticals Incorporated,,,2026-09-09T22:49:42+00:00,clinicaltrials_gov_api_v2
NCT01069705,Second Open Label Extension to Bridging Study CTBM100C2303,COMPLETED,INDUSTRY,Novartis Pharmaceuticals,PHASE3,phase_3,False,,cf,antimicrobial,antimicrobial,N4,therapeutic,0,0,0,auto_suggested,rules,,Novartis Pharmaceuticals,,,2026-09-09T22:49:42+00:00,clinicaltrials_gov_api_v2
NCT01070446,Choline Nutrition in Children With Cystic Fibrosis,COMPLETED,OTHER,University of British Columbia,NA,not_applicable,False,,cf,other,no_keyword_match,,supportive,0,0,0,auto_suggested,rules,,University of British Columbia,,,2026-09-09T22:49:42+00:00,clinicaltrials_gov_api_v2
NCT01072708,Determination of the Predictive Factors in the Reversibility or the Aggravation in the Disorders of the Glucose Metabolism in Cystic Fibrosis Patients,COMPLETED,OTHER,Hospices Civils de Lyon,NA,not_applicable,False,,cf,metabolic_cfrd,cfrd,N5,supportive,0,0,0,auto_suggested,rules,,Hospices Civils de Lyon,,,2026-09-09T22:49:42+00:00,clinicaltrials_gov_api_v2
NCT01072721,Non Invasive Study of the Hepatic Fibrosis in Paediatrics by the Method of Study of Pediatric Hepatic Fibrosis,COMPLETED,OTHER,Assistance Publique - Hôpitaux de Paris,NA,not_applicable,False,,cf,other,no_keyword_match,,supportive,0,0,0,auto_suggested,rules,,Assistance Publique - Hôpitaux de Paris,,,2026-09-09T22:49:42+00:00,clinicaltrials_gov_api_v2
NCT01082367,"Randomized, Controlled Study of CF Patients Between 3 Months and Less Than 7 Years",COMPLETED,INDUSTRY,Novartis Pharmaceuticals,PHASE3,phase_3,False,,cf,antimicrobial,antimicrobial,N4,therapeutic,0,0,0,auto_suggested,rules,,Novartis Pharmaceuticals,,,2026-09-09T22:49:42+00:00,clinicaltrials_gov_api_v2
NCT01086839,"Sino-nasal Inhalation of Sodium Chloride 6,0% in Patients With Cystic Fibrosis and Chronic Rhinosinusitis",COMPLETED,OTHER,University of Jena,NA,not_applicable,False,,cf,other,no_keyword_match,,supportive,0,0,0,auto_suggested,rules,,University of Jena,,,2026-09-09T22:49:42+00:00,clinicaltrials_gov_api_v2
NCT01091025,Comparing Two Different Approaches in the Screening of Cystic Fibrosis Related Diabetes,COMPLETED,OTHER,Imperial College London,NA,not_applicable,False,,cf,metabolic_cfrd,cfrd,N5,supportive,0,0,0,auto_suggested,rules,,Imperial College London,,,2026-09-09T22:49:42+00:00,clinicaltrials_gov_api_v2
NCT01092572,Statins To Treat Adult Cystic Fibrosis,WITHDRAWN,OTHER,University of British Columbia,PHASE1;PHASE2,phase_1,False,,cf,other,no_keyword_match,,supportive,0,0,0,auto_suggested,rules,,University of British Columbia,,,2026-09-09T22:49:42+00:00,clinicaltrials_gov_api_v2
NCT01093521,A Pharmacokinetic and Safety Study of IV Gallium Nitrate (Ganite) in Cystic Fibrosis Patients,COMPLETED,OTHER,University of Washington,PHASE1,phase_1,False,,cf,antimicrobial,gallium_ntm,N4,therapeutic,0,0,0,auto_suggested,rules,,University of Washington,,,2026-09-09T22:49:42+00:00,clinicaltrials_gov_api_v2
NCT01094704,Durability of Hypertonic Saline for Enhancing Mucociliary Clearance in Cystic Fibrosis,COMPLETED,OTHER,"University of North Carolina, Chapel Hill",PHASE1,phase_1,False,,cf,mucociliary_clearance,mucociliary,N3,therapeutic,0,0,0,auto_suggested,rules,,"University of North Carolina, Chapel Hill",,,2026-09-09T22:49:42+00:00,clinicaltrials_gov_api_v2
NCT01100606,A Study to Evaluate the Mode of Administration and Safety of EUR-1008 (APT-1008) in Infants 1 to 12 Months of Age,COMPLETED,INDUSTRY,Forest Laboratories,PHASE4,approved,False,,cf,gi_nutrition,gi,N6,therapeutic,0,0,0,auto_suggested,rules,,Forest Laboratories,,,2026-09-09T22:49:42+00:00,clinicaltrials_gov_api_v2
NCT01100892,"Cystic Fibrosis - Insulin Deficiency, Early Action",COMPLETED,OTHER,Sydney Children's Hospitals Network,PHASE3,phase_3,False,,cf,other,no_keyword_match,,supportive,0,0,0,auto_suggested,rules,,Sydney Children's Hospitals Network,,,2026-09-09T22:49:42+00:00,clinicaltrials_gov_api_v2
NCT01104402,Early Intervention in Cystic Fibrosis Exacerbation,COMPLETED,OTHER,Johns Hopkins University,NA,not_applicable,False,,cf,other,no_keyword_match,,diagnostic,0,0,0,auto_suggested,rules,,Johns Hopkins University,,,2026-09-09T22:49:42+00:00,clinicaltrials_gov_api_v2
NCT01111383,A Single Arm 48-Week Follow-on Safety Study to a Core Study Comparing the Efficacy and Tolerability of Tobrineb®/Actitob®/Bramitob® Versus TOBI®,COMPLETED,INDUSTRY,Chiesi Farmaceutici S.p.A.,PHASE3,phase_3,False,,cf,antimicrobial,antimicrobial,N4,therapeutic,0,0,0,auto_suggested,rules,,Chiesi Farmaceutici S.p.A.,,,2026-09-09T22:49:42+00:00,clinicaltrials_gov_api_v2
NCT01112059,Trial of Doxycycline to Reduce Sputum MMP-9 Activity in Adult Cystic Fibrosis (CF) Patients,COMPLETED,OTHER,University of Alabama at Birmingham,NA,not_applicable,False,,cf,antimicrobial,antimicrobial,N4,therapeutic,0,0,0,auto_suggested,rules,,University of Alabama at Birmingham,,,2026-09-09T22:49:42+00:00,clinicaltrials_gov_api_v2
NCT01116089,Pharmacokinetic Study of Bramitob® Administered for Inhalation by PARI eFlow® vs PARI LC® PLUS Nebulizer,COMPLETED,INDUSTRY,Chiesi Farmaceutici S.p.A.,PHASE1,phase_1,False,,cf,other,no_keyword_match,,supportive,0,0,0,auto_suggested,rules,,Chiesi Farmaceutici S.p.A.,,,2026-09-09T22:49:42+00:00,clinicaltrials_gov_api_v2
NCT01117012,Rollover Study of VX-770 in Cystic Fibrosis Subjects,COMPLETED,INDUSTRY,Vertex Pharmaceuticals Incorporated,PHASE3,phase_3,False,,cf,cftr_modulator,modulator,N2,therapeutic,0,0,0,auto_suggested,rules,,Vertex Pharmaceuticals Incorporated,,,2026-09-09T22:49:42+00:00,clinicaltrials_gov_api_v2
NCT01131507,"PR-018: An Open-Label, Safety Extension of Study PR-011",COMPLETED,INDUSTRY,Forest Laboratories,PHASE4,approved,False,,cf,gi_nutrition,gi,N6,therapeutic,0,0,0,auto_suggested,rules,,Forest Laboratories,,,2026-09-09T22:49:42+00:00,clinicaltrials_gov_api_v2
NCT01132482,Effects of Sildenafil on CFTR-dependent Ion Transport Activity,COMPLETED,OTHER,National Jewish Health,PHASE2,phase_2,False,,cf,other,no_keyword_match,,supportive,0,0,0,auto_suggested,rules,,National Jewish Health,,,2026-09-09T22:49:42+00:00,clinicaltrials_gov_api_v2
NCT01140451,Extension Study of Ataluren (PTC124) in Cystic Fibrosis,COMPLETED,INDUSTRY,PTC Therapeutics,PHASE3,phase_3,False,,cf,nonsense_readthrough,nonsense,N1,therapeutic,0,0,0,auto_suggested,rules,,PTC Therapeutics,,,2026-09-09T22:49:42+00:00,clinicaltrials_gov_api_v2
NCT01149005,Cystic Fibrosis (CF) Exacerbation and Insulin Treatment,UNKNOWN,OTHER,Hadassah Medical Organization,NA,not_applicable,False,,cf,other,no_keyword_match,,supportive,0,0,0,auto_suggested,rules,,Hadassah Medical Organization,,,2026-09-09T22:49:42+00:00,clinicaltrials_gov_api_v2
NCT01153542,Study of VX-770 on Desipramine,COMPLETED,INDUSTRY,Vertex Pharmaceuticals Incorporated,PHASE1,phase_1,False,,cf,other,no_keyword_match,,supportive,0,0,0,auto_suggested,rules,,Vertex Pharmaceuticals Incorporated,,,2026-09-09T22:49:42+00:00,clinicaltrials_gov_api_v2
NCT01155115,Inflammatory and Microbiologic Markers in Sputum: Comparing Cystic Fibrosis With Primary Ciliary Dyskinesia,COMPLETED,OTHER,The Hospital for Sick Children,NA,not_applicable,False,,cf,other,no_keyword_match,,supportive,0,0,0,auto_suggested,rules,,The Hospital for Sick Children,,,2026-09-09T22:49:42+00:00,clinicaltrials_gov_api_v2
NCT01155752,Pulmozyme in Cystic Fibrosis With Sinusitis,WITHDRAWN,OTHER,Milton S. Hershey Medical Center,PHASE3,phase_3,False,,cf,mucociliary_clearance,mucociliary,N3,therapeutic,0,0,0,auto_suggested,rules,,Milton S. Hershey Medical Center,,,2026-09-09T22:49:42+00:00,clinicaltrials_gov_api_v2
NCT01158937,Pharmacokinetic Study of Extended Infusion Meropenem in Adult Cystic Fibrosis Patients,TERMINATED,OTHER,Unity Health Toronto,NA,not_applicable,False,,cf,antimicrobial,antimicrobial,N4,therapeutic,0,0,0,auto_suggested,rules,,Unity Health Toronto,,,2026-09-09T22:49:42+00:00,clinicaltrials_gov_api_v2
NCT01161537,Study of the Effect of VX-770 on Hyperpolarized Helium-3 Magnetic Resonance Imaging in Subjects With Cystic Fibrosis and the G551D Mutation,COMPLETED,INDUSTRY,Vertex Pharmaceuticals Incorporated,PHASE2,phase_2,False,,cf,cftr_modulator,modulator,N2,therapeutic,0,0,0,auto_suggested,rules,,Vertex Pharmaceuticals Incorporated,,,2026-09-09T22:49:42+00:00,clinicaltrials_gov_api_v2
NCT01172301,Leucine-enriched Essential Amino Acid Intake to Optimize Protein Anabolism in Children With Cystic Fibrosis,COMPLETED,OTHER,Texas A&M University,NA,not_applicable,False,,cf,other,no_keyword_match,,supportive,0,0,0,auto_suggested,rules,,Texas A&M University,,,2026-09-09T22:49:42+00:00,clinicaltrials_gov_api_v2
NCT01179347,Tiotropium Bromide in Cystic Fibrosis,COMPLETED,INDUSTRY,Boehringer Ingelheim,PHASE3,phase_3,False,,cf,other,no_keyword_match,,supportive,0,0,0,auto_suggested,rules,,Boehringer Ingelheim,,,2026-09-09T22:49:42+00:00,clinicaltrials_gov_api_v2
NCT01180634,"MP-376 (Aeroquin™, Levofloxacin for Inhalation) in Patients With Cystic Fibrosis",COMPLETED,INDUSTRY,Amgen,PHASE3,phase_3,False,,cf,antimicrobial,antimicrobial,N4,therapeutic,0,0,0,auto_suggested,rules,,Amgen,,,2026-09-09T22:49:42+00:00,clinicaltrials_gov_api_v2
NCT01180842,Treatment of Anxiety/Depression and Pain Through Relaxation Yoga for Patient With Cystic Fibrosis (CF),COMPLETED,OTHER,Children's Hospitals and Clinics of Minnesota,PHASE2,phase_2,False,,cf,care_delivery,care_delivery,N8,supportive,0,0,0,auto_suggested,rules,,Children's Hospitals and Clinics of Minnesota,,,2026-09-09T22:49:42+00:00,clinicaltrials_gov_api_v2
NCT01181622,A Safety and Tolerability Study of Denufosol in 2-4 Year Olds,COMPLETED,INDUSTRY,Merck Sharp & Dohme LLC,PHASE2,phase_2,False,,cf,other,no_keyword_match,,supportive,0,0,0,auto_suggested,rules,,Merck Sharp & Dohme LLC,,,2026-09-09T22:49:42+00:00,clinicaltrials_gov_api_v2
NCT01183286,CFfone: A Cell Phone Support Program for Adolescents With Cystic Fibrosis,UNKNOWN,OTHER,"Dawkins Productions, Inc.",PHASE2,phase_2,False,,cf,other,no_keyword_match,,supportive,0,0,0,auto_suggested,rules,,"Dawkins Productions, Inc.",,,2026-09-09T22:49:42+00:00,clinicaltrials_gov_api_v2
NCT01192360,Dynamic Contrast Enhanced Magnetic Resonance Perfusion Imaging in Congenital Heart Disease and Lung Disease,COMPLETED,OTHER,The Hospital for Sick Children,PHASE3,phase_3,False,,cf,other,no_keyword_match,,supportive,0,0,0,auto_suggested,rules,,The Hospital for Sick Children,,,2026-09-09T22:49:42+00:00,clinicaltrials_gov_api_v2
NCT01194232,Sildenafil Trial in Children and Young Adults With CF,WITHDRAWN,OTHER,"Children's Hospital Medical Center, Cincinnati",PHASE1;PHASE2,phase_1,False,,cf,diagnostic,diagnostic,,diagnostic,0,0,0,auto_suggested,rules,,"Children's Hospital Medical Center, Cincinnati",,,2026-09-09T22:49:42+00:00,clinicaltrials_gov_api_v2
NCT01201434,Effect of Probiotics on Sputum Inflammation and Pulmonary Infections in Patients With Cystic Fibrosis,TERMINATED,OTHER_GOV,Sheba Medical Center,NA,not_applicable,False,,cf,antimicrobial,antimicrobial,N4,supportive,0,0,0,auto_suggested,rules,,Sheba Medical Center,,,2026-09-09T22:49:42+00:00,clinicaltrials_gov_api_v2
NCT01207245,Circadian Rhythm In Tobramycin Elimination In Cystic Fibrosis,COMPLETED,OTHER,University of Nottingham,PHASE4,approved,False,,cf,antimicrobial,antimicrobial,N4,supportive,0,0,0,auto_suggested,rules,,University of Nottingham,,,2026-09-09T22:49:42+00:00,clinicaltrials_gov_api_v2
NCT01208285,Study of VX-770 in Subjects With Moderate Hepatic Impairment and in Matched Healthy Subjects,COMPLETED,INDUSTRY,Vertex Pharmaceuticals Incorporated,PHASE1,phase_1,False,,cf,other,no_keyword_match,,supportive,0,0,0,auto_suggested,rules,,Vertex Pharmaceuticals Incorporated,,,2026-09-09T22:49:42+00:00,clinicaltrials_gov_api_v2
NCT01216046,Drug-Drug Interaction Study of VX-770 and VX-809 in Healthy Subjects,COMPLETED,INDUSTRY,Vertex Pharmaceuticals Incorporated,PHASE1,phase_1,False,,cf,other,no_keyword_match,,supportive,0,0,0,auto_suggested,rules,,Vertex Pharmaceuticals Incorporated,,,2026-09-09T22:49:42+00:00,clinicaltrials_gov_api_v2
NCT01222273,Open-label Vitamin D Trial for Patients With Cystic Fibrosis and Allergic Bronchopulmonary Aspergillosis,COMPLETED,OTHER,University of Pittsburgh,NA,not_applicable,False,,cf,other,no_keyword_match,,supportive,0,0,0,auto_suggested,rules,,University of Pittsburgh,,,2026-09-09T22:49:42+00:00,clinicaltrials_gov_api_v2
NCT01223183,Absorptive Clearance After Inhaled Osmotics in Cystic Fibrosis,COMPLETED,OTHER,University of Pittsburgh,PHASE1,phase_1,False,,cf,mucociliary_clearance,mucociliary,N3,therapeutic,0,0,0,auto_suggested,rules,,University of Pittsburgh,,,2026-09-09T22:49:42+00:00,clinicaltrials_gov_api_v2
NCT01225211,Study of VX-809 Alone and in Combination With VX-770 in Cystic Fibrosis (CF) Patients Homozygous or Heterozygous for the F508del-CFTR Mutation,COMPLETED,INDUSTRY,Vertex Pharmaceuticals Incorporated,PHASE2,phase_2,False,,cf,cftr_modulator,modulator,N2,therapeutic,0,0,0,auto_suggested,rules,,Vertex Pharmaceuticals Incorporated,,,2026-09-09T22:49:42+00:00,clinicaltrials_gov_api_v2
NCT01229553,Effect of Topical and Systemic Decolonization of Staphylococcus Aureus (SA) in Pediatric Cystic Fibrosis (CF) Patients,WITHDRAWN,OTHER,State University of New York - Upstate Medical University,NA,not_applicable,False,,cf,antimicrobial,antimicrobial,N4,therapeutic,0,0,0,auto_suggested,rules,,State University of New York - Upstate Medical University,,,2026-09-09T22:49:42+00:00,clinicaltrials_gov_api_v2
NCT01232478,I Change Adherence & Raise Expectations,COMPLETED,OTHER,Johns Hopkins University,PHASE3,phase_3,False,,cf,antimicrobial,antimicrobial,N4,supportive,0,0,0,auto_suggested,rules,,Johns Hopkins University,,,2026-09-09T22:49:42+00:00,clinicaltrials_gov_api_v2
NCT01241942,Phase 2 Study of Ex-vivo Perfusion and Ventilation of Lungs to Assess Transplant Suitability,TERMINATED,OTHER,"University of North Carolina, Chapel Hill",NA,not_applicable,False,,cf,other,no_keyword_match,,diagnostic,0,0,0,auto_suggested,rules,,"University of North Carolina, Chapel Hill",,,2026-09-09T22:49:42+00:00,clinicaltrials_gov_api_v2
NCT01253733,MD2Me - Texting to Promote Chronic Disease Management,COMPLETED,INDIV,"Huang, Jeannie, M.D.",NA,not_applicable,False,,cf,other,no_keyword_match,,supportive,0,0,0,auto_suggested,rules,,"Huang, Jeannie, M.D.",,,2026-09-09T22:49:42+00:00,clinicaltrials_gov_api_v2
NCT01257464,Sitagliptin in Cystic Fibrosis-Related Diabetes,TERMINATED,OTHER,University of British Columbia,PHASE2,phase_2,False,,cf,metabolic_cfrd,cfrd,N5,therapeutic,0,0,0,auto_suggested,rules,,University of British Columbia,,,2026-09-09T22:49:42+00:00,clinicaltrials_gov_api_v2
NCT01262352,Study of the Effect of Ivacaftor on Lung Clearance Index in Subjects With Cystic Fibrosis and the G551D Mutation,COMPLETED,INDUSTRY,Vertex Pharmaceuticals Incorporated,PHASE2,phase_2,False,,cf,cftr_modulator,modulator,N2,therapeutic,0,0,0,auto_suggested,rules,,Vertex Pharmaceuticals Incorporated,,,2026-09-09T22:49:42+00:00,clinicaltrials_gov_api_v2
NCT01266473,Study of Individualized Physiotherapy for Airway Clearance in Cystic Fibrosis.,COMPLETED,OTHER,Oslo University Hospital,NA,not_applicable,False,,cf,mucociliary_clearance,mucociliary,N3,supportive,0,0,0,auto_suggested,rules,,Oslo University Hospital,,,2026-09-09T22:49:42+00:00,clinicaltrials_gov_api_v2
NCT01270074,Prevention of Bronchiectasis in Infants With Cystic Fibrosis,COMPLETED,OTHER,The University of Queensland,PHASE3,phase_3,False,,cf,antimicrobial,antimicrobial,N4,therapeutic,0,0,0,auto_suggested,rules,,The University of Queensland,,,2026-09-09T22:49:42+00:00,clinicaltrials_gov_api_v2
NCT01270347,Trial of Aeroquin Versus Tobramycin Inhalation Solution (TIS) in Cystic Fibrosis (CF) Patients,COMPLETED,INDUSTRY,Amgen,PHASE3,phase_3,False,,cf,antimicrobial,antimicrobial,N4,therapeutic,0,0,0,auto_suggested,rules,,Amgen,,,2026-09-09T22:49:42+00:00,clinicaltrials_gov_api_v2
NCT01288170,Pharmacokinetic Bioequivalence Study of Nebcinal® 150mg/3ml Administered by Aeroneb® Idehaler® Versus Tobi® 300mg/5ml Administered by Pari LC Plus®,UNKNOWN,INDUSTRY,Erempharma,NA,not_applicable,False,,cf,antimicrobial,antimicrobial,N4,therapeutic,0,0,0,auto_suggested,rules,,Erempharma,,,2026-09-09T22:49:42+00:00,clinicaltrials_gov_api_v2
NCT01293019,Osteopathic Treatment in Adult Patients With Cystic Fibrosis,COMPLETED,OTHER,Assistance Publique - Hôpitaux de Paris,PHASE3,phase_3,False,,cf,other,no_keyword_match,,supportive,0,0,0,auto_suggested,rules,,Assistance Publique - Hôpitaux de Paris,,,2026-09-09T22:49:42+00:00,clinicaltrials_gov_api_v2
NCT01293084,Hypertonic Saline and Mucociliary Clearance in Children,COMPLETED,OTHER,Johns Hopkins University,PHASE2,phase_2,False,,cf,mucociliary_clearance,mucociliary,N3,therapeutic,0,0,0,auto_suggested,rules,,Johns Hopkins University,,,2026-09-09T22:49:42+00:00,clinicaltrials_gov_api_v2
NCT01299181,A Trial of Atorvastatin as an Anti-Inflammatory Agent in Non-Cystic Fibrosis Bronchiectasis,COMPLETED,OTHER,University of Edinburgh,PHASE4,approved,False,non-cystic fibrosis bronchiectasis,ncfb,care_delivery,care_delivery,,not_cf_primary,0,0,0,auto_suggested,rules,,University of Edinburgh,,,2026-09-09T22:49:42+00:00,clinicaltrials_gov_api_v2
NCT01299194,Atorvastatin in Bronchiectasis in Patients With Pseudomonas Aeruginosa,COMPLETED,OTHER,University of Edinburgh,PHASE4,approved,False,non-cystic fibrosis bronchiectasis,ncfb,antimicrobial,antimicrobial,,not_cf_primary,0,0,0,auto_suggested,rules,,University of Edinburgh,,,2026-09-09T22:49:42+00:00,clinicaltrials_gov_api_v2
NCT01303068,Detection of Pseudomonas Aeruginosa in the Airways of Patients With CF,COMPLETED,OTHER,University of New Mexico,NA,not_applicable,False,,cf,other,no_keyword_match,,diagnostic,0,0,0,auto_suggested,rules,,University of New Mexico,,,2026-09-09T22:49:42+00:00,clinicaltrials_gov_api_v2
NCT01309178,Anti-inflammatory Pulmonal Therapy of Cystic Fibrosis (CF) Patients With Amitriptyline and Placebo,UNKNOWN,OTHER,University Children's Hospital Tuebingen,PHASE2,phase_2,False,,cf,other,no_keyword_match,,supportive,0,0,0,auto_suggested,rules,,University Children's Hospital Tuebingen,,,2026-09-09T22:49:42+00:00,clinicaltrials_gov_api_v2
NCT01313624,Safety and Effectiveness of AZLI (an Inhaled Antibiotic) in Adults With Non-Cystic Fibrosis Bronchiectasis,COMPLETED,INDUSTRY,Gilead Sciences,PHASE3,phase_3,False,non-cystic fibrosis bronchiectasis,ncfb,antimicrobial,antimicrobial,,not_cf_primary,0,0,0,auto_suggested,rules,,Gilead Sciences,,,2026-09-09T22:49:42+00:00,clinicaltrials_gov_api_v2
NCT01314716,Safety and Effectiveness of AZLI (an Inhaled Antibiotic) in Adults With Non-Cystic Fibrosis Bronchiectasis,COMPLETED,INDUSTRY,Gilead Sciences,PHASE3,phase_3,False,non-cystic fibrosis bronchiectasis,ncfb,antimicrobial,antimicrobial,,not_cf_primary,0,0,0,auto_suggested,rules,,Gilead Sciences,,,2026-09-09T22:49:42+00:00,clinicaltrials_gov_api_v2
NCT01315665,Effect of Sulforaphane in Broccoli Sprouts on Nrf2 Activation,COMPLETED,OTHER,University Hospitals Cleveland Medical Center,NA,not_applicable,False,,cf,other,no_keyword_match,,supportive,0,0,0,auto_suggested,rules,,University Hospitals Cleveland Medical Center,,,2026-09-09T22:49:42+00:00,clinicaltrials_gov_api_v2
NCT01315678,Study to Evaluate Arikayce™ in CF Patients With Chronic Pseudomonas Aeruginosa Infections,COMPLETED,INDUSTRY,Insmed Incorporated,PHASE3,phase_3,False,,cf,antimicrobial,antimicrobial,N4,therapeutic,0,0,0,auto_suggested,rules,,Insmed Incorporated,,,2026-09-09T22:49:42+00:00,clinicaltrials_gov_api_v2
NCT01315691,Study to Evaluate Arikace™ in CF Patients With Chronic Infection Due to Pseudomonas Aeruginosa,WITHDRAWN,INDUSTRY,Insmed Incorporated,PHASE3,phase_3,False,,cf,antimicrobial,antimicrobial,N4,therapeutic,0,0,0,auto_suggested,rules,,Insmed Incorporated,,,2026-09-09T22:49:42+00:00,clinicaltrials_gov_api_v2
NCT01316276,Extension Study of Liposomal Amikacin for Inhalation in Cystic Fibrosis (CF) Patients With Chronic Pseudomonas Aeruginosa (Pa) Infection,COMPLETED,INDUSTRY,Insmed Incorporated,PHASE3,phase_3,False,,cf,antimicrobial,antimicrobial,N4,therapeutic,0,0,0,auto_suggested,rules,,Insmed Incorporated,,,2026-09-09T22:49:42+00:00,clinicaltrials_gov_api_v2
NCT01321905,Prospective Intervention Study on Vitamin D in Patients With Cystic Fibrosis,COMPLETED,OTHER,Karolinska Institutet,NA,not_applicable,False,,cf,other,no_keyword_match,,supportive,0,0,0,auto_suggested,rules,,Karolinska Institutet,,,2026-09-09T22:49:42+00:00,clinicaltrials_gov_api_v2
NCT01323101,Doxycycline Effects on Inflammation in Cystic Fibrosis,COMPLETED,OTHER,University of Southern California,PHASE4,approved,False,,cf,other,no_keyword_match,,supportive,0,0,0,auto_suggested,rules,,University of Southern California,,,2026-09-09T22:49:42+00:00,clinicaltrials_gov_api_v2
NCT01325766,Study of Yoga as a Therapy for Cystic Fibrosis (CF) Patients,UNKNOWN,OTHER,Seattle Children's Hospital,NA,not_applicable,False,,cf,care_delivery,care_delivery,N8,supportive,0,0,0,auto_suggested,rules,,Seattle Children's Hospital,,,2026-09-09T22:49:42+00:00,clinicaltrials_gov_api_v2
NCT01327703,Control of Steatorrhea in Participants With Cystic Fibrosis and Exocrine Pancreatic Insufficiency,COMPLETED,INDUSTRY,Forest Laboratories,PHASE4,approved,False,,cf,other,no_keyword_match,,supportive,0,0,0,auto_suggested,rules,,Forest Laboratories,,,2026-09-09T22:49:42+00:00,clinicaltrials_gov_api_v2
NCT01329172,Nasal Mucin Oral Supplementation Treatment Respiratory Inflammation Using PUFA in Cystic Fibrosis (CF) Patients,TERMINATED,OTHER,"University Hospital, Lille",NA,not_applicable,False,,cf,other,no_keyword_match,,supportive,0,0,0,auto_suggested,rules,,"University Hospital, Lille",,,2026-09-09T22:49:42+00:00,clinicaltrials_gov_api_v2
NCT01337219,Pharmacokinetic Bioequivalence Study of Nebcinal® 150mg/3ml Administered by Aeroneb® Idehaler® Versus Tobi® 300mg/5ml Administered by Pari LC Plus® /Pulmoaid® in Patients With Cystic Fibrosis,UNKNOWN,INDUSTRY,Erempharma,PHASE1;PHASE2,phase_1,False,,cf,antimicrobial,antimicrobial,N4,therapeutic,0,0,0,auto_suggested,rules,,Erempharma,,,2026-09-09T22:49:42+00:00,clinicaltrials_gov_api_v2
NCT01347190,Safety and Tolerability Study of Liquid Alpha1 Proteinase Inhibitor (API) in Subjects With Cystic Fibrosis,COMPLETED,INDUSTRY,CSL Behring,PHASE1,phase_1,False,,cf,other,no_keyword_match,,supportive,0,0,0,auto_suggested,rules,,CSL Behring,,,2026-09-09T22:49:42+00:00,clinicaltrials_gov_api_v2
NCT01348204,Nasal Potential Studies Utilizing Cystic Fibrosis Transmembrane Regulator (CFTR) Modulators,COMPLETED,OTHER,University of Alabama at Birmingham,PHASE2,phase_2,False,,cf,other,no_keyword_match,,supportive,0,0,0,auto_suggested,rules,,University of Alabama at Birmingham,,,2026-09-09T22:49:42+00:00,clinicaltrials_gov_api_v2
NCT01349192,Early Methicillin-resistant Staphylococcus Aureus (MRSA) Therapy in Cystic Fibrosis (CF),TERMINATED,OTHER,"University of North Carolina, Chapel Hill",PHASE2,phase_2,False,,cf,other,no_keyword_match,,supportive,0,0,0,auto_suggested,rules,,"University of North Carolina, Chapel Hill",,,2026-09-09T22:49:42+00:00,clinicaltrials_gov_api_v2
NCT01353105,Evaluation and Reconditioning of Marginal Lung Donors to Transplantation by ex Vivo Lung Perfusion,UNKNOWN,OTHER,InCor Heart Institute,PHASE4,approved,False,,cf,other,no_keyword_match,,supportive,0,0,0,auto_suggested,rules,,InCor Heart Institute,,,2026-09-09T22:49:42+00:00,clinicaltrials_gov_api_v2
NCT01355796,Inhaled Xylitol Versus Saline in Stable Subjects With Cystic Fibrosis,COMPLETED,OTHER,Joseph Zabner,PHASE1;PHASE2,phase_1,False,,cf,antimicrobial,antimicrobial,N4,therapeutic,0,0,0,auto_suggested,rules,,Joseph Zabner,,,2026-09-09T22:49:42+00:00,clinicaltrials_gov_api_v2
NCT01375049,Aztreonam Lysine for Pseudomonas Infection Eradication Study,COMPLETED,INDUSTRY,Gilead Sciences,PHASE2,phase_2,False,,cf,antimicrobial,antimicrobial,N4,therapeutic,0,0,0,auto_suggested,rules,,Gilead Sciences,,,2026-09-09T22:49:42+00:00,clinicaltrials_gov_api_v2
NCT01377792,Study of Long-term Treatment With Hypertonic Saline in Patients With Cystic Fibrosis,COMPLETED,OTHER,Adelaida Lamas Ferreiro,PHASE4,approved,False,,cf,mucociliary_clearance,mucociliary,N3,therapeutic,0,0,0,auto_suggested,rules,,Adelaida Lamas Ferreiro,,,2026-09-09T22:49:42+00:00,clinicaltrials_gov_api_v2
NCT01400750,Comparison of 2 Treatment Regimens for Eradication of P Aeruginosa Infection in Children With Cystic Fibrosis,COMPLETED,OTHER,Universitaire Ziekenhuizen KU Leuven,PHASE4,approved,False,,cf,antimicrobial,antimicrobial,N4,therapeutic,0,0,0,auto_suggested,rules,,Universitaire Ziekenhuizen KU Leuven,,,2026-09-09T22:49:42+00:00,clinicaltrials_gov_api_v2
NCT01404234,Safety of AZLI in Children With Cystic Fibrosis (CF) and Chronic Pseudomonas Aeruginosa in the Lower Airways,COMPLETED,INDUSTRY,Gilead Sciences,PHASE3,phase_3,False,,cf,antimicrobial,antimicrobial,N4,therapeutic,0,0,0,auto_suggested,rules,,Gilead Sciences,,,2026-09-09T22:49:42+00:00,clinicaltrials_gov_api_v2
NCT01417481,Effect of Glycine in Cystic Fibrosis,TERMINATED,OTHER_GOV,Instituto Nacional de Enfermedades Respiratorias,PHASE2,phase_2,False,,cf,other,no_keyword_match,,supportive,0,0,0,auto_suggested,rules,,Instituto Nacional de Enfermedades Respiratorias,,,2026-09-09T22:49:42+00:00,clinicaltrials_gov_api_v2
NCT01426256,Vitamin D for Enhancing the Immune System in Cystic Fibrosis (DISC Study),COMPLETED,OTHER,Emory University,PHASE3,phase_3,False,,cf,other,no_keyword_match,,supportive,0,0,0,auto_suggested,rules,,Emory University,,,2026-09-09T22:49:42+00:00,clinicaltrials_gov_api_v2
NCT01429259,Population Pharmacokinetics of Prolonged Infusion Meropenem in Cystic Fibrosis (CF) Children,COMPLETED,OTHER,Joseph Kuti,PHASE4,approved,False,,cf,antimicrobial,antimicrobial,N4,therapeutic,0,0,0,auto_suggested,rules,,Joseph Kuti,,,2026-09-09T22:49:42+00:00,clinicaltrials_gov_api_v2
NCT01450267,Inhaled Glutathione (GSH) Versus Placebo in Cystic Fibrosis,UNKNOWN,OTHER,Serafino A. Marsico,PHASE3,phase_3,False,,cf,antimicrobial,antimicrobial,N4,therapeutic,0,0,0,auto_suggested,rules,,Serafino A. Marsico,,,2026-09-09T22:49:42+00:00,clinicaltrials_gov_api_v2
NCT01455675,Efficacy Study of IgY (Antibody Against Pseudomonas) in Cystic Fibrosis Patients,COMPLETED,OTHER,Mukoviszidose Institut gGmbH,PHASE3,phase_3,False,,cf,other,no_keyword_match,,supportive,0,0,0,auto_suggested,rules,,Mukoviszidose Institut gGmbH,,,2026-09-09T22:49:42+00:00,clinicaltrials_gov_api_v2
NCT01463371,Effects of Azithromycin on Airway Oxidative Stress Markers in Patients With Bronchiectasis,COMPLETED,OTHER,Instituto de Investigacion Sanitaria La Fe,NA,not_applicable,False,non-cystic fibrosis bronchiectasis,ncfb,antimicrobial,antimicrobial,,not_cf_primary,0,0,0,auto_suggested,rules,,Instituto de Investigacion Sanitaria La Fe,,,2026-09-09T22:49:42+00:00,clinicaltrials_gov_api_v2
NCT01465529,A Cross-over Study of OligoG in Subjects With Cystic Fibrosis. Fibrosis,COMPLETED,INDUSTRY,AlgiPharma AS,PHASE1;PHASE2,phase_1,False,,cf,mucociliary_clearance,mucociliary,N3,therapeutic,0,0,0,auto_suggested,rules,,AlgiPharma AS,,,2026-09-09T22:49:42+00:00,clinicaltrials_gov_api_v2
NCT01486199,Imaging Airway Liquid Absorption in Cystic Fibrosis,COMPLETED,OTHER,University of Pittsburgh,NA,not_applicable,False,,cf,other,no_keyword_match,,supportive,0,0,0,auto_suggested,rules,,University of Pittsburgh,,,2026-09-09T22:49:42+00:00,clinicaltrials_gov_api_v2
NCT01494909,"Development Of An Innovative Panel of Methods To Measure Intestinal Macronutrient Digestion, Absorption, and Function",COMPLETED,OTHER,Texas A&M University,NA,not_applicable,False,,cf,diagnostic,diagnostic,,diagnostic,0,0,0,auto_suggested,rules,,Texas A&M University,,,2026-09-09T22:49:42+00:00,clinicaltrials_gov_api_v2
NCT01499914,"Cohort Study Evaluating the Clinical Effectiveness, Safety and Immunogenicity to the Pandemic Influenza Vaccination",COMPLETED,OTHER,Assistance Publique - Hôpitaux de Paris,PHASE4,approved,False,,cf,other,no_keyword_match,,supportive,0,0,0,auto_suggested,rules,,Assistance Publique - Hôpitaux de Paris,,,2026-09-09T22:49:42+00:00,clinicaltrials_gov_api_v2
NCT01509235,Self Drainage in Pediatric Cystic Fibrosis Patients,COMPLETED,OTHER,Hospices Civils de Lyon,NA,not_applicable,False,,cf,care_delivery,care_delivery,N8,supportive,0,0,0,auto_suggested,rules,,Hospices Civils de Lyon,,,2026-09-09T22:49:42+00:00,clinicaltrials_gov_api_v2
NCT01509339,Pharmacokinetics of Vancomycin for Inhalation in Cystic Fibrosis,WITHDRAWN,OTHER,Case Western Reserve University,PHASE1,phase_1,False,,cf,other,no_keyword_match,,supportive,0,0,0,auto_suggested,rules,,Case Western Reserve University,,,2026-09-09T22:49:42+00:00,clinicaltrials_gov_api_v2
NCT01515007,Phase 3 Study With Ciprofloxacin Dispersion for Inhalation in Non-CF Bronchiectasis (ORBIT-3),COMPLETED,INDUSTRY,Aradigm Corporation,PHASE3,phase_3,False,non-cystic fibrosis bronchiectasis,ncfb,other,no_keyword_match,,not_cf_primary,0,0,0,auto_suggested,rules,,Aradigm Corporation,,,2026-09-09T22:49:42+00:00,clinicaltrials_gov_api_v2
NCT01519661,Long Term Safety of Tobramycin Inhalation Powder in Patients With Cystic Fibrosis,COMPLETED,INDUSTRY,Novartis Pharmaceuticals,PHASE4,approved,False,,cf,antimicrobial,antimicrobial,N4,therapeutic,0,0,0,auto_suggested,rules,,Novartis Pharmaceuticals,,,2026-09-09T22:49:42+00:00,clinicaltrials_gov_api_v2
NCT01531673,Study of VX-661 Alone and in Combination With Ivacaftor in Subjects Homozygous or Heterozygous to the F508del-Cystic Fibrosis Transmembrane Conductance Regulator(CFTR) Mutation,COMPLETED,INDUSTRY,Vertex Pharmaceuticals Incorporated,PHASE2,phase_2,False,,cf,cftr_modulator,modulator,N2,therapeutic,0,0,0,auto_suggested,rules,,Vertex Pharmaceuticals Incorporated,,,2026-09-09T22:49:42+00:00,clinicaltrials_gov_api_v2
NCT01537614,Pharmacokinetic Study of Aerosolized Colimycin in Cystic Fibrosis,COMPLETED,OTHER,Poitiers University Hospital,PHASE1,phase_1,False,,cf,other,no_keyword_match,,supportive,0,0,0,auto_suggested,rules,,Poitiers University Hospital,,,2026-09-09T22:49:42+00:00,clinicaltrials_gov_api_v2
NCT01537666,"Inhaled Vancomycin Tolerability, Safety and Pharmacokinetics",COMPLETED,INDUSTRY,Savara Inc.,PHASE1,phase_1,False,,cf,other,no_keyword_match,,supportive,0,0,0,auto_suggested,rules,,Savara Inc.,,,2026-09-09T22:49:42+00:00,clinicaltrials_gov_api_v2
NCT01543191,A Safety and Tolerability Study OF PUR118 In Subjects With Cystic Fibrosis,COMPLETED,INDUSTRY,Pulmatrix Inc.,PHASE1,phase_1,False,,cf,other,no_keyword_match,,supportive,0,0,0,auto_suggested,rules,,Pulmatrix Inc.,,,2026-09-09T22:49:42+00:00,clinicaltrials_gov_api_v2
NCT01546779,The Use of Visual Feedback in Airway Clearance,COMPLETED,OTHER_GOV,Sheba Medical Center,NA,not_applicable,False,,cf,mucociliary_clearance,mucociliary,N3,supportive,0,0,0,auto_suggested,rules,,Sheba Medical Center,,,2026-09-09T22:49:42+00:00,clinicaltrials_gov_api_v2
NCT01548729,Metabolic Efficiency of Combined Pancreatic Islet and Lung Transplant for the Treatment of End-Stage Cystic Fibrosis,COMPLETED,OTHER,"University Hospital, Strasbourg, France",PHASE1;PHASE2,phase_1,False,,cf,metabolic_cfrd,cfrd,N5,supportive,0,0,0,auto_suggested,rules,,"University Hospital, Strasbourg, France",,,2026-09-09T22:49:42+00:00,clinicaltrials_gov_api_v2
NCT01572194,Predictive Value of PIIINP Urinary for the Development of Chronic Renal Failure in Patients With Cystic Fibrosis After Lung Transplantation (MUCO-IRC),TERMINATED,OTHER,Nantes University Hospital,NA,not_applicable,False,,cf,other,no_keyword_match,,supportive,0,0,0,auto_suggested,rules,,Nantes University Hospital,,,2026-09-09T22:49:42+00:00,clinicaltrials_gov_api_v2
NCT01576315,ATCF (Azole Therapy in Cystic Fibrosis),COMPLETED,OTHER,Rennes University Hospital,PHASE2,phase_2,False,,cf,antifungal,antifungal,N4,therapeutic,0,0,0,auto_suggested,rules,,Rennes University Hospital,,,2026-09-09T22:49:42+00:00,clinicaltrials_gov_api_v2
NCT01586728,Oxygen Therapy in Cystic Fibrosis,TERMINATED,OTHER,Assistance Publique - Hôpitaux de Paris,NA,not_applicable,False,,cf,other,no_keyword_match,,supportive,0,0,0,auto_suggested,rules,,Assistance Publique - Hôpitaux de Paris,,,2026-09-09T22:49:42+00:00,clinicaltrials_gov_api_v2
NCT01594827,Persistent Methicillin Resistant Staphylococcus Aureus Eradication Protocol (PMEP),COMPLETED,OTHER,Johns Hopkins University,PHASE2,phase_2,False,,cf,antimicrobial,antimicrobial,N4,therapeutic,0,0,0,auto_suggested,rules,,Johns Hopkins University,,,2026-09-09T22:49:42+00:00,clinicaltrials_gov_api_v2
NCT01605565,Functional Analysis by Dynamic Imaging of the Respiratory Epithelium in Infants With Cystic Fibrosis,COMPLETED,OTHER_GOV,"Institut National de la Santé Et de la Recherche Médicale, France",NA,not_applicable,False,,cf,other,no_keyword_match,,supportive,0,0,0,auto_suggested,rules,,"Institut National de la Santé Et de la Recherche Médicale, France",,,2026-09-09T22:49:42+00:00,clinicaltrials_gov_api_v2
NCT01608555,Tobramycin 300 mg Once-a-day (o.d.) Aerosol in Adults With Cystic Fibrosis,COMPLETED,OTHER,University of Milan,PHASE4,approved,False,,cf,antimicrobial,antimicrobial,N4,therapeutic,0,0,0,auto_suggested,rules,,University of Milan,,,2026-09-09T22:49:42+00:00,clinicaltrials_gov_api_v2
NCT01614457,Study of Ivacaftor in Subjects With Cystic Fibrosis (CF) Who Have the R117H-CF Transmembrane Conductance Regulator (CFTR) Mutation (KONDUCT),COMPLETED,INDUSTRY,Vertex Pharmaceuticals Incorporated,PHASE3,phase_3,False,,cf,cftr_modulator,modulator,N2,therapeutic,0,0,0,auto_suggested,rules,,Vertex Pharmaceuticals Incorporated,,,2026-09-09T22:49:42+00:00,clinicaltrials_gov_api_v2
NCT01614470,Study of Ivacaftor in Subjects With Cystic Fibrosis (CF) Who Have a Non-G551D CF Transmembrane Conductance Regulator (CFTR) Gating Mutation,COMPLETED,INDUSTRY,Vertex Pharmaceuticals Incorporated,PHASE3,phase_3,False,,cf,cftr_modulator,modulator,N2,therapeutic,0,0,0,auto_suggested,rules,,Vertex Pharmaceuticals Incorporated,,,2026-09-09T22:49:42+00:00,clinicaltrials_gov_api_v2
NCT01615484,Ex-vivo Perfusion and Ventilation of Lungs Recovered From Non-Heart-Beating Donors to Assess Transplant Suitability,COMPLETED,OTHER,"University of North Carolina, Chapel Hill",NA,not_applicable,False,,cf,other,no_keyword_match,,diagnostic,0,0,0,auto_suggested,rules,,"University of North Carolina, Chapel Hill",,,2026-09-09T22:49:42+00:00,clinicaltrials_gov_api_v2
NCT01619657,Preventive Inhalation of Hypertonic Saline in Infants With Cystic Fibrosis,COMPLETED,OTHER,Heidelberg University,PHASE2,phase_2,False,,cf,mucociliary_clearance,mucociliary,N3,therapeutic,0,0,0,auto_suggested,rules,,Heidelberg University,,,2026-09-09T22:49:42+00:00,clinicaltrials_gov_api_v2
NCT01621867,Repeated Application of Gene Therapy in CF Patients,COMPLETED,OTHER,Imperial College London,PHASE2,phase_2,False,,cf,other,no_keyword_match,,supportive,0,0,0,auto_suggested,rules,,Imperial College London,,,2026-09-09T22:49:42+00:00,clinicaltrials_gov_api_v2
NCT01641393,Safety and Efficacy Study of 2 Pancreatic Enzymes for Treatment of Exocrine Pancreatic Insufficiency in Cystic Fibrosis.,COMPLETED,INDUSTRY,Forest Laboratories,PHASE3,phase_3,False,,cf,other,no_keyword_match,,supportive,0,0,0,auto_suggested,rules,,Forest Laboratories,,,2026-09-09T22:49:42+00:00,clinicaltrials_gov_api_v2
NCT01641822,Phase 3 Study of Aztreonam for Inhalation Solution (AZLI) in a Continuous Alternating Therapy Regimen for the Treatment of Chronic Pseudomonas Aeruginosa Infection in Patients With CF,COMPLETED,INDUSTRY,Gilead Sciences,PHASE3,phase_3,False,,cf,antimicrobial,antimicrobial,N4,therapeutic,0,0,0,auto_suggested,rules,,Gilead Sciences,,,2026-09-09T22:49:42+00:00,clinicaltrials_gov_api_v2
NCT01658449,Comparison of the Tolerability of Two Formulations of Hypertonic Saline in Cystic Fibrosis Patients,COMPLETED,OTHER,Ospedale Civile Ca' Foncello,NA,not_applicable,False,,cf,mucociliary_clearance,mucociliary,N3,supportive,0,0,0,auto_suggested,rules,,Ospedale Civile Ca' Foncello,,,2026-09-09T22:49:42+00:00,clinicaltrials_gov_api_v2
NCT01667094,A Study Comparing Continuous Infusion Antibiotics to Standard Treatment for Lung Infections in Cystic Fibrosis,UNKNOWN,OTHER,The Alfred,PHASE4,approved,False,,cf,antimicrobial,antimicrobial,N4,therapeutic,0,0,0,auto_suggested,rules,,The Alfred,,,2026-09-09T22:49:42+00:00,clinicaltrials_gov_api_v2
NCT01684410,"Safety and Tolerability Trial of Inhaled Alpha1-Proteinase Inhibitor (Human), Hydrophobic Chromatography Process (Alpha-1 HC) in Subjects With Cystic Fibrosis",COMPLETED,INDUSTRY,Grifols Therapeutics LLC,PHASE2,phase_2,False,,cf,other,no_keyword_match,,supportive,0,0,0,auto_suggested,rules,,Grifols Therapeutics LLC,,,2026-09-09T22:49:42+00:00,clinicaltrials_gov_api_v2
NCT01684683,The Effect of Theophylline in the Treatment of Bronchiectasis,COMPLETED,OTHER,The First Affiliated Hospital of Guangzhou Medical University,PHASE4,approved,False,non-cystic fibrosis bronchiectasis,ncfb,other,no_keyword_match,,not_cf_primary,0,0,0,auto_suggested,rules,,The First Affiliated Hospital of Guangzhou Medical University,,,2026-09-09T22:49:42+00:00,clinicaltrials_gov_api_v2
NCT01685801,Pilot Study Testing the Effect of Ivacaftor on Lung Function in Subjects With Cystic Fibrosis and Residual CFTR Function,COMPLETED,INDUSTRY,Vertex Pharmaceuticals Incorporated,PHASE2,phase_2,False,,cf,cftr_modulator,modulator,N2,therapeutic,0,0,0,auto_suggested,rules,,Vertex Pharmaceuticals Incorporated,,,2026-09-09T22:49:42+00:00,clinicaltrials_gov_api_v2
NCT01686672,Web-based Delivery of Effective Treatment for Growth in Cystic Fibrosis,COMPLETED,OTHER,"Children's Hospital Medical Center, Cincinnati",NA,not_applicable,False,,cf,other,no_keyword_match,,supportive,0,0,0,auto_suggested,rules,,"Children's Hospital Medical Center, Cincinnati",,,2026-09-09T22:49:42+00:00,clinicaltrials_gov_api_v2
NCT01693965,Clinical Course and Changes in the Respiratory Microbiota Based on Antibiotic Treatment in Patients With Cystic Fibrosis,COMPLETED,OTHER,Assistance Publique Hopitaux De Marseille,NA,not_applicable,False,,cf,antimicrobial,antimicrobial,N4,supportive,0,0,0,auto_suggested,rules,,Assistance Publique Hopitaux De Marseille,,,2026-09-09T22:49:42+00:00,clinicaltrials_gov_api_v2
NCT01694069,Continuous Infusion Piperacillin-tazobactam for the Treatment of Cystic Fibrosis,TERMINATED,OTHER,West Virginia University,PHASE4,approved,False,,cf,other,no_keyword_match,,supportive,0,0,0,auto_suggested,rules,,West Virginia University,,,2026-09-09T22:49:42+00:00,clinicaltrials_gov_api_v2
NCT01695343,Study to Evaluate the Effect of KB001-A on Time-to-Need for Antibiotic Treatment,COMPLETED,INDUSTRY,"Humanigen, Inc.",PHASE2,phase_2,False,,cf,antimicrobial,antimicrobial,N4,therapeutic,0,0,0,auto_suggested,rules,,"Humanigen, Inc.",,,2026-09-09T22:49:42+00:00,clinicaltrials_gov_api_v2
NCT01702415,Zoledronic Acid in Cystic Fibrosis,WITHDRAWN,OTHER_GOV,Papworth Hospital NHS Foundation Trust,PHASE4,approved,False,,cf,other,no_keyword_match,,supportive,0,0,0,auto_suggested,rules,,Papworth Hospital NHS Foundation Trust,,,2026-09-09T22:49:42+00:00,clinicaltrials_gov_api_v2
NCT01705145,Study of Ivacaftor in Cystic Fibrosis Subjects 2 Through 5 Years of Age With a CFTR Gating Mutation,COMPLETED,INDUSTRY,Vertex Pharmaceuticals Incorporated,PHASE3,phase_3,False,,cf,cftr_modulator,modulator,N2,therapeutic,0,0,0,auto_suggested,rules,,Vertex Pharmaceuticals Incorporated,,,2026-09-09T22:49:42+00:00,clinicaltrials_gov_api_v2
NCT01706445,Combined Inspiratory Muscle and 'Whole Muscle' Training in Children With Cystic Fibrosis,COMPLETED,OTHER,Universidad Europea de Madrid,NA,not_applicable,False,,cf,care_delivery,care_delivery,N8,supportive,0,0,0,auto_suggested,rules,,Universidad Europea de Madrid,,,2026-09-09T22:49:42+00:00,clinicaltrials_gov_api_v2
NCT01707290,Rollover Study of Ivacaftor in Subjects With Cystic Fibrosis and a Non G551D CFTR Mutation,COMPLETED,INDUSTRY,Vertex Pharmaceuticals Incorporated,PHASE3,phase_3,False,,cf,cftr_modulator,modulator,N2,therapeutic,0,0,0,auto_suggested,rules,,Vertex Pharmaceuticals Incorporated,,,2026-09-09T22:49:42+00:00,clinicaltrials_gov_api_v2
NCT01708655,Sweat Evaporimeter Measurement,COMPLETED,OTHER,"University of Colorado, Denver",NA,not_applicable,False,,cf,other,no_keyword_match,,supportive,0,0,0,auto_suggested,rules,,"University of Colorado, Denver",,,2026-09-09T22:49:42+00:00,clinicaltrials_gov_api_v2
NCT01710449,Evaluation of Regional Ventilation Using 19F MRI of Inert Perfluorinated Gases Mixed With Oxygen,COMPLETED,OTHER,Hal C Charles,PHASE1,phase_1,False,,cf,diagnostic,diagnostic,,diagnostic,0,0,0,auto_suggested,rules,,Hal C Charles,,,2026-09-09T22:49:42+00:00,clinicaltrials_gov_api_v2
NCT01710644,Efficacy and Tolerability of NM-BL in Patients With Exocrine Pancreatic Insufficiency Due to Cystic Fibrosis,COMPLETED,INDUSTRY,Nordmark Arzneimittel GmbH & Co. KG,PHASE1;PHASE2,phase_1,False,,cf,other,no_keyword_match,,supportive,0,0,0,auto_suggested,rules,,Nordmark Arzneimittel GmbH & Co. KG,,,2026-09-09T22:49:42+00:00,clinicaltrials_gov_api_v2
NCT01710930,Protocol TARC-ABPA,COMPLETED,OTHER,Nantes University Hospital,NA,not_applicable,False,,cf,other,no_keyword_match,,supportive,0,0,0,auto_suggested,rules,,Nantes University Hospital,,,2026-09-09T22:49:42+00:00,clinicaltrials_gov_api_v2
NCT01712334,A Study of the Comparable Efficacy and Safety of Pulmozyme (Dornase Alfa) Delivered by the eRapid Nebulizer System in Patients With Cystic Fibrosis,COMPLETED,INDUSTRY,"Genentech, Inc.",PHASE4,approved,False,,cf,mucociliary_clearance,mucociliary,N3,therapeutic,0,0,0,auto_suggested,rules,,"Genentech, Inc.",,,2026-09-09T22:49:42+00:00,clinicaltrials_gov_api_v2
NCT01721382,Treatment of Dysglycemia Using Sitagliptin in Adolescents With Cystic Fibrosis,COMPLETED,OTHER,Nemours Children's Clinic,PHASE1,phase_1,False,,cf,metabolic_cfrd,cfrd,N5,therapeutic,0,0,0,auto_suggested,rules,,Nemours Children's Clinic,,,2026-09-09T22:49:42+00:00,clinicaltrials_gov_api_v2
NCT01729585,The Effects of Massage Therapy on QOL in Youth/Young Adults With Cystic Fibrosis,COMPLETED,OTHER,"Children's Hospital Medical Center, Cincinnati",NA,not_applicable,False,,cf,other,no_keyword_match,,supportive,0,0,0,auto_suggested,rules,,"Children's Hospital Medical Center, Cincinnati",,,2026-09-09T22:49:42+00:00,clinicaltrials_gov_api_v2
NCT01731015,Imaging Lung Function Using Oxygen Enhanced MRI,COMPLETED,OTHER,Hal C Charles,PHASE1,phase_1,False,,cf,diagnostic,diagnostic,,diagnostic,0,0,0,auto_suggested,rules,,Hal C Charles,,,2026-09-09T22:49:42+00:00,clinicaltrials_gov_api_v2
NCT01737801,Time to Perform Lung Function Test in Cystic Fibrosis,COMPLETED,OTHER,Karolinska University Hospital,NA,not_applicable,False,,cf,other,no_keyword_match,,supportive,0,0,0,auto_suggested,rules,,Karolinska University Hospital,,,2026-09-09T22:49:42+00:00,clinicaltrials_gov_api_v2
NCT01737983,Effect of Lactobacillus Reuteri in Cystic Fibrosis,COMPLETED,OTHER,Azienda Policlinico Umberto I,PHASE4,approved,False,,cf,other,no_keyword_match,,supportive,0,0,0,auto_suggested,rules,,Azienda Policlinico Umberto I,,,2026-09-09T22:49:42+00:00,clinicaltrials_gov_api_v2
NCT01744561,Effects of a Partially Supervised Conditioning Program in CF,COMPLETED,OTHER,Wuerzburg University Hospital,NA,not_applicable,False,,cf,care_delivery,care_delivery,N8,supportive,0,0,0,auto_suggested,rules,,Wuerzburg University Hospital,,,2026-09-09T22:49:42+00:00,clinicaltrials_gov_api_v2
NCT01746095,Efficacy and Safety Study of AeroVanc for the Treatment of Persistent MRSA Lung Infection in Cystic Fibrosis Patients,COMPLETED,INDUSTRY,Savara Inc.,PHASE2,phase_2,False,,cf,other,no_keyword_match,,supportive,0,0,0,auto_suggested,rules,,Savara Inc.,,,2026-09-09T22:49:42+00:00,clinicaltrials_gov_api_v2
NCT01746784,Safety and Pharmacokinetic Study of N6022 in Subjects With Cystic Fibrosis Homozygous for the F508del-CFTR Mutation,COMPLETED,INDUSTRY,"Nivalis Therapeutics, Inc.",PHASE1,phase_1,False,,cf,other,no_keyword_match,,supportive,0,0,0,auto_suggested,rules,,"Nivalis Therapeutics, Inc.",,,2026-09-09T22:49:42+00:00,clinicaltrials_gov_api_v2
NCT01747330,Evaluation of Safety and Tolerability of Creon Micro in Children Younger Than Four Years With Pancreatic Exocrine Insufficiency,COMPLETED,INDUSTRY,Abbott Products,PHASE3,phase_3,False,,cf,other,no_keyword_match,,supportive,0,0,0,auto_suggested,rules,,Abbott Products,,,2026-09-09T22:49:42+00:00,clinicaltrials_gov_api_v2
NCT01753869,Timing of Hypertonic Saline Inhalation Relative to Airways Clearance in Cystic Fibrosis,TERMINATED,OTHER,Belfast Health and Social Care Trust,NA,not_applicable,False,,cf,mucociliary_clearance,mucociliary,N3,supportive,0,0,0,auto_suggested,rules,,Belfast Health and Social Care Trust,,,2026-09-09T22:49:42+00:00,clinicaltrials_gov_api_v2
NCT01755455,Does a Daily Iron Tablet Improve Anemia in Cystic Fibrosis,COMPLETED,OTHER,Dartmouth-Hitchcock Medical Center,NA,not_applicable,False,,cf,other,no_keyword_match,,supportive,0,0,0,auto_suggested,rules,,Dartmouth-Hitchcock Medical Center,,,2026-09-09T22:49:42+00:00,clinicaltrials_gov_api_v2
NCT01759342,Comprehensive Exercise Training Program During Hospitalization for an Acute CF Exacerbation,COMPLETED,OTHER,University of Alabama at Birmingham,NA,not_applicable,False,,cf,care_delivery,care_delivery,N8,supportive,0,0,0,auto_suggested,rules,,University of Alabama at Birmingham,,,2026-09-09T22:49:42+00:00,clinicaltrials_gov_api_v2
NCT01764841,Ciprofloxacin Dry Powder for Inhalation in Non-cystic Fibrosis Bronchiectasis (Non-CF BE),COMPLETED,INDUSTRY,Bayer,PHASE3,phase_3,False,non-cystic fibrosis bronchiectasis,ncfb,other,no_keyword_match,,not_cf_primary,0,0,0,auto_suggested,rules,,Bayer,,,2026-09-09T22:49:42+00:00,clinicaltrials_gov_api_v2
NCT01768663,"A Phase 1 Study to Examine the Drug-Drug Interaction of Ciprofloxacin, Itraconazole, and Rifampin on the Combination of Lumacaftor With Ivacaftor in Healthy Adult Subjects",COMPLETED,INDUSTRY,Vertex Pharmaceuticals Incorporated,PHASE1,phase_1,False,,cf,cftr_modulator,modulator,N2,therapeutic,0,0,0,auto_suggested,rules,,Vertex Pharmaceuticals Incorporated,,,2026-09-09T22:49:42+00:00,clinicaltrials_gov_api_v2
NCT01772758,Cystic Fibrosis and Endothelial Function: At Rest and During Exercise,COMPLETED,OTHER,Augusta University,PHASE2,phase_2,False,,cf,care_delivery,care_delivery,N8,supportive,0,0,0,auto_suggested,rules,,Augusta University,,,2026-09-09T22:49:42+00:00,clinicaltrials_gov_api_v2
NCT01775137,Ext. Long-term Safety Study in CF Patients: Single Arm TIP,COMPLETED,INDUSTRY,Novartis Pharmaceuticals,PHASE4,approved,False,,cf,antimicrobial,antimicrobial,N4,therapeutic,0,0,0,auto_suggested,rules,,Novartis Pharmaceuticals,,,2026-09-09T22:49:42+00:00,clinicaltrials_gov_api_v2
NCT01783613,Eficacy of Long-term Suplementation With Docosahexaenoic Acid in Patients With Cystic Fibrosis,COMPLETED,OTHER,Fundacion para la Investigacion Biomedica del Hospital Universitario Ramon y Cajal,NA,not_applicable,False,,cf,other,no_keyword_match,,supportive,0,0,0,auto_suggested,rules,,Fundacion para la Investigacion Biomedica del Hospital Universitario Ramon y Cajal,,,2026-09-09T22:49:42+00:00,clinicaltrials_gov_api_v2
NCT01784419,Short Term Effects of Ivacaftor in Non-G551D Cystic Fibrosis Patients,COMPLETED,OTHER,"University of California, San Francisco",NA,not_applicable,False,,cf,cftr_modulator,modulator,N2,therapeutic,0,0,0,auto_suggested,rules,,"University of California, San Francisco",,,2026-09-09T22:49:42+00:00,clinicaltrials_gov_api_v2
NCT01788267,Bone Microarchitecture in Young Cystic Fibrosis Patients,COMPLETED,OTHER,Hospices Civils de Lyon,NA,not_applicable,False,,cf,other,no_keyword_match,,supportive,0,0,0,auto_suggested,rules,,Hospices Civils de Lyon,,,2026-09-09T22:49:42+00:00,clinicaltrials_gov_api_v2
NCT01793649,A Phase 1 Study to Characterize the Effect of GS-5737 Enhancement of Mucociliary Clearance (MCC) in Healthy Subjects,TERMINATED,INDUSTRY,Gilead Sciences,PHASE1,phase_1,False,,cf,other,no_keyword_match,,supportive,0,0,0,auto_suggested,rules,,Gilead Sciences,,,2026-09-09T22:49:42+00:00,clinicaltrials_gov_api_v2
NCT01807923,A Study of Lumacaftor in Combination With Ivacaftor in Cystic Fibrosis Subjects Aged 12 Years and Older Who Are Homozygous for the F508del-CFTR Mutation,COMPLETED,INDUSTRY,Vertex Pharmaceuticals Incorporated,PHASE3,phase_3,False,,cf,cftr_modulator,modulator,N2,therapeutic,0,0,0,auto_suggested,rules,,Vertex Pharmaceuticals Incorporated,,,2026-09-09T22:49:42+00:00,clinicaltrials_gov_api_v2
NCT01807949,A Study of Lumacaftor in Combination With Ivacaftor in Cystic Fibrosis Subjects Aged 12 Years and Older Who Are Homozygous for the F508del-CFTR Mutation,COMPLETED,INDUSTRY,Vertex Pharmaceuticals Incorporated,PHASE3,phase_3,False,,cf,cftr_modulator,modulator,N2,therapeutic,0,0,0,auto_suggested,rules,,Vertex Pharmaceuticals Incorporated,,,2026-09-09T22:49:42+00:00,clinicaltrials_gov_api_v2
NCT01810536,High Flow Nasal Oxygen for Children With Cystic Fibrosis Presenting With Respiratory Failure - a Randomized Controlled Study,TERMINATED,OTHER,University of Sao Paulo,NA,not_applicable,False,,cf,other,no_keyword_match,,diagnostic,0,0,0,auto_suggested,rules,,University of Sao Paulo,,,2026-09-09T22:49:42+00:00,clinicaltrials_gov_api_v2
NCT01812551,Treatment of Low Bone Density in Cystic Fibrosis.,COMPLETED,OTHER,Istituto Auxologico Italiano,PHASE3,phase_3,False,,cf,other,no_keyword_match,,supportive,0,0,0,auto_suggested,rules,,Istituto Auxologico Italiano,,,2026-09-09T22:49:42+00:00,clinicaltrials_gov_api_v2
NCT01818206,Bacteriophage Effects on Pseudomonas Aeruginosa,COMPLETED,OTHER,"University Hospital, Montpellier",NA,not_applicable,False,,cf,phage,phage,N4,supportive,0,0,0,auto_suggested,rules,,"University Hospital, Montpellier",,,2026-09-09T22:49:42+00:00,clinicaltrials_gov_api_v2
NCT01818544,Safety and Efficacy of Oral BAY85-8501 in Patients With Non-CF (Cystic Fibrosis) Bronchiectasis,COMPLETED,INDUSTRY,Bayer,PHASE2,phase_2,False,non-cystic fibrosis bronchiectasis,ncfb,other,no_keyword_match,,not_cf_primary,0,0,0,auto_suggested,rules,,Bayer,,,2026-09-09T22:49:42+00:00,clinicaltrials_gov_api_v2
NCT01822197,Pilot Trial of Phototherapy for Acute Depression in Hospitalized Cystic Fibrosis Patients,COMPLETED,OTHER,Nationwide Children's Hospital,NA,not_applicable,False,,cf,other,no_keyword_match,,diagnostic,0,0,0,auto_suggested,rules,,Nationwide Children's Hospital,,,2026-09-09T22:49:42+00:00,clinicaltrials_gov_api_v2
NCT01837355,Modulation of Intestinal and Pulmonary Inflammation by Lactobacillus Diet Supplementation in Pediatric Cystic Fibrosis,TERMINATED,OTHER,Cantonal Hospital of St. Gallen,NA,not_applicable,False,,cf,other,no_keyword_match,,supportive,0,0,0,auto_suggested,rules,,Cantonal Hospital of St. Gallen,,,2026-09-09T22:49:42+00:00,clinicaltrials_gov_api_v2
NCT01837589,Quantitative Computed Tomodensitometry in Patients With Cystic Fibrosis,COMPLETED,OTHER,Hôpital Necker-Enfants Malades,NA,not_applicable,False,,cf,other,no_keyword_match,,supportive,0,0,0,auto_suggested,rules,,Hôpital Necker-Enfants Malades,,,2026-09-09T22:49:42+00:00,clinicaltrials_gov_api_v2
NCT01840735,"Phase 1b Safety, Tolerability, and PK Study to Assess GS-5737 in Subjects With CF",COMPLETED,INDUSTRY,Gilead Sciences,PHASE1,phase_1,False,,cf,other,no_keyword_match,,supportive,0,0,0,auto_suggested,rules,,Gilead Sciences,,,2026-09-09T22:49:42+00:00,clinicaltrials_gov_api_v2
NCT01844778,Ease of Use and Microbial Contamination of Tobramycin Inhalation Powder (TIP) Versus Nebulised Tobramycin Inhalation Solution (TIS) and Nebulised Colistimethate (COLI),COMPLETED,INDUSTRY,Novartis Pharmaceuticals,PHASE4,approved,False,,cf,antimicrobial,antimicrobial,N4,therapeutic,0,0,0,auto_suggested,rules,,Novartis Pharmaceuticals,,,2026-09-09T22:49:42+00:00,clinicaltrials_gov_api_v2
NCT01851694,Beta-cell Response to Incretin Hormones in Cystic Fibrosis,RECRUITING,OTHER,University of Pennsylvania,NA,not_applicable,True,non-cystic fibrosis phrase,cf,metabolic_cfrd,cfrd,N5,supportive,0,0,0,reviewed,trial_review_overrides,Incretin hormone physiology in CF,University of Pennsylvania,,Heuristic false positive: title is CF/CFRD research; summary language triggered the NCFB flag. Not a product candidate.,2026-09-09T22:49:42+00:00,clinicaltrials_gov_api_v2
NCT01854788,3 Airway Clearance Techniques in Non Cystic Fibrosis Bronchiectasis,COMPLETED,OTHER,Hospital Clinic of Barcelona,NA,not_applicable,False,non-cystic fibrosis bronchiectasis,ncfb,mucociliary_clearance,mucociliary,,not_cf_primary,0,0,0,auto_suggested,rules,,Hospital Clinic of Barcelona,,,2026-09-09T22:49:42+00:00,clinicaltrials_gov_api_v2
NCT01859390,Effects of an Antioxidant-Enriched Multivitamin Supplement on Inflammation and Oxidative Stress in Cystic Fibrosis,COMPLETED,OTHER,"University of Colorado, Denver",PHASE2,phase_2,False,,cf,other,no_keyword_match,,supportive,0,0,0,auto_suggested,rules,,"University of Colorado, Denver",,,2026-09-09T22:49:42+00:00,clinicaltrials_gov_api_v2
NCT01877707,Near Patient Microbial Testing in Cystic Fibrosis,COMPLETED,OTHER_GOV,Papworth Hospital NHS Foundation Trust,NA,not_applicable,False,,cf,other,no_keyword_match,,supportive,0,0,0,auto_suggested,rules,,Papworth Hospital NHS Foundation Trust,,,2026-09-09T22:49:42+00:00,clinicaltrials_gov_api_v2
NCT01879228,Effect of Chronic Incretin-based Therapy in Cystic Fibrosis,COMPLETED,OTHER,University of Pennsylvania,NA,not_applicable,False,,cf,metabolic_cfrd,cfrd,N5,therapeutic,0,0,0,auto_suggested,rules,,University of Pennsylvania,,,2026-09-09T22:49:42+00:00,clinicaltrials_gov_api_v2
NCT01880346,Comparison of Absorption of Vitamin D in Cystic Fibrosis,COMPLETED,OTHER,Emory University,PHASE4,approved,False,,cf,other,no_keyword_match,,supportive,0,0,0,auto_suggested,rules,,Emory University,,,2026-09-09T22:49:42+00:00,clinicaltrials_gov_api_v2
NCT01880723,Utilizing Exhaled Breathe Condensate Collection to Study Ion Regulation in Cystic Fibrosis,COMPLETED,OTHER,University of Arizona,NA,not_applicable,False,,cf,other,no_keyword_match,,supportive,0,0,0,auto_suggested,rules,,University of Arizona,,,2026-09-09T22:49:42+00:00,clinicaltrials_gov_api_v2
NCT01882400,Assessment of Response to Treatment of Osteoporosis With Oral Bisphosphonates in Patients With Muscular Dystrophy,COMPLETED,OTHER,Gilles Boire,PHASE4,approved,False,,cf,other,no_keyword_match,,supportive,0,0,0,auto_suggested,rules,,Gilles Boire,,,2026-09-09T22:49:42+00:00,clinicaltrials_gov_api_v2
NCT01883284,Action of Epigenetic Modifiers in Cystic Fibrosis Treatment,COMPLETED,OTHER,"University Hospital, Montpellier",NA,not_applicable,False,,cf,other,no_keyword_match,,supportive,0,0,0,auto_suggested,rules,,"University Hospital, Montpellier",,,2026-09-09T22:49:42+00:00,clinicaltrials_gov_api_v2
NCT01883531,Crossover Trial Determining the Efficacy of Dry Powder Mannitol to Improve Lung Function in Subjects Aged 6-17 Years,COMPLETED,INDUSTRY,Syntara,PHASE2,phase_2,False,,cf,mucociliary_clearance,mucociliary,N3,therapeutic,0,0,0,auto_suggested,rules,,Syntara,,,2026-09-09T22:49:42+00:00,clinicaltrials_gov_api_v2
NCT01885650,The Addition of Non-Invasive Ventilation To Airway Clearance Techniques In Adults With Cystic Fibrosis,TERMINATED,OTHER,Royal Brompton & Harefield NHS Foundation Trust,NA,not_applicable,False,,cf,mucociliary_clearance,mucociliary,N3,supportive,0,0,0,auto_suggested,rules,,Royal Brompton & Harefield NHS Foundation Trust,,,2026-09-09T22:49:42+00:00,clinicaltrials_gov_api_v2
NCT01887197,Repeatability and Response Study of Absorptive Clearance Scans,COMPLETED,OTHER,Tim Corcoran,PHASE1,phase_1,False,,cf,mucociliary_clearance,mucociliary,N3,therapeutic,0,0,0,auto_suggested,rules,,Tim Corcoran,,,2026-09-09T22:49:42+00:00,clinicaltrials_gov_api_v2
NCT01889927,INSPIRE-CF: an Alternative Physiotherapy Model for Children With Cystic Fibrosis,COMPLETED,OTHER,Great Ormond Street Hospital for Children NHS Foundation Trust,NA,not_applicable,False,,cf,care_delivery,care_delivery,N8,supportive,0,0,0,auto_suggested,rules,,Great Ormond Street Hospital for Children NHS Foundation Trust,,,2026-09-09T22:49:42+00:00,clinicaltrials_gov_api_v2
NCT01897233,"Study of Lumacaftor in Combination With Ivacaftor in Subjects 6 Through 11 Years of Age With Cystic Fibrosis, Homozygous for the F508del-CFTR Mutation",COMPLETED,INDUSTRY,Vertex Pharmaceuticals Incorporated,PHASE3,phase_3,False,,cf,cftr_modulator,modulator,N2,therapeutic,0,0,0,auto_suggested,rules,,Vertex Pharmaceuticals Incorporated,,,2026-09-09T22:49:42+00:00,clinicaltrials_gov_api_v2
NCT01899105,A Phase 1 Study to Investigate the Food Effect of Lumacaftor in Combination With Ivacaftor,COMPLETED,INDUSTRY,Vertex Pharmaceuticals Incorporated,PHASE1,phase_1,False,,cf,cftr_modulator,modulator,N2,therapeutic,0,0,0,auto_suggested,rules,,Vertex Pharmaceuticals Incorporated,,,2026-09-09T22:49:42+00:00,clinicaltrials_gov_api_v2
NCT01910415,"Phase 1, QT/QTC Interval Study in Healthy Subjects",COMPLETED,INDUSTRY,Vertex Pharmaceuticals Incorporated,PHASE1,phase_1,False,,cf,cftr_modulator,modulator,N2,therapeutic,0,0,0,auto_suggested,rules,,Vertex Pharmaceuticals Incorporated,,,2026-09-09T22:49:42+00:00,clinicaltrials_gov_api_v2
NCT01915875,Impact of Global Care of the Pain at Chronic Painful Patients Affected by Cystic Fibrosis,COMPLETED,OTHER,Assistance Publique - Hôpitaux de Paris,NA,not_applicable,False,,cf,other,no_keyword_match,,supportive,0,0,0,auto_suggested,rules,,Assistance Publique - Hôpitaux de Paris,,,2026-09-09T22:49:42+00:00,clinicaltrials_gov_api_v2
NCT01916577,Autologous CD117+ Progenitor Cell Mobilization for Lung Transplantation,COMPLETED,OTHER,"University of Colorado, Denver",PHASE1,phase_1,False,,cf,other,no_keyword_match,,supportive,0,0,0,auto_suggested,rules,,"University of Colorado, Denver",,,2026-09-09T22:49:42+00:00,clinicaltrials_gov_api_v2
NCT01923753,A Short-term Comparative Study of Aerosure for Airway Clearance in Patients With Cystic Fibrosis,TERMINATED,INDUSTRY,Actegy Ltd.,PHASE2,phase_2,False,,cf,mucociliary_clearance,mucociliary,N3,supportive,0,0,0,auto_suggested,rules,,Actegy Ltd.,,,2026-09-09T22:49:42+00:00,clinicaltrials_gov_api_v2
NCT01931839,A Phase 3 Rollover Study of Lumacaftor in Combination With Ivacaftor in Subjects 12 Years and Older With Cystic Fibrosis,COMPLETED,INDUSTRY,Vertex Pharmaceuticals Incorporated,PHASE3,phase_3,False,,cf,cftr_modulator,modulator,N2,therapeutic,0,0,0,auto_suggested,rules,,Vertex Pharmaceuticals Incorporated,,,2026-09-09T22:49:42+00:00,clinicaltrials_gov_api_v2
NCT01937325,CPET in CF Patients With One G551D Mutation Taking VX770,UNKNOWN,OTHER,The Alfred,PHASE4,approved,False,,cf,cftr_modulator,modulator,N2,label_expansion,0,0,0,auto_suggested,rules,,The Alfred,,,2026-09-09T22:49:42+00:00,clinicaltrials_gov_api_v2
NCT01943890,High Volumes of Hypertonic Saline and Chest Physiotherapy in CF Patients,COMPLETED,OTHER,Haukeland University Hospital,NA,not_applicable,False,,cf,mucociliary_clearance,mucociliary,N3,supportive,0,0,0,auto_suggested,rules,,Haukeland University Hospital,,,2026-09-09T22:49:42+00:00,clinicaltrials_gov_api_v2
NCT01944735,Phase 1 Study Assessing the Safety and Tolerability of CTX-4430 in Cystic Fibrosis Patients,COMPLETED,OTHER,"Celtaxsys, Inc.",PHASE1,phase_1,False,,cf,other,no_keyword_match,,supportive,0,0,0,auto_suggested,rules,,"Celtaxsys, Inc.",,,2026-09-09T22:49:42+00:00,clinicaltrials_gov_api_v2
NCT01946412,Roll-Over Study of Ivacaftor in Cystic Fibrosis Pediatric Subjects With a CF Transmembrane Conductance Regulator Gene (CFTR) Gating Mutation,COMPLETED,INDUSTRY,Vertex Pharmaceuticals Incorporated,PHASE3,phase_3,False,,cf,cftr_modulator,modulator,N2,therapeutic,0,0,0,auto_suggested,rules,,Vertex Pharmaceuticals Incorporated,,,2026-09-09T22:49:42+00:00,clinicaltrials_gov_api_v2
NCT01953367,Bioequivalence and Safety of Vantobra and TOBI in Healthy Subjects,COMPLETED,INDUSTRY,Pari Pharma GmbH,PHASE1,phase_1,False,,cf,antimicrobial,antimicrobial,N4,therapeutic,0,0,0,auto_suggested,rules,,Pari Pharma GmbH,,,2026-09-09T22:49:42+00:00,clinicaltrials_gov_api_v2
NCT01956916,Probiotics in Cystic Fibrosis,COMPLETED,OTHER,Federico II University,PHASE3,phase_3,False,,cf,other,no_keyword_match,,supportive,0,0,0,auto_suggested,rules,,Federico II University,,,2026-09-09T22:49:42+00:00,clinicaltrials_gov_api_v2
NCT01957072,Pilot Study of Behavioural Intervention for Nutrition in Cystic Fibrosis,COMPLETED,OTHER,Sheffield Teaching Hospitals NHS Foundation Trust,NA,not_applicable,False,,cf,other,no_keyword_match,,supportive,0,0,0,auto_suggested,rules,,Sheffield Teaching Hospitals NHS Foundation Trust,,,2026-09-09T22:49:42+00:00,clinicaltrials_gov_api_v2
NCT01958944,Evaluation of the Safety and Tolerability of Inhaled Nitric Oxide to Subjects With Cystic Fibrosis,COMPLETED,INDUSTRY,Beyond Air Inc.,PHASE1;PHASE2,phase_1,False,,cf,antimicrobial,antimicrobial,N4,therapeutic,0,0,0,auto_suggested,rules,,Beyond Air Inc.,,,2026-09-09T22:49:42+00:00,clinicaltrials_gov_api_v2
NCT01961661,Probiotics on Intestinal Inflammation in Cystic Fibrosis,COMPLETED,OTHER,Federico II University,PHASE3,phase_3,False,,cf,other,no_keyword_match,,supportive,0,0,0,auto_suggested,rules,,Federico II University,,,2026-09-09T22:49:42+00:00,clinicaltrials_gov_api_v2
NCT01983774,Effect of Proton Pump Inhibitors on CF Pulmonary Exacerbations,COMPLETED,OTHER,Columbia University,PHASE2,phase_2,False,,cf,other,no_keyword_match,,supportive,0,0,0,auto_suggested,rules,,Columbia University,,,2026-09-09T22:49:42+00:00,clinicaltrials_gov_api_v2
NCT01987271,Effects Of Noninvasive Ventilation On Functional Capacity Of Patients With Cystic Fibrosis,COMPLETED,OTHER,Universidade Federal de Pernambuco,NA,not_applicable,False,,cf,other,no_keyword_match,,diagnostic,0,0,0,auto_suggested,rules,,Universidade Federal de Pernambuco,,,2026-09-09T22:49:42+00:00,clinicaltrials_gov_api_v2
NCT01991028,A Study to Investigate Lung Deposition of Radiolabelled OligoG,COMPLETED,INDUSTRY,BDD Pharma Ltd,PHASE2,phase_2,False,,cf,other,no_keyword_match,,supportive,0,0,0,auto_suggested,rules,,BDD Pharma Ltd,,,2026-09-09T22:49:42+00:00,clinicaltrials_gov_api_v2
NCT02010411,Alpha1 Antitrypsin Aerosol Therapy in Cystic Fibrosis,TERMINATED,OTHER,Université de Sherbrooke,PHASE2,phase_2,False,,cf,other,no_keyword_match,,supportive,0,0,0,auto_suggested,rules,,Université de Sherbrooke,,,2026-09-09T22:49:42+00:00,clinicaltrials_gov_api_v2
NCT02014181,Flaxseed Modulates Inflammation and Oxidative Stress in CF,COMPLETED,OTHER,University of Pennsylvania,PHASE1,phase_1,False,,cf,other,no_keyword_match,,supportive,0,0,0,auto_suggested,rules,,University of Pennsylvania,,,2026-09-09T22:49:42+00:00,clinicaltrials_gov_api_v2
NCT02015507,"An Open-Label, Phase 1 Study in Healthy Adult Subjects to Examine the Effects of Multiple-Dose Ciprofloxacin on Ivacaftor and VX-661 in Combination With Ivacaftor",COMPLETED,INDUSTRY,Vertex Pharmaceuticals Incorporated,PHASE1,phase_1,False,,cf,cftr_modulator,modulator,N2,therapeutic,0,0,0,auto_suggested,rules,,Vertex Pharmaceuticals Incorporated,,,2026-09-09T22:49:42+00:00,clinicaltrials_gov_api_v2
NCT02015663,Tobramycin Inhalation Powder (TIP) Administered Once Daily Continuously Versus TIP Administered BID in 28 Day on / 28 Day Off Cycles,TERMINATED,INDUSTRY,Novartis Pharmaceuticals,PHASE4,approved,False,,cf,antimicrobial,antimicrobial,N4,therapeutic,0,0,0,auto_suggested,rules,,Novartis Pharmaceuticals,,,2026-09-09T22:49:42+00:00,clinicaltrials_gov_api_v2
NCT02029521,Supplementation of Oral Reduced Glutathione in Pediatric Cystic Fibrosis Patients,COMPLETED,OTHER,Clark Bishop,NA,not_applicable,False,,cf,other,no_keyword_match,,supportive,0,0,0,auto_suggested,rules,,Clark Bishop,,,2026-09-09T22:49:42+00:00,clinicaltrials_gov_api_v2
NCT02035488,Pharmacokinetic Evaluation and Tolerability of Dry Powder Tobramycin by a Novel Device in Patients With Non Cystic Fibrosis Bronchiectasis,COMPLETED,OTHER,University Medical Center Groningen,PHASE1;PHASE2,phase_1,False,non-cystic fibrosis bronchiectasis,ncfb,antimicrobial,antimicrobial,,not_cf_primary,0,0,0,auto_suggested,rules,,University Medical Center Groningen,,,2026-09-09T22:49:42+00:00,clinicaltrials_gov_api_v2
NCT02036879,Gender Disparity and Hormones in Cystic Fibrosis,COMPLETED,OTHER,University of Texas Southwestern Medical Center,EARLY_PHASE1,phase_1,False,,cf,other,no_keyword_match,,supportive,0,0,0,auto_suggested,rules,,University of Texas Southwestern Medical Center,,,2026-09-09T22:49:42+00:00,clinicaltrials_gov_api_v2
NCT02048592,Impact of Immunonutrition on the Patients With Cystic Fibrosis,UNKNOWN,OTHER,"University Hospital, Motol",PHASE4,approved,False,,cf,other,no_keyword_match,,supportive,0,0,0,auto_suggested,rules,,"University Hospital, Motol",,,2026-09-09T22:49:42+00:00,clinicaltrials_gov_api_v2
NCT02054156,OPTIMIZing Treatment for Early Pseudomonas Aeruginosa Infection in Cystic Fibrosis,COMPLETED,OTHER,Bonnie Ramsey,PHASE3,phase_3,False,,cf,antimicrobial,antimicrobial,N4,therapeutic,0,0,0,auto_suggested,rules,,Bonnie Ramsey,,,2026-09-09T22:49:42+00:00,clinicaltrials_gov_api_v2
NCT02054377,Cystic Fibrosis- Children and Adults Tai Chi Study,COMPLETED,OTHER,London South Bank University,NA,not_applicable,False,,cf,care_delivery,care_delivery,N8,supportive,0,0,0,auto_suggested,rules,,London South Bank University,,,2026-09-09T22:49:42+00:00,clinicaltrials_gov_api_v2
NCT02057458,Blood Flow and Vascular Function in Cystic Fibrosis,COMPLETED,OTHER,Augusta University,PHASE2,phase_2,False,,cf,care_delivery,care_delivery,N8,supportive,0,0,0,auto_suggested,rules,,Augusta University,,,2026-09-09T22:49:42+00:00,clinicaltrials_gov_api_v2
NCT02061852,Evaluation of the Safety of the Medical Device Simeox®,TERMINATED,INDUSTRY,Physio-Assist,NA,not_applicable,False,,cf,other,no_keyword_match,,diagnostic,0,0,0,auto_suggested,rules,,Physio-Assist,,,2026-09-09T22:49:42+00:00,clinicaltrials_gov_api_v2
NCT02070744,"Study to Evaluate Safety and Efficacy of VX-661 in Combination With Ivacaftor in Subjects With Cystic Fibrosis, Homozygous for the F508del-CFTR Mutation With an Open-Label Expansion",COMPLETED,INDUSTRY,Vertex Pharmaceuticals Incorporated,PHASE2,phase_2,False,,cf,cftr_modulator,modulator,N2,therapeutic,0,0,0,auto_suggested,rules,,Vertex Pharmaceuticals Incorporated,,,2026-09-09T22:49:42+00:00,clinicaltrials_gov_api_v2
NCT02081963,Combined Administration of Nebulized Amikacin in Patients With Acute Exacerbation of Non-Cystic Fibrosis Bronchiectasis,COMPLETED,OTHER,Qilu Hospital of Shandong University,PHASE4,approved,False,non-cystic fibrosis bronchiectasis,ncfb,antimicrobial,antimicrobial,,not_cf_primary,0,0,0,auto_suggested,rules,,Qilu Hospital of Shandong University,,,2026-09-09T22:49:42+00:00,clinicaltrials_gov_api_v2
NCT02083263,Non Invasive Ventilation as Airway Clearance in Patients With Cystic Fibrosis,COMPLETED,OTHER,Karolinska University Hospital,NA,not_applicable,False,,cf,mucociliary_clearance,mucociliary,N3,supportive,0,0,0,auto_suggested,rules,,Karolinska University Hospital,,,2026-09-09T22:49:42+00:00,clinicaltrials_gov_api_v2
NCT02084043,In Vitro Assessment of a Breath-synchronized Vibrating Mesh Nebulizer During Non Invasive Ventilation,COMPLETED,OTHER,"University Hospital St Luc, Brussels",NA,not_applicable,False,,cf,antimicrobial,antimicrobial,N4,therapeutic,0,0,0,auto_suggested,rules,,"University Hospital St Luc, Brussels",,,2026-09-09T22:49:42+00:00,clinicaltrials_gov_api_v2
NCT02088216,"Effect of Long-term, High-dose N-acetylcysteine on Exacerbations of Bronchiectaisis",COMPLETED,OTHER,Qilu Hospital of Shandong University,NA,not_applicable,False,non-cystic fibrosis bronchiectasis,ncfb,other,no_keyword_match,,not_cf_primary,0,0,0,auto_suggested,rules,,Qilu Hospital of Shandong University,,,2026-09-09T22:49:42+00:00,clinicaltrials_gov_api_v2
NCT02096315,"Safety, Efficacy and PK/PD of POL7080 in Patients With Exacerbation of Non-cystic Fibrosis Bronchiectasis.",TERMINATED,INDUSTRY,Polyphor Ltd.,PHASE2,phase_2,False,non-cystic fibrosis bronchiectasis,ncfb,other,no_keyword_match,,not_cf_primary,0,0,0,auto_suggested,rules,,Polyphor Ltd.,,,2026-09-09T22:49:42+00:00,clinicaltrials_gov_api_v2
NCT02104245,Phase 3 Study With Ciprofloxacin Dispersion for Inhalation in Non-CF Bronchiectasis (ORBIT-4),COMPLETED,INDUSTRY,Aradigm Corporation,PHASE3,phase_3,False,non-cystic fibrosis bronchiectasis,ncfb,other,no_keyword_match,,not_cf_primary,0,0,0,auto_suggested,rules,,Aradigm Corporation,,,2026-09-09T22:49:42+00:00,clinicaltrials_gov_api_v2
NCT02106832,Ciprofloxacin Dry Powder for Inhalation (DPI) in Non-cystic Fibrosis Bronchiectasis (Non-CF BE),COMPLETED,INDUSTRY,Bayer,PHASE3,phase_3,False,non-cystic fibrosis bronchiectasis,ncfb,other,no_keyword_match,,not_cf_primary,0,0,0,auto_suggested,rules,,Bayer,,,2026-09-09T22:49:42+00:00,clinicaltrials_gov_api_v2
NCT02107859,Study of Ataluren (PTC124) in Cystic Fibrosis,TERMINATED,INDUSTRY,PTC Therapeutics,PHASE3,phase_3,False,,cf,nonsense_readthrough,nonsense,N1,therapeutic,0,0,0,auto_suggested,rules,,PTC Therapeutics,,,2026-09-09T22:49:42+00:00,clinicaltrials_gov_api_v2
NCT02110914,A Coaching Intervention to Young Adults With Cystic Fibrosis,COMPLETED,OTHER,"Rigshospitalet, Denmark",NA,not_applicable,False,,cf,other,no_keyword_match,,supportive,0,0,0,auto_suggested,rules,,"Rigshospitalet, Denmark",,,2026-09-09T22:49:42+00:00,clinicaltrials_gov_api_v2
NCT02122289,Muco Smartphone Exacerbation,COMPLETED,OTHER,"University Hospital, Montpellier",EARLY_PHASE1,phase_1,False,,cf,other,no_keyword_match,,diagnostic,0,0,0,auto_suggested,rules,,"University Hospital, Montpellier",,,2026-09-09T22:49:42+00:00,clinicaltrials_gov_api_v2
NCT02127957,Effects of an Exercise Program Among CF Patients With Dysglycemia,COMPLETED,OTHER,Institut de Recherches Cliniques de Montreal,NA,not_applicable,False,,cf,metabolic_cfrd,cfrd,N5,supportive,0,0,0,auto_suggested,rules,,Institut de Recherches Cliniques de Montreal,,,2026-09-09T22:49:42+00:00,clinicaltrials_gov_api_v2
NCT02128984,Clinical Study With an Enteral Formula With Symbiotic and DHA for Malnourished Children,COMPLETED,INDUSTRY,Laboratorios Ordesa,NA,not_applicable,False,,cf,other,no_keyword_match,,supportive,0,0,0,auto_suggested,rules,,Laboratorios Ordesa,,,2026-09-09T22:49:42+00:00,clinicaltrials_gov_api_v2
NCT02129803,Evaluating High Flow Humidification Therapy in Patients With Cystic Fibrosis,COMPLETED,OTHER,Virginia Commonwealth University,NA,not_applicable,False,,cf,other,no_keyword_match,,diagnostic,0,0,0,auto_suggested,rules,,Virginia Commonwealth University,,,2026-09-09T22:49:42+00:00,clinicaltrials_gov_api_v2
NCT02131857,The Effectiveness of a Systemic Mindfulness-based Intervention Program in a Cystic Fibrosis Clinic,UNKNOWN,OTHER,Rabin Medical Center,NA,not_applicable,False,,cf,other,no_keyword_match,,supportive,0,0,0,auto_suggested,rules,,Rabin Medical Center,,,2026-09-09T22:49:42+00:00,clinicaltrials_gov_api_v2
NCT02134353,A Safety and Efficacy Trial of Inhaled Mannitol in Adult Cystic Fibrosis Subjects,COMPLETED,INDUSTRY,Syntara,PHASE3,phase_3,False,,cf,mucociliary_clearance,mucociliary,N3,therapeutic,0,0,0,auto_suggested,rules,,Syntara,,,2026-09-09T22:49:42+00:00,clinicaltrials_gov_api_v2
NCT02134899,The Efficacy of Everolimus in Reducing Total Native Kidney Volume in Polycystic Kidney Disease Transplanted Recipients,COMPLETED,OTHER,Assistance Publique - Hôpitaux de Paris,PHASE3,phase_3,False,,cf,other,no_keyword_match,,supportive,0,0,0,auto_suggested,rules,,Assistance Publique - Hôpitaux de Paris,,,2026-09-09T22:49:42+00:00,clinicaltrials_gov_api_v2
NCT02137382,"A Double-blind, Randomized, Multicenter, Cross-over Study to Compare the Effect of Creon N and Creon® on Fat Digestion in Subjects ≥ 12 Years of Age With Pancreatic Exocrine Insufficiency Due to Cystic Fibrosis",COMPLETED,INDUSTRY,Abbott,PHASE3,phase_3,False,,cf,other,no_keyword_match,,supportive,0,0,0,auto_suggested,rules,,Abbott,,,2026-09-09T22:49:42+00:00,clinicaltrials_gov_api_v2
NCT02139306,Study of Ataluren in Nonsense Mutation Cystic Fibrosis (ACT CF),COMPLETED,INDUSTRY,PTC Therapeutics,PHASE3,phase_3,False,,cf,nonsense_readthrough,nonsense,N1,therapeutic,0,0,0,auto_suggested,rules,,PTC Therapeutics,,,2026-09-09T22:49:42+00:00,clinicaltrials_gov_api_v2
NCT02141191,A Study of Lung Clearance After Hypertonic Saline Delivery Using the tPAD Device,COMPLETED,OTHER,University of Pittsburgh,PHASE1,phase_1,False,,cf,mucociliary_clearance,mucociliary,N3,therapeutic,0,0,0,auto_suggested,rules,,University of Pittsburgh,,,2026-09-09T22:49:42+00:00,clinicaltrials_gov_api_v2
NCT02141958,Safety Study of Fenretinide in Adult Patients With Cystic Fibrosis,COMPLETED,OTHER,Elias Matouk,PHASE1,phase_1,False,,cf,other,no_keyword_match,,supportive,0,0,0,auto_suggested,rules,,Elias Matouk,,,2026-09-09T22:49:42+00:00,clinicaltrials_gov_api_v2
NCT02144246,Contraceptive Hormones and Women With Cystic Fibrosis,TERMINATED,OTHER,University of Pennsylvania,PHASE1,phase_1,False,,cf,other,no_keyword_match,,supportive,0,0,0,auto_suggested,rules,,University of Pennsylvania,,,2026-09-09T22:49:42+00:00,clinicaltrials_gov_api_v2
NCT02148978,Cystic Fibrosis Related Diabetes,UNKNOWN,OTHER,Ram Weiss,NA,not_applicable,False,,cf,metabolic_cfrd,cfrd,N5,therapeutic,0,0,0,auto_suggested,rules,,Ram Weiss,,,2026-09-09T22:49:42+00:00,clinicaltrials_gov_api_v2
NCT02157922,A Phase IIb Study of OligoG in Subjects With Cystic Fibrosis,COMPLETED,INDUSTRY,AlgiPharma AS,PHASE2,phase_2,False,,cf,other,no_keyword_match,,supportive,0,0,0,auto_suggested,rules,,AlgiPharma AS,,,2026-09-09T22:49:42+00:00,clinicaltrials_gov_api_v2
NCT02163681,MRI for Non-Invasive Imaging in Neonates and Children,COMPLETED,OTHER,University of Virginia,NA,not_applicable,False,,cf,diagnostic,diagnostic,,diagnostic,0,0,0,auto_suggested,rules,,University of Virginia,,,2026-09-09T22:49:42+00:00,clinicaltrials_gov_api_v2
NCT02170025,Early Signs of Efficacy Study With Riociguat in Adult Homozygous Delta F508 Cystic Fibrosis Patients,TERMINATED,INDUSTRY,Bayer,PHASE2,phase_2,False,,cf,cftr_modulator,modulator,N2,therapeutic,0,0,0,auto_suggested,rules,,Bayer,,,2026-09-09T22:49:42+00:00,clinicaltrials_gov_api_v2
NCT02172534,"Safety, Tolerability and Pharmacokinetics of Tiotropium in Cystic Fibrosis Patients",COMPLETED,INDUSTRY,Boehringer Ingelheim,PHASE1,phase_1,False,,cf,other,no_keyword_match,,supportive,0,0,0,auto_suggested,rules,,Boehringer Ingelheim,,,2026-09-09T22:49:42+00:00,clinicaltrials_gov_api_v2
NCT02178540,Study to Validate the Instructions for Use of TOBI® Podhaler™ in Cystic Fibrosis Patients,COMPLETED,INDUSTRY,Novartis Pharmaceuticals,PHASE4,approved,False,,cf,antimicrobial,antimicrobial,N4,therapeutic,0,0,0,auto_suggested,rules,,Novartis Pharmaceuticals,,,2026-09-09T22:49:42+00:00,clinicaltrials_gov_api_v2
NCT02190604,"Safety, Tolerability, Pharmacokinetics, and Preliminary Pharmacodynamics of QBW251 in Healthy Subjects and Cystic Fibrosis Patients",TERMINATED,INDUSTRY,Novartis Pharmaceuticals,PHASE1;PHASE2,phase_1,False,,cf,other,no_keyword_match,,supportive,0,0,0,auto_suggested,rules,,Novartis Pharmaceuticals,,,2026-09-09T22:49:42+00:00,clinicaltrials_gov_api_v2
NCT02199340,The iStep Study: Development and Validation of an Incremental Exercise Step Test for Children With Cystic Fibrosis,COMPLETED,OTHER,Great Ormond Street Hospital for Children NHS Foundation Trust,NA,not_applicable,False,,cf,care_delivery,care_delivery,N8,supportive,0,0,0,auto_suggested,rules,,Great Ormond Street Hospital for Children NHS Foundation Trust,,,2026-09-09T22:49:42+00:00,clinicaltrials_gov_api_v2
NCT02201082,Evaluation of the Timing of the Nebulization Related to the Physiotherapy Session,COMPLETED,OTHER,Cliniques universitaires Saint-Luc- Université Catholique de Louvain,NA,not_applicable,False,,cf,antimicrobial,antimicrobial,N4,therapeutic,0,0,0,auto_suggested,rules,,Cliniques universitaires Saint-Luc- Université Catholique de Louvain,,,2026-09-09T22:49:42+00:00,clinicaltrials_gov_api_v2
NCT02202876,Redox Imbalance and the Development of Cystic Fibrosis Diabetes,COMPLETED,OTHER,Emory University,NA,not_applicable,False,,cf,metabolic_cfrd,cfrd,N5,supportive,0,0,0,auto_suggested,rules,,Emory University,,,2026-09-09T22:49:42+00:00,clinicaltrials_gov_api_v2
NCT02209571,Breath Analysis in in Adults With Cystic Fibrosis (CF),COMPLETED,OTHER,University of Zurich,NA,not_applicable,False,,cf,other,no_keyword_match,,supportive,0,0,0,auto_suggested,rules,,University of Zurich,,,2026-09-09T22:49:42+00:00,clinicaltrials_gov_api_v2
NCT02212431,First Study of Oral Cysteamine in Cystic Fibrosis,COMPLETED,OTHER,University of Aberdeen,PHASE1;PHASE2,phase_1,False,,cf,antimicrobial,antimicrobial,N4,therapeutic,0,0,0,auto_suggested,rules,,University of Aberdeen,,,2026-09-09T22:49:42+00:00,clinicaltrials_gov_api_v2
NCT02212587,Tobramycin Inhalation Powder (TIP) in Cystic Fibrosis Patients Infected With Burkholderia Cepacia Complex,COMPLETED,OTHER,Unity Health Toronto,PHASE1,phase_1,False,,cf,antimicrobial,antimicrobial,N4,therapeutic,0,0,0,auto_suggested,rules,,Unity Health Toronto,,,2026-09-09T22:49:42+00:00,clinicaltrials_gov_api_v2
NCT02227888,PK Study of N91115 in Cystic Fibrosis Patients,COMPLETED,INDUSTRY,"Nivalis Therapeutics, Inc.",PHASE1,phase_1,False,,cf,other,no_keyword_match,,supportive,0,0,0,auto_suggested,rules,,"Nivalis Therapeutics, Inc.",,,2026-09-09T22:49:42+00:00,clinicaltrials_gov_api_v2
NCT02234401,Non Invasive Ventilation for Acute Exacerbations in Adult CF,UNKNOWN,OTHER,Manchester Metropolitan University,NA,not_applicable,False,,cf,other,no_keyword_match,,diagnostic,0,0,0,auto_suggested,rules,,Manchester Metropolitan University,,,2026-09-09T22:49:42+00:00,clinicaltrials_gov_api_v2
NCT02239458,DPP-IV Inhibition Prior to Development of Diabetes in Patients With Cystic Fibrosis,UNKNOWN,OTHER,Ram Weiss,NA,not_applicable,False,,cf,metabolic_cfrd,cfrd,N5,therapeutic,0,0,0,auto_suggested,rules,,Ram Weiss,,,2026-09-09T22:49:42+00:00,clinicaltrials_gov_api_v2
NCT02239874,VITamin D and OmegA-3 TriaL: Effects on Mammographic Density and Breast Tissue,UNKNOWN,OTHER,Brigham and Women's Hospital,NA,not_applicable,False,,cf,other,no_keyword_match,,supportive,0,0,0,auto_suggested,rules,,Brigham and Women's Hospital,,,2026-09-09T22:49:42+00:00,clinicaltrials_gov_api_v2
NCT02248922,"Evaluation of Lung Clearance Index in Cystic Fibrosis (CF) Patients, Infected With P.Aeruginosa",TERMINATED,INDUSTRY,Novartis Pharmaceuticals,PHASE4,approved,False,,cf,antimicrobial,antimicrobial,N4,therapeutic,0,0,0,auto_suggested,rules,,Novartis Pharmaceuticals,,,2026-09-09T22:49:42+00:00,clinicaltrials_gov_api_v2
NCT02252601,Evaluation of the High Frequency Digit Triplet Test in Cystic Fibrosis,UNKNOWN,OTHER,University of Nottingham,NA,not_applicable,False,,cf,other,no_keyword_match,,supportive,0,0,0,auto_suggested,rules,,University of Nottingham,,,2026-09-09T22:49:42+00:00,clinicaltrials_gov_api_v2
NCT02261987,Resistive Inspiratory Manoeuvre as Airway Clearance Technique in Cystic Fibrosis,COMPLETED,OTHER,Universidad San Jorge,NA,not_applicable,False,,cf,mucociliary_clearance,mucociliary,N3,supportive,0,0,0,auto_suggested,rules,,Universidad San Jorge,,,2026-09-09T22:49:42+00:00,clinicaltrials_gov_api_v2
NCT02262871,HFN Versus NIV in Cystic Fibrosis. The HIFEN Study,COMPLETED,OTHER,Unity Health Toronto,NA,not_applicable,False,,cf,other,no_keyword_match,,diagnostic,0,0,0,auto_suggested,rules,,Unity Health Toronto,,,2026-09-09T22:49:42+00:00,clinicaltrials_gov_api_v2
NCT02265679,"Safety, Tolerability and Pharmacokinetics of Increasing Doses of BIIL 284 BS in Adult and Pediatric Cystic Fibrosis (CF) Patients",COMPLETED,INDUSTRY,Boehringer Ingelheim,PHASE1,phase_1,False,,cf,other,no_keyword_match,,supportive,0,0,0,auto_suggested,rules,,Boehringer Ingelheim,,,2026-09-09T22:49:42+00:00,clinicaltrials_gov_api_v2
NCT02269189,"Safety, Tolerability and Pharmacokinetics of BIIL 284 BS in Adult and Pediatric Cystic Fibrosis (CF) Patients",COMPLETED,INDUSTRY,Boehringer Ingelheim,PHASE1,phase_1,False,,cf,other,no_keyword_match,,supportive,0,0,0,auto_suggested,rules,,Boehringer Ingelheim,,,2026-09-09T22:49:42+00:00,clinicaltrials_gov_api_v2
NCT02273661,Evaluation of a Therapeutic Strategy Including Nebulised Liposomal Amphotericin B (Ambisome®) in Maintenance Treatment of Allergic Bronchopulmonary Aspergillosis (Cystic Fibrosis Excluded).,COMPLETED,OTHER,Poitiers University Hospital,PHASE2,phase_2,False,,cf,antifungal,antifungal,N4,therapeutic,0,0,0,auto_suggested,rules,,Poitiers University Hospital,,,2026-09-09T22:49:42+00:00,clinicaltrials_gov_api_v2
NCT02275936,Study of N91115 in Patients With Cystic Fibrosis Homozygous F508del-CFTR Mutation,COMPLETED,INDUSTRY,"Nivalis Therapeutics, Inc.",PHASE1,phase_1,False,,cf,cftr_modulator,modulator,N2,therapeutic,0,0,0,auto_suggested,rules,,"Nivalis Therapeutics, Inc.",,,2026-09-09T22:49:42+00:00,clinicaltrials_gov_api_v2
NCT02276898,A Randomized-Controlled Trial of Inhaled Hypertonic Saline (7%) to Evaluate the Lung Clearance Index,COMPLETED,OTHER,The Hospital for Sick Children,PHASE2,phase_2,False,,cf,mucociliary_clearance,mucociliary,N3,therapeutic,0,0,0,auto_suggested,rules,,The Hospital for Sick Children,,,2026-09-09T22:49:42+00:00,clinicaltrials_gov_api_v2
NCT02277626,Electro Flo 5000 and Vest Therapy,COMPLETED,OTHER,Stanford University,PHASE4,approved,False,,cf,mucociliary_clearance,mucociliary,N3,supportive,0,0,0,auto_suggested,rules,,Stanford University,,,2026-09-09T22:49:42+00:00,clinicaltrials_gov_api_v2
NCT02277860,Gaming Console Home-Based Exercise for Adults With Cystic Fibrosis,COMPLETED,OTHER,University of Alabama at Birmingham,NA,not_applicable,False,,cf,care_delivery,care_delivery,N8,supportive,0,0,0,auto_suggested,rules,,University of Alabama at Birmingham,,,2026-09-09T22:49:42+00:00,clinicaltrials_gov_api_v2
NCT02279498,SOLUTION: Study of Oral Liprotamase Unit-Matched Therapy Of Non-Porcine Origin in Patients With Cystic Fibrosis,COMPLETED,INDUSTRY,Anthera Pharmaceuticals,PHASE3,phase_3,False,,cf,gi_nutrition,gi,N6,therapeutic,0,0,0,auto_suggested,rules,,Anthera Pharmaceuticals,,,2026-09-09T22:49:42+00:00,clinicaltrials_gov_api_v2
NCT02286050,Effect of a Nursing Program for Patients With Cystic Fibrosis on Disease Management,COMPLETED,OTHER,University of Zurich,NA,not_applicable,False,,cf,other,no_keyword_match,,supportive,0,0,0,auto_suggested,rules,,University of Zurich,,,2026-09-09T22:49:42+00:00,clinicaltrials_gov_api_v2
NCT02295566,"RATNO, Reducing Antibiotic Tolerance Using Nitric Oxide in CF - a Phase 2 Pilot Study",COMPLETED,OTHER,University Hospital Southampton NHS Foundation Trust,PHASE2,phase_2,False,,cf,antimicrobial,antimicrobial,N4,therapeutic,0,0,0,auto_suggested,rules,,University Hospital Southampton NHS Foundation Trust,,,2026-09-09T22:49:42+00:00,clinicaltrials_gov_api_v2
NCT02301377,Exploring Novel Interventions to Improve Adherence in Children With Cystic Fibrosis,COMPLETED,OTHER,University of Michigan,NA,not_applicable,False,,cf,other,no_keyword_match,,diagnostic,0,0,0,auto_suggested,rules,,University of Michigan,,,2026-09-09T22:49:42+00:00,clinicaltrials_gov_api_v2
NCT02303808,Positive Expiratory Pressure During Inhalation of Hypertonic Saline in Patients With Cystic Fibrosis,COMPLETED,OTHER,Universidad San Jorge,NA,not_applicable,False,,cf,mucociliary_clearance,mucociliary,N3,supportive,0,0,0,auto_suggested,rules,,Universidad San Jorge,,,2026-09-09T22:49:42+00:00,clinicaltrials_gov_api_v2
NCT02310789,(Study: Vertex IIS) Does Ivacaftor Alter Wild Type CFTR-Open Probability In The Sweat Gland Secretory Coil?,COMPLETED,OTHER,Richard Barry Moss,NA,not_applicable,False,,cf,cftr_modulator,modulator,N2,therapeutic,0,0,0,auto_suggested,rules,,Richard Barry Moss,,,2026-09-09T22:49:42+00:00,clinicaltrials_gov_api_v2
NCT02323100,Glycerol Phenylbutyrate Corrector Therapy For CF (Cystic Fibrosis),TERMINATED,OTHER,National Jewish Health,PHASE1;PHASE2,phase_1,False,,cf,gi_nutrition,gi,N6,therapeutic,0,0,0,auto_suggested,rules,,National Jewish Health,,,2026-09-09T22:49:42+00:00,clinicaltrials_gov_api_v2
NCT02324855,Long-term Airway Clearance Therapy in Non-cystic Fibrosis Bronchiectasis,COMPLETED,OTHER,Universidad San Jorge,NA,not_applicable,False,non-cystic fibrosis bronchiectasis,ncfb,mucociliary_clearance,mucociliary,,not_cf_primary,0,0,0,auto_suggested,rules,,Universidad San Jorge,,,2026-09-09T22:49:42+00:00,clinicaltrials_gov_api_v2
NCT02324868,Impact of Availability of Showerpatch for Patients With Intravenous Catheters,TERMINATED,OTHER,Universitaire Ziekenhuizen KU Leuven,NA,not_applicable,False,,cf,other,no_keyword_match,,diagnostic,0,0,0,auto_suggested,rules,,Universitaire Ziekenhuizen KU Leuven,,,2026-09-09T22:49:42+00:00,clinicaltrials_gov_api_v2
NCT02325362,Effect of Miglustat on the Nasal Potential Difference in Patients With Cystic Fibrosis Homozygous for the F508del Mutation,COMPLETED,OTHER,Assistance Publique - Hôpitaux de Paris,PHASE2;PHASE3,phase_2,False,,cf,other,no_keyword_match,,supportive,0,0,0,auto_suggested,rules,,Assistance Publique - Hôpitaux de Paris,,,2026-09-09T22:49:42+00:00,clinicaltrials_gov_api_v2
NCT02334553,"Single Dose Study to Evaluate the Safety, and Efficacy of S-1226 (8%) in Subjects With Mild Atopic Asthma",COMPLETED,INDUSTRY,SolAeroMed Inc.,PHASE2,phase_2,False,,cf,other,no_keyword_match,,supportive,0,0,0,auto_suggested,rules,,SolAeroMed Inc.,,,2026-09-09T22:49:42+00:00,clinicaltrials_gov_api_v2
NCT02342951,Evaluation of the Lung Clearance Index,COMPLETED,OTHER,Assistance Publique - Hôpitaux de Paris,NA,not_applicable,False,,cf,other,no_keyword_match,,supportive,0,0,0,auto_suggested,rules,,Assistance Publique - Hôpitaux de Paris,,,2026-09-09T22:49:42+00:00,clinicaltrials_gov_api_v2
NCT02342964,Comparison of Non-invasive Measurement Methods of Hepatic Fibrosis in Cystic Fibrosis,COMPLETED,OTHER,Assistance Publique - Hôpitaux de Paris,NA,not_applicable,False,,cf,other,no_keyword_match,,supportive,0,0,0,auto_suggested,rules,,Assistance Publique - Hôpitaux de Paris,,,2026-09-09T22:49:42+00:00,clinicaltrials_gov_api_v2
NCT02343445,Clearing Lungs With Epithelial Sodium Channel (ENaC) Inhibition in Cystic Fibrosis (CF),COMPLETED,INDUSTRY,Parion Sciences,PHASE2,phase_2,False,,cf,mucociliary_clearance,mucociliary,N3,therapeutic,0,0,0,auto_suggested,rules,,Parion Sciences,,,2026-09-09T22:49:42+00:00,clinicaltrials_gov_api_v2
NCT02347657,"A Randomized, Double-Blind, Placebo-Controlled, Parallel-Group Study to Evaluate the Efficacy and Safety of VX-661 in Combination With Ivacaftor",COMPLETED,INDUSTRY,Vertex Pharmaceuticals Incorporated,PHASE3,phase_3,False,,cf,cftr_modulator,modulator,N2,therapeutic,0,0,0,auto_suggested,rules,,Vertex Pharmaceuticals Incorporated,,,2026-09-09T22:49:42+00:00,clinicaltrials_gov_api_v2
NCT02354859,A Phase 2 IV Gallium Study for Patients With Cystic Fibrosis (IGNITE Study),COMPLETED,OTHER,University of Washington,PHASE2,phase_2,False,,cf,antimicrobial,gallium_ntm,N4,therapeutic,0,0,0,auto_suggested,rules,,University of Washington,,,2026-09-09T22:49:42+00:00,clinicaltrials_gov_api_v2
NCT02358798,Respiratory Function at Preschool Age of Children Detected of Cystic Fibrosis in Neonatal Period,COMPLETED,OTHER,"University Hospital, Montpellier",NA,not_applicable,False,,cf,other,no_keyword_match,,supportive,0,0,0,auto_suggested,rules,,"University Hospital, Montpellier",,,2026-09-09T22:49:42+00:00,clinicaltrials_gov_api_v2
NCT02359357,FTIH - Single and Repeat Oral Doses of FDL169 in Healthy Volunteers,COMPLETED,OTHER,Flatley Discovery Lab LLC,PHASE1,phase_1,False,,cf,other,no_keyword_match,,supportive,0,0,0,auto_suggested,rules,,Flatley Discovery Lab LLC,,,2026-09-09T22:49:42+00:00,clinicaltrials_gov_api_v2
NCT02372383,Improving Treatment of Nontuberculous Mycobacterial Infection in Cystic Fibrosis,COMPLETED,OTHER,"University of Colorado, Denver",NA,not_applicable,False,,cf,gi_nutrition,gi,N6,therapeutic,0,0,0,auto_suggested,rules,,"University of Colorado, Denver",,,2026-09-09T22:49:42+00:00,clinicaltrials_gov_api_v2
NCT02378467,Saline Hypertonic in Preschoolers,COMPLETED,OTHER,"University of Washington, the Collaborative Health Studies Coordinating Center",NA,not_applicable,False,,cf,mucociliary_clearance,mucociliary,N3,therapeutic,0,0,0,auto_suggested,rules,,"University of Washington, the Collaborative Health Studies Coordinating Center",,,2026-09-09T22:49:42+00:00,clinicaltrials_gov_api_v2
NCT02390219,Study to Evaluate Lumacaftor and Ivacaftor Combination Therapy in Subjects 12 Years and Older With Advanced Lung Disease,COMPLETED,INDUSTRY,Vertex Pharmaceuticals Incorporated,PHASE3,phase_3,False,,cf,cftr_modulator,modulator,N2,therapeutic,0,0,0,auto_suggested,rules,,Vertex Pharmaceuticals Incorporated,,,2026-09-09T22:49:42+00:00,clinicaltrials_gov_api_v2
NCT02392234,"A Phase 3 Study to Evaluate the Efficacy and Safety of Ivacaftor and VX-661 in Combination With Ivacaftor in Subjects Aged 12 Years and Older With Cystic Fibrosis, Heterozygous for the F508del-cystic Fibrosis Transmembrane Conductance Regulator (CFTR) Mutation",COMPLETED,INDUSTRY,Vertex Pharmaceuticals Incorporated,PHASE3,phase_3,False,,cf,cftr_modulator,modulator,N2,therapeutic,0,0,0,auto_suggested,rules,,Vertex Pharmaceuticals Incorporated,,,2026-09-09T22:49:42+00:00,clinicaltrials_gov_api_v2
NCT02392663,Sputum Clearance Effects of Hypertonic Saline in Non-cystic Fibrosis Bronchiectasis,COMPLETED,OTHER,Hospital Clinic of Barcelona,NA,not_applicable,False,non-cystic fibrosis bronchiectasis,ncfb,mucociliary_clearance,mucociliary,,not_cf_primary,0,0,0,auto_suggested,rules,,Hospital Clinic of Barcelona,,,2026-09-09T22:49:42+00:00,clinicaltrials_gov_api_v2
NCT02398383,Role of Glucagon In Glucose Control in Cystic Fibrosis Related Diabetes,COMPLETED,OTHER,Yale University,EARLY_PHASE1,phase_1,False,,cf,metabolic_cfrd,cfrd,N5,supportive,0,0,0,auto_suggested,rules,,Yale University,,,2026-09-09T22:49:42+00:00,clinicaltrials_gov_api_v2
NCT02399241,Using Remote Telemonitoring to Detect Early Decline in Lung Function & Streamline Clinics in Adults With Cystic Fibrosis,COMPLETED,OTHER,Sheffield Teaching Hospitals NHS Foundation Trust,NA,not_applicable,False,,cf,other,no_keyword_match,,diagnostic,0,0,0,auto_suggested,rules,,Sheffield Teaching Hospitals NHS Foundation Trust,,,2026-09-09T22:49:42+00:00,clinicaltrials_gov_api_v2
NCT02411981,Effects of Chest Physiotherapy (CPT) on Lung Clearance Index (LCI) in Non Cystic Fibrosis (CF) Bronchiectasis,COMPLETED,OTHER,Cliniques universitaires Saint-Luc- Université Catholique de Louvain,NA,not_applicable,False,non-cf bronchiectasis,ncfb,other,no_keyword_match,,not_cf_primary,0,0,0,auto_suggested,rules,,Cliniques universitaires Saint-Luc- Université Catholique de Louvain,,,2026-09-09T22:49:42+00:00,clinicaltrials_gov_api_v2
NCT02412111,"A Phase 3 Study of Tezacaftor (VX-661) in Combination With Ivacaftor (VX-770) in Subjects Aged 12 Years and Older With Cystic Fibrosis (CF), Who Have One F508del-CFTR Mutation and a Second Mutation That Has Been Demonstrated to be Clinically Responsive to Ivacaftor",COMPLETED,INDUSTRY,Vertex Pharmaceuticals Incorporated,PHASE3,phase_3,False,,cf,cftr_modulator,modulator,N2,therapeutic,0,0,0,auto_suggested,rules,,Vertex Pharmaceuticals Incorporated,,,2026-09-09T22:49:42+00:00,clinicaltrials_gov_api_v2
NCT02415959,Efficacy and Safety Study of Creon IR in Subjects With Pancreatic Exocrine Insufficiency Due to Cystic Fibrosis,COMPLETED,INDUSTRY,Abbott,PHASE2,phase_2,False,,cf,other,no_keyword_match,,supportive,0,0,0,auto_suggested,rules,,Abbott,,,2026-09-09T22:49:42+00:00,clinicaltrials_gov_api_v2
NCT02421120,Population Pharmacokinetics and Safety of Intravenous Ceftolozane/Tazobactam in Adult Cystic Fibrosis Patients,COMPLETED,OTHER,"Joseph L. Kuti, PharmD",PHASE4,approved,False,,cf,antimicrobial,antimicrobial,N4,therapeutic,0,0,0,auto_suggested,rules,,"Joseph L. Kuti, PharmD",,,2026-09-09T22:49:42+00:00,clinicaltrials_gov_api_v2
NCT02423447,Comparison of the Airway Clearance Efficacy of Electro Flo 5000 and the G5 Flimm-Fighter in Patients With CF,COMPLETED,OTHER,Stanford University,NA,not_applicable,False,,cf,mucociliary_clearance,mucociliary,N3,supportive,0,0,0,auto_suggested,rules,,Stanford University,,,2026-09-09T22:49:42+00:00,clinicaltrials_gov_api_v2
NCT02433132,Cystic Fibrosis Diagnosis by Analyzing Nasal Brushing,UNKNOWN,OTHER,Assistance Publique - Hôpitaux de Paris,NA,not_applicable,False,,cf,diagnostic,diagnostic,,diagnostic,0,0,0,auto_suggested,rules,,Assistance Publique - Hôpitaux de Paris,,,2026-09-09T22:49:42+00:00,clinicaltrials_gov_api_v2
NCT02443688,"EMPIRE CF: A Phase 2 Study to Evaluate the Efficacy, Safety, and Tolerability of CTX-4430 in Adult Cystic Fibrosis (CF) Patients",COMPLETED,OTHER,"Celtaxsys, Inc.",PHASE2,phase_2,False,,cf,other,no_keyword_match,,supportive,0,0,0,auto_suggested,rules,,"Celtaxsys, Inc.",,,2026-09-09T22:49:42+00:00,clinicaltrials_gov_api_v2
NCT02444234,Pharmacokinetics of Tedizolid Phosphate in Cystic Fibrosis,COMPLETED,OTHER,University of Southern California,PHASE4,approved,False,,cf,other,no_keyword_match,,supportive,0,0,0,auto_suggested,rules,,University of Southern California,,,2026-09-09T22:49:42+00:00,clinicaltrials_gov_api_v2
NCT02449785,Assessment of Cystic Fibrosis Lung Involvement With UTE Pulse Sequences,COMPLETED,OTHER,"University Hospital, Bordeaux",NA,not_applicable,False,,cf,diagnostic,diagnostic,,diagnostic,0,0,0,auto_suggested,rules,,"University Hospital, Bordeaux",,,2026-09-09T22:49:42+00:00,clinicaltrials_gov_api_v2
NCT02453789,A Study of OligoG in Cystic Fibrosis Subjects With Burkholderia Spp. Infection,COMPLETED,INDUSTRY,AlgiPharma AS,PHASE2,phase_2,False,,cf,antimicrobial,antimicrobial,N4,therapeutic,0,0,0,auto_suggested,rules,,AlgiPharma AS,,,2026-09-09T22:49:42+00:00,clinicaltrials_gov_api_v2
NCT02456103,Extension Study of Ataluren in Participants With Nonsense Mutation Cystic Fibrosis,TERMINATED,INDUSTRY,PTC Therapeutics,PHASE3,phase_3,False,,cf,nonsense_readthrough,nonsense,N1,therapeutic,0,0,0,auto_suggested,rules,,PTC Therapeutics,,,2026-09-09T22:49:42+00:00,clinicaltrials_gov_api_v2
NCT02465450,"Safety, Tolerability, Pharmacokinetics, and Efficacy of JBT-101 (Lenabasum) in Cystic Fibrosis",COMPLETED,INDUSTRY,Corbus Pharmaceuticals Inc.,PHASE2,phase_2,False,,cf,other,no_keyword_match,,supportive,0,0,0,auto_suggested,rules,,Corbus Pharmaceuticals Inc.,,,2026-09-09T22:49:42+00:00,clinicaltrials_gov_api_v2
NCT02468908,Inhaled Molgramostim (rhGM-CSF) in Healthy Adult Subjects,COMPLETED,INDUSTRY,Savara Inc.,PHASE1,phase_1,False,,cf,other,no_keyword_match,,supportive,0,0,0,auto_suggested,rules,,Savara Inc.,,,2026-09-09T22:49:42+00:00,clinicaltrials_gov_api_v2
NCT02489955,Antibiotic Nephrotoxicity in Adult Patients With Cystic Fibrosis,UNKNOWN,OTHER,The Leeds Teaching Hospitals NHS Trust,NA,not_applicable,False,,cf,antimicrobial,antimicrobial,N4,therapeutic,0,0,0,auto_suggested,rules,,The Leeds Teaching Hospitals NHS Trust,,,2026-09-09T22:49:42+00:00,clinicaltrials_gov_api_v2
NCT02496780,The Impact of Insulin Therapy on Protein Turnover in Pre-Diabetic Cystic Fibrosis Patients,TERMINATED,OTHER,University of Minnesota,PHASE2;PHASE3,phase_2,False,,cf,other,no_keyword_match,,supportive,0,0,0,auto_suggested,rules,,University of Minnesota,,,2026-09-09T22:49:42+00:00,clinicaltrials_gov_api_v2
NCT02498535,Efficacy and Safety of Inhaled Nitric Oxide (NO) in Cystic Fibrosis (CF) Patients,TERMINATED,INDUSTRY,"Novoteris, LLC",PHASE2,phase_2,False,,cf,antimicrobial,antimicrobial,N4,therapeutic,0,0,0,auto_suggested,rules,,"Novoteris, LLC",,,2026-09-09T22:49:42+00:00,clinicaltrials_gov_api_v2
NCT02501369,Investigating the Use of a Positive Parenting Programme to Improve Treatment Adherence in Cystic Fibrosis,COMPLETED,OTHER,Emma Wells,NA,not_applicable,False,,cf,other,no_keyword_match,,supportive,0,0,0,auto_suggested,rules,,Emma Wells,,,2026-09-09T22:49:42+00:00,clinicaltrials_gov_api_v2
NCT02504827,Steady-state Pharmacokinetics of Ceftazidime/Avibactam in Cystic Fibrosis,COMPLETED,OTHER,University of Southern California,PHASE4,approved,False,,cf,other,no_keyword_match,,supportive,0,0,0,auto_suggested,rules,,University of Southern California,,,2026-09-09T22:49:42+00:00,clinicaltrials_gov_api_v2
NCT02507843,Vitamin D as an Adjunctive Treatment in Patients With Non-Cystic Fibrosis Bronchiectasis,UNKNOWN,OTHER,"Shanghai Pulmonary Hospital, Shanghai, China",PHASE4,approved,False,non-cystic fibrosis bronchiectasis,ncfb,other,no_keyword_match,,not_cf_primary,0,0,0,auto_suggested,rules,,"Shanghai Pulmonary Hospital, Shanghai, China",,,2026-09-09T22:49:42+00:00,clinicaltrials_gov_api_v2
NCT02508207,"A Phase 2 Study to Evaluate Effects of VX-661/Ivacaftor on Lung and Extrapulmonary Systems in Subjects With Cystic Fibrosis, Homozygous for the F508del-CFTR Mutation",COMPLETED,INDUSTRY,Vertex Pharmaceuticals Incorporated,PHASE2,phase_2,False,,cf,cftr_modulator,modulator,N2,therapeutic,0,0,0,auto_suggested,rules,,Vertex Pharmaceuticals Incorporated,,,2026-09-09T22:49:42+00:00,clinicaltrials_gov_api_v2
NCT02514473,"A Study to Evaluate the Efficacy and Safety of Lumacaftor in Combination With Ivacaftor in Subjects With CF, Homozygous for the F508del-CFTR Mutation",COMPLETED,INDUSTRY,Vertex Pharmaceuticals Incorporated,PHASE3,phase_3,False,,cf,cftr_modulator,modulator,N2,therapeutic,0,0,0,auto_suggested,rules,,Vertex Pharmaceuticals Incorporated,,,2026-09-09T22:49:42+00:00,clinicaltrials_gov_api_v2
NCT02516410,"A Study to Evaluate the Efficacy and Safety of VX-661 in Combination With Ivacaftor in Subjects Aged 12 Years and Older With Cystic Fibrosis, Heterozygous for the F508del-CFTR Mutation",COMPLETED,INDUSTRY,Vertex Pharmaceuticals Incorporated,PHASE3,phase_3,False,,cf,cftr_modulator,modulator,N2,therapeutic,0,0,0,auto_suggested,rules,,Vertex Pharmaceuticals Incorporated,,,2026-09-09T22:49:42+00:00,clinicaltrials_gov_api_v2
NCT02518672,Pro-resolving Effect of MAG-DHA in Cystic Fibrosis (PREMDIC),TERMINATED,INDUSTRY,SCF Pharma,PHASE2,phase_2,False,,cf,other,no_keyword_match,,supportive,0,0,0,auto_suggested,rules,,SCF Pharma,,,2026-09-09T22:49:42+00:00,clinicaltrials_gov_api_v2
NCT02526004,Cystic Fibrosis Microbiome-determined Antibiotic Therapy Trial in Exacerbations: Results Stratified,COMPLETED,OTHER,University College Cork,NA,not_applicable,False,,cf,antimicrobial,antimicrobial,N4,therapeutic,0,0,0,auto_suggested,rules,,University College Cork,,,2026-09-09T22:49:42+00:00,clinicaltrials_gov_api_v2
NCT02531984,The Efficacy of Azithromycin in Treating Children With Non Cystic Fibrosis Bronchiectasis,UNKNOWN,OTHER,Assistance Publique Hopitaux De Marseille,PHASE3,phase_3,False,non-cystic fibrosis bronchiectasis,ncfb,antimicrobial,antimicrobial,,not_cf_primary,0,0,0,auto_suggested,rules,,Assistance Publique Hopitaux De Marseille,,,2026-09-09T22:49:42+00:00,clinicaltrials_gov_api_v2
NCT02532764,Dose Escalation Study of QR-010 in Homozygous ΔF508 Cystic Fibrosis Patients,COMPLETED,INDUSTRY,ProQR Therapeutics,PHASE1;PHASE2,phase_1,False,,cf,aso_oligonucleotide,aso,N1,therapeutic,0,0,0,auto_suggested,rules,,ProQR Therapeutics,,,2026-09-09T22:49:42+00:00,clinicaltrials_gov_api_v2
NCT02535130,Evaluation of Nebulization and Positive Expiratory Pressure Combination,UNKNOWN,OTHER,Cliniques universitaires Saint-Luc- Université Catholique de Louvain,NA,not_applicable,False,,cf,other,no_keyword_match,,supportive,0,0,0,auto_suggested,rules,,Cliniques universitaires Saint-Luc- Université Catholique de Louvain,,,2026-09-09T22:49:42+00:00,clinicaltrials_gov_api_v2
NCT02538575,6 Minute Walk Test in Cystic Fibrosis,COMPLETED,OTHER,Assistance Publique - Hôpitaux de Paris,NA,not_applicable,False,,cf,other,no_keyword_match,,supportive,0,0,0,auto_suggested,rules,,Assistance Publique - Hôpitaux de Paris,,,2026-09-09T22:49:42+00:00,clinicaltrials_gov_api_v2
NCT02538588,Comparison of Amikacin Lung Delivery With Two Nebulizers,UNKNOWN,OTHER,Cliniques universitaires Saint-Luc- Université Catholique de Louvain,NA,not_applicable,False,,cf,antimicrobial,antimicrobial,N4,diagnostic,0,0,0,auto_suggested,rules,,Cliniques universitaires Saint-Luc- Université Catholique de Louvain,,,2026-09-09T22:49:42+00:00,clinicaltrials_gov_api_v2
NCT02544451,Rollover Study to Evaluate the Safety and Efficacy of Long-term Treatment With Lumacaftor in Combination With Ivacaftor,COMPLETED,INDUSTRY,Vertex Pharmaceuticals Incorporated,PHASE3,phase_3,False,,cf,cftr_modulator,modulator,N2,therapeutic,0,0,0,auto_suggested,rules,,Vertex Pharmaceuticals Incorporated,,,2026-09-09T22:49:42+00:00,clinicaltrials_gov_api_v2
NCT02547116,Epidemiology and Treatment of Small-colony Variant Staphylococcus Aureus in Cystic Fibrosis,WITHDRAWN,OTHER,Johns Hopkins University,PHASE4,approved,False,,cf,antimicrobial,antimicrobial,N4,therapeutic,0,0,0,auto_suggested,rules,,Johns Hopkins University,,,2026-09-09T22:49:42+00:00,clinicaltrials_gov_api_v2
NCT02550041,Analysis T Cells Response for Identification of Aspergillus Bronchitis With Cystic Fibrosis Patients,TERMINATED,OTHER,"University Hospital, Montpellier",NA,not_applicable,False,,cf,antifungal,antifungal,N4,supportive,0,0,0,auto_suggested,rules,,"University Hospital, Montpellier",,,2026-09-09T22:49:42+00:00,clinicaltrials_gov_api_v2
NCT02552043,Video Game Exercise Effectiveness of a Domiciliary Pulmonary Rehabilitation Program in Cystic Fibrosis Patients,COMPLETED,OTHER,Universidad Autonoma de Madrid,NA,not_applicable,False,,cf,care_delivery,care_delivery,N8,supportive,0,0,0,auto_suggested,rules,,Universidad Autonoma de Madrid,,,2026-09-09T22:49:42+00:00,clinicaltrials_gov_api_v2
NCT02563197,Inhalation Flow Rate-study,COMPLETED,INDUSTRY,Bayer,PHASE1,phase_1,False,non-cf bronchiectasis,ncfb,other,no_keyword_match,,not_cf_primary,0,0,0,auto_suggested,rules,,Bayer,,,2026-09-09T22:49:42+00:00,clinicaltrials_gov_api_v2
NCT02564354,Exploratory Study to Evaluate QR-010 in Subjects With Cystic Fibrosis ΔF508 CFTR Mutation,COMPLETED,INDUSTRY,ProQR Therapeutics,PHASE1,phase_1,False,,cf,aso_oligonucleotide,aso,N1,therapeutic,0,0,0,auto_suggested,rules,,ProQR Therapeutics,,,2026-09-09T22:49:42+00:00,clinicaltrials_gov_api_v2
NCT02565914,A Study to Evaluate the Safety and Efficacy of Long Term Treatment With VX-661 in Combination With Ivacaftor in Participants With Cystic Fibrosis Who Have an F508del-CFTR Mutation,COMPLETED,INDUSTRY,Vertex Pharmaceuticals Incorporated,PHASE3,phase_3,False,,cf,cftr_modulator,modulator,N2,therapeutic,0,0,0,auto_suggested,rules,,Vertex Pharmaceuticals Incorporated,,,2026-09-09T22:49:42+00:00,clinicaltrials_gov_api_v2
NCT02566044,"Safety, Pharmacokinetics and Pharmacodynamics Study of Inhaled QBW276 in Patients With Cystic Fibrosis",COMPLETED,INDUSTRY,Novartis Pharmaceuticals,PHASE1;PHASE2,phase_1,False,,cf,other,no_keyword_match,,supportive,0,0,0,auto_suggested,rules,,Novartis Pharmaceuticals,,,2026-09-09T22:49:42+00:00,clinicaltrials_gov_api_v2
NCT02589236,Study of Cavosonstat (N91115) in Patients With CF Homozygous for the F508del-CFTR Mutation,COMPLETED,INDUSTRY,"Nivalis Therapeutics, Inc.",PHASE2,phase_2,False,,cf,cftr_modulator,modulator,N2,therapeutic,0,0,0,auto_suggested,rules,,"Nivalis Therapeutics, Inc.",,,2026-09-09T22:49:42+00:00,clinicaltrials_gov_api_v2
NCT02589444,Vitamin D and Microbiota in Cystic Fibrosis,COMPLETED,OTHER,Emory University,NA,not_applicable,False,,cf,other,no_keyword_match,,supportive,0,0,0,auto_suggested,rules,,Emory University,,,2026-09-09T22:49:42+00:00,clinicaltrials_gov_api_v2
NCT02591524,Upper and Lower Airway Colonization in Cystic Fibrosis Patients After Lung Transplantation,UNKNOWN,OTHER,Hannover Medical School,NA,not_applicable,False,,cf,antimicrobial,antimicrobial,N4,supportive,0,0,0,auto_suggested,rules,,Hannover Medical School,,,2026-09-09T22:49:42+00:00,clinicaltrials_gov_api_v2
NCT02598128,"Safety, Tolerability and Fat Absorption Using Enteral Feeding In-line Enzyme Cartridge (Relizorb)",COMPLETED,INDUSTRY,"Alcresta Therapeutics, Inc.",NA,not_applicable,False,,cf,gi_nutrition,gi,N6,diagnostic,0,0,0,auto_suggested,rules,,"Alcresta Therapeutics, Inc.",,,2026-09-09T22:49:42+00:00,clinicaltrials_gov_api_v2
NCT02598999,Dose Escalation Study of ALX-009 in Healthy Men and Cystic Fibrosis (CF) and Non-CF Bronchiectasis Patients,TERMINATED,INDUSTRY,Alaxia SAS,PHASE1,phase_1,False,non-cf bronchiectasis,ncfb,other,no_keyword_match,,not_cf_primary,0,0,0,auto_suggested,rules,,Alaxia SAS,,,2026-09-09T22:49:42+00:00,clinicaltrials_gov_api_v2
NCT02600039,The Short-term Effect of ELTGOL on Pulmonary Ventilation Valued Through Electrical Impedance Tomography in Cystic Fibrosis Patients,UNKNOWN,OTHER,Universidade Federal de Pernambuco,NA,not_applicable,False,,cf,other,no_keyword_match,,diagnostic,0,0,0,auto_suggested,rules,,Universidade Federal de Pernambuco,,,2026-09-09T22:49:42+00:00,clinicaltrials_gov_api_v2
NCT02603666,Elastography of the Liver in Cystic Fibrosis Patients. Diagnostic and Prognostic Aspects,COMPLETED,OTHER,Karolinska University Hospital,NA,not_applicable,False,,cf,diagnostic,diagnostic,,diagnostic,0,0,0,auto_suggested,rules,,Karolinska University Hospital,,,2026-09-09T22:49:42+00:00,clinicaltrials_gov_api_v2
NCT02605538,Hepatitis B in Cystic Fibrosis and Latent Tuberculosis Respectively,WITHDRAWN,OTHER,Karolinska University Hospital,NA,not_applicable,False,,cf,other,no_keyword_match,,supportive,0,0,0,auto_suggested,rules,,Karolinska University Hospital,,,2026-09-09T22:49:42+00:00,clinicaltrials_gov_api_v2
NCT02605590,"Safety, Tolerability and Pharmacokinetics Study of AIR DNAse Administered by Inhalation to Healthy Adult Volunteers",COMPLETED,INDUSTRY,Protalix,PHASE1,phase_1,False,,cf,other,no_keyword_match,,supportive,0,0,0,auto_suggested,rules,,Protalix,,,2026-09-09T22:49:42+00:00,clinicaltrials_gov_api_v2
NCT02613884,"Safety, Efficacy, and Feasibility of High-dose Cholecalciferol in Pediatric Patients With Cystic Fibrosis",COMPLETED,OTHER,Johns Hopkins All Children's Hospital,PHASE2,phase_2,False,,cf,other,no_keyword_match,,supportive,0,0,0,auto_suggested,rules,,Johns Hopkins All Children's Hospital,,,2026-09-09T22:49:42+00:00,clinicaltrials_gov_api_v2
NCT02614300,The Role of Pulmonary Rehabilitation and Airways Clearance Techniques in the Multidisciplinary Management of Non CF Bronchiectasis,UNKNOWN,OTHER,Hospital Clinic of Barcelona,NA,not_applicable,False,non-cystic fibrosis bronchiectasis,ncfb,care_delivery,care_delivery,,not_cf_primary,0,0,0,auto_suggested,rules,,Hospital Clinic of Barcelona,,,2026-09-09T22:49:42+00:00,clinicaltrials_gov_api_v2
NCT02625246,Safety and Potential Efficacy of Human Mesenchymal Stem Cells in Non-Cystic Fibrosis Bronchiectasis,COMPLETED,OTHER,Marilyn Glassberg,PHASE1,phase_1,False,non-cystic fibrosis bronchiectasis,ncfb,other,no_keyword_match,,not_cf_primary,0,0,0,auto_suggested,rules,,Marilyn Glassberg,,,2026-09-09T22:49:42+00:00,clinicaltrials_gov_api_v2
NCT02626182,Evaluation and Treatment of Pulmonary Vascular Disease in Moderate to Severe CF,COMPLETED,OTHER,National Jewish Health,PHASE1;PHASE2,phase_1,False,,cf,care_delivery,care_delivery,N8,supportive,0,0,0,auto_suggested,rules,,National Jewish Health,,,2026-09-09T22:49:42+00:00,clinicaltrials_gov_api_v2
NCT02641769,Intra-Testicular Transplantation of Autologous Stem Cells for Treatment of Non-Obstructive Azoospermia Male Infertility.,RECRUITING,OTHER,Stem Cells Arabia,PHASE1;PHASE2,phase_1,True,,cf,other,no_keyword_match,N7,supportive,0,0,0,reviewed,trial_review_overrides,Intra-testicular stem cells for azoospermia,Stem Cells Arabia,,Fertility research in men who may have CF. Not a CF therapeutic map asset.,2026-09-09T22:49:42+00:00,clinicaltrials_gov_api_v2
NCT02646995,Lipid Formulation to Increase the Bioavailability of Fatty Acids in Cystic Fibrosis (CF) Patients,COMPLETED,INDUSTRY,Société des Produits Nestlé (SPN),NA,not_applicable,False,,cf,other,no_keyword_match,,supportive,0,0,0,auto_suggested,rules,,Société des Produits Nestlé (SPN),,,2026-09-09T22:49:42+00:00,clinicaltrials_gov_api_v2
NCT02649751,"Evaluation of (R)-Roscovitine Safety and Effects in Subjects With Cystic Fibrosis, Homozygous for the F508del-CFTR Mutation",TERMINATED,OTHER,"University Hospital, Brest",PHASE2,phase_2,False,,cf,other,no_keyword_match,,supportive,0,0,0,auto_suggested,rules,,"University Hospital, Brest",,,2026-09-09T22:49:42+00:00,clinicaltrials_gov_api_v2
NCT02653027,Effect of Lumacaftor-ivacaftor on Glucose Handling and Tolerance in Cystic Fibrosis Phe508del,WITHDRAWN,OTHER,Massachusetts General Hospital,NA,not_applicable,False,,cf,cftr_modulator,modulator,N2,therapeutic,0,0,0,auto_suggested,rules,,Massachusetts General Hospital,,,2026-09-09T22:49:42+00:00,clinicaltrials_gov_api_v2
NCT02657473,Inhaled Nebulized Tobramycin in Non-cystic Fibrosis Bronchiectasis,COMPLETED,OTHER,Medical Center Alkmaar,PHASE2;PHASE3,phase_2,False,non-cystic fibrosis bronchiectasis,ncfb,antimicrobial,antimicrobial,,not_cf_primary,0,0,0,auto_suggested,rules,,Medical Center Alkmaar,,,2026-09-09T22:49:42+00:00,clinicaltrials_gov_api_v2
NCT02661438,Summative Usability Study of Ciprofloxacin Dry Powder for Inhalation Using Placebo,COMPLETED,INDUSTRY,Bayer,NA,not_applicable,False,non-cystic fibrosis bronchiectasis,ncfb,other,no_keyword_match,,not_cf_primary,0,0,0,auto_suggested,rules,,Bayer,,,2026-09-09T22:49:42+00:00,clinicaltrials_gov_api_v2
NCT02668575,Integrating Supportive Care in Cystic Fibrosis,COMPLETED,OTHER,University of Pittsburgh,NA,not_applicable,False,,cf,other,no_keyword_match,,supportive,0,0,0,auto_suggested,rules,,University of Pittsburgh,,,2026-09-09T22:49:42+00:00,clinicaltrials_gov_api_v2
NCT02677701,Testing the Effect of Adding Chronic Oral Azithromycin to Inhaled Tobramycin in People With Cystic Fibrosis (CF),COMPLETED,OTHER,Seattle Children's Hospital,PHASE4,approved,False,,cf,antimicrobial,antimicrobial,N4,therapeutic,0,0,0,auto_suggested,rules,,Seattle Children's Hospital,,,2026-09-09T22:49:42+00:00,clinicaltrials_gov_api_v2
NCT02679729,"To Assess the Safety, Tolerability and Pharmacokinetics of AZD5634 Following Inhaled and Intravenous (IV)Dose Administration",COMPLETED,INDUSTRY,AstraZeneca,PHASE1,phase_1,False,,cf,other,no_keyword_match,,supportive,0,0,0,auto_suggested,rules,,AstraZeneca,,,2026-09-09T22:49:42+00:00,clinicaltrials_gov_api_v2
NCT02680418,Pharmacokinetics of FDL169 in Healthy Female Subjects,COMPLETED,OTHER,Flatley Discovery Lab LLC,PHASE1,phase_1,False,,cf,other,no_keyword_match,,supportive,0,0,0,auto_suggested,rules,,Flatley Discovery Lab LLC,,,2026-09-09T22:49:42+00:00,clinicaltrials_gov_api_v2
NCT02682290,Assessment of Rheological Parameters of Human Sputum.,COMPLETED,OTHER,"University Hospital, Grenoble",NA,not_applicable,False,,cf,other,no_keyword_match,,supportive,0,0,0,auto_suggested,rules,,"University Hospital, Grenoble",,,2026-09-09T22:49:42+00:00,clinicaltrials_gov_api_v2
NCT02684552,Non Invasive Ventilation During Physical Training in Cystic Fibrosis,COMPLETED,OTHER,Karolinska University Hospital,NA,not_applicable,False,,cf,other,no_keyword_match,,diagnostic,0,0,0,auto_suggested,rules,,Karolinska University Hospital,,,2026-09-09T22:49:42+00:00,clinicaltrials_gov_api_v2
NCT02690064,Mechanisms for Vascular Dysfunction and Exercise Tolerance in CF,ACTIVE_NOT_RECRUITING,OTHER,Augusta University,NA,not_applicable,True,,cf,care_delivery,care_delivery,N8,supportive,0,0,0,auto_suggested,rules,,Augusta University,,,2026-09-09T22:49:42+00:00,clinicaltrials_gov_api_v2
NCT02690519,Study of GLPG1837 in Subjects With Cystic Fibrosis (S1251N Mutation),COMPLETED,INDUSTRY,Lakefront Biotherapeutics NV,PHASE2,phase_2,False,,cf,diagnostic,diagnostic,,diagnostic,0,0,0,auto_suggested,rules,,Lakefront Biotherapeutics NV,,,2026-09-09T22:49:42+00:00,clinicaltrials_gov_api_v2
NCT02690857,Study of Docosahexanoic Acid in Patients With Cystic Fibrosis (CF),COMPLETED,OTHER,Hospices Civils de Lyon,PHASE2,phase_2,False,,cf,other,no_keyword_match,,supportive,0,0,0,auto_suggested,rules,,Hospices Civils de Lyon,,,2026-09-09T22:49:42+00:00,clinicaltrials_gov_api_v2
NCT02694393,Inhaled Sodium Nitrite as an Antimicrobial for Cystic Fibrosis,TERMINATED,INDIV,"Schmidhofer, Mark, MD",PHASE1;PHASE2,phase_1,False,,cf,antimicrobial,antimicrobial,N4,therapeutic,0,0,0,auto_suggested,rules,,"Schmidhofer, Mark, MD",,,2026-09-09T22:49:42+00:00,clinicaltrials_gov_api_v2
NCT02700243,Increase Tolerance for Exercise and Raise Activity Through Connectedness Trial,COMPLETED,OTHER,Boston Children's Hospital,NA,not_applicable,False,,cf,care_delivery,care_delivery,N8,supportive,0,0,0,auto_suggested,rules,,Boston Children's Hospital,,,2026-09-09T22:49:42+00:00,clinicaltrials_gov_api_v2
NCT02700282,Backpack Carrying in Children With Cystic Fibrosis,COMPLETED,OTHER,Groupe Hospitalier du Havre,PHASE4,approved,False,,cf,other,no_keyword_match,,supportive,0,0,0,auto_suggested,rules,,Groupe Hospitalier du Havre,,,2026-09-09T22:49:42+00:00,clinicaltrials_gov_api_v2
NCT02703155,The Use of Home Oral Glucose Tolerance Test Kit in Screening Cystic Fibrosis Related Diabetes,UNKNOWN,OTHER,Great Ormond Street Hospital for Children NHS Foundation Trust,NA,not_applicable,False,,cf,metabolic_cfrd,cfrd,N5,diagnostic,0,0,0,auto_suggested,rules,,Great Ormond Street Hospital for Children NHS Foundation Trust,,,2026-09-09T22:49:42+00:00,clinicaltrials_gov_api_v2
NCT02707562,Study of GLPG1837 in Subjects With Cystic Fibrosis (G551D Mutation),COMPLETED,INDUSTRY,Lakefront Biotherapeutics NV,PHASE2,phase_2,False,,cf,diagnostic,diagnostic,,diagnostic,0,0,0,auto_suggested,rules,,Lakefront Biotherapeutics NV,,,2026-09-09T22:49:42+00:00,clinicaltrials_gov_api_v2
NCT02709109,A Study to Evaluate the Safety and Efficacy of VX-371 in Subjects With Cystic Fibrosis Who Are Homozygous for the F508del-CFTR Mutation,COMPLETED,INDUSTRY,Parion Sciences,PHASE2,phase_2,False,,cf,cftr_modulator,modulator,N2,therapeutic,0,0,0,auto_suggested,rules,,Parion Sciences,,,2026-09-09T22:49:42+00:00,clinicaltrials_gov_api_v2
NCT02712983,"Dose-finding Study to Assess the Efficacy, Safety and Tolerability of Tobramycin Inhalation Powder in Patients With Non-Cystic Fibrosis Bronchiectasis and Pulmonary P. Aeruginosa Infection",COMPLETED,INDUSTRY,Novartis Pharmaceuticals,PHASE2,phase_2,False,non-cystic fibrosis bronchiectasis,ncfb,antimicrobial,antimicrobial,,not_cf_primary,0,0,0,auto_suggested,rules,,Novartis Pharmaceuticals,,,2026-09-09T22:49:42+00:00,clinicaltrials_gov_api_v2
NCT02715921,Impact of Telerehabilitation Training on Pediatric Cystic Fibrosis Patients: An Exploratory Study,COMPLETED,OTHER,MemorialCare Health System,NA,not_applicable,False,,cf,mucociliary_clearance,mucociliary,N3,supportive,0,0,0,auto_suggested,rules,,MemorialCare Health System,,,2026-09-09T22:49:42+00:00,clinicaltrials_gov_api_v2
NCT02717650,"The Alfred Step Test Exercise Protocol (A-STEP), for Adults With Cystic Fibrosis.",COMPLETED,OTHER,The Alfred,NA,not_applicable,False,,cf,care_delivery,care_delivery,N8,supportive,0,0,0,auto_suggested,rules,,The Alfred,,,2026-09-09T22:49:42+00:00,clinicaltrials_gov_api_v2
NCT02718495,"Study Assessing PTI-428 Safety, Tolerability, and Pharmacokinetics in Subjects With Cystic Fibrosis",COMPLETED,INDUSTRY,"Proteostasis Therapeutics, Inc.",PHASE1;PHASE2,phase_1,False,,cf,cftr_modulator,modulator,N2,therapeutic,0,0,0,auto_suggested,rules,,"Proteostasis Therapeutics, Inc.",,,2026-09-09T22:49:42+00:00,clinicaltrials_gov_api_v2
NCT02721498,Improving Outcome Measures For Adult CF ACT Trials,COMPLETED,OTHER,Royal Brompton & Harefield NHS Foundation Trust,NA,not_applicable,False,,cf,mucociliary_clearance,mucociliary,N3,supportive,0,0,0,auto_suggested,rules,,Royal Brompton & Harefield NHS Foundation Trust,,,2026-09-09T22:49:42+00:00,clinicaltrials_gov_api_v2
NCT02722122,"Study to Evaluate the Safety,Tolerability, Pharmacokinetics and Exploratory Efficacy Parameters of AIR DNase™in Patients With Cystic Fibrosis Previously Treated With Pulmozyme®",UNKNOWN,INDUSTRY,Protalix,PHASE2,phase_2,False,,cf,mucociliary_clearance,mucociliary,N3,therapeutic,0,0,0,auto_suggested,rules,,Protalix,,,2026-09-09T22:49:42+00:00,clinicaltrials_gov_api_v2
NCT02723968,Cystic Fibrosis Related Diabetes Screening.,COMPLETED,OTHER,Hospices Civils de Lyon,NA,not_applicable,False,,cf,metabolic_cfrd,cfrd,N5,supportive,0,0,0,auto_suggested,rules,,Hospices Civils de Lyon,,,2026-09-09T22:49:42+00:00,clinicaltrials_gov_api_v2
NCT02724527,Study of Cavosonstat (N91115) in CF Patients Who Are Heterozygous for F508del-CFTR and a Gating Mutation and Being Treated With Ivacaftor,UNKNOWN,INDUSTRY,"Nivalis Therapeutics, Inc.",PHASE2,phase_2,False,,cf,cftr_modulator,modulator,N2,therapeutic,0,0,0,auto_suggested,rules,,"Nivalis Therapeutics, Inc.",,,2026-09-09T22:49:42+00:00,clinicaltrials_gov_api_v2
NCT02725567,"A Study to Evaluate the Safety, Pharmacokinetics, and Pharmacodynamics of Ivacaftor in Subjects With Cystic Fibrosis Who Are Less Than 24 Months of Age and Have an Ivacaftor-Responsive CFTR Mutation",COMPLETED,INDUSTRY,Vertex Pharmaceuticals Incorporated,PHASE3,phase_3,False,,cf,cftr_modulator,modulator,N2,therapeutic,0,0,0,auto_suggested,rules,,Vertex Pharmaceuticals Incorporated,,,2026-09-09T22:49:42+00:00,clinicaltrials_gov_api_v2
NCT02730208,"A Study to Evaluate the Effect of VX-661 in Combination With Ivacaftor on Chest Imaging Endpoints in Subjects With Cystic Fibrosis, Homozygous for the F508del CFTR Mutation",COMPLETED,INDUSTRY,Vertex Pharmaceuticals Incorporated,PHASE2,phase_2,False,,cf,cftr_modulator,modulator,N2,therapeutic,0,0,0,auto_suggested,rules,,Vertex Pharmaceuticals Incorporated,,,2026-09-09T22:49:42+00:00,clinicaltrials_gov_api_v2
NCT02730793,Aztreonam Aerosol to Treat Cystic Fibrosis Nasal Disease,TERMINATED,OTHER,Virginia Commonwealth University,PHASE2,phase_2,False,,cf,antimicrobial,antimicrobial,N4,therapeutic,0,0,0,auto_suggested,rules,,Virginia Commonwealth University,,,2026-09-09T22:49:42+00:00,clinicaltrials_gov_api_v2
NCT02734810,SIMPLICITY: Studying Impacts on Malabsorption With Liprotamase in Cystic Fibrosis,COMPLETED,INDUSTRY,Anthera Pharmaceuticals,PHASE3,phase_3,False,,cf,gi_nutrition,gi,N6,therapeutic,0,0,0,auto_suggested,rules,,Anthera Pharmaceuticals,,,2026-09-09T22:49:42+00:00,clinicaltrials_gov_api_v2
NCT02740868,Xenon-129 and Inert Fluorinated Gas Lung MRI: Study of Healthy Volunteers and Participants With Pulmonary Disease,RECRUITING,OTHER,The Hospital for Sick Children,PHASE2,phase_2,True,,cf,diagnostic,diagnostic,,diagnostic,0,0,0,reviewed,trial_review_overrides,Xenon-129 lung MRI,The Hospital for Sick Children,,Imaging biomarker in mixed pulmonary disease including CF.,2026-09-09T22:49:42+00:00,clinicaltrials_gov_api_v2
NCT02742519,A Study to Evaluate Efficacy and Safety of Ivacaftor in Subjects With Cystic Fibrosis Aged 3 Through 5 Years Who Have a Specified CFTR Gating Mutation,TERMINATED,INDUSTRY,Vertex Pharmaceuticals Incorporated,PHASE3,phase_3,False,,cf,cftr_modulator,modulator,N2,therapeutic,0,0,0,auto_suggested,rules,,Vertex Pharmaceuticals Incorporated,,,2026-09-09T22:49:42+00:00,clinicaltrials_gov_api_v2
NCT02748798,Developing Optimal Parameters for Hyperpolarized Noble Gas and Inert Fluorinated Gas MRI of Lung Disorders,TERMINATED,OTHER,Thunder Bay Regional Health Research Institute,EARLY_PHASE1,phase_1,False,,cf,diagnostic,diagnostic,,diagnostic,0,0,0,auto_suggested,rules,,Thunder Bay Regional Health Research Institute,,,2026-09-09T22:49:42+00:00,clinicaltrials_gov_api_v2
NCT02750501,Absorption and Safety With Sustained Use of RELiZORB Evaluation (ASSURE) Study,COMPLETED,INDUSTRY,"Alcresta Therapeutics, Inc.",NA,not_applicable,False,,cf,gi_nutrition,gi,N6,diagnostic,0,0,0,auto_suggested,rules,,"Alcresta Therapeutics, Inc.",,,2026-09-09T22:49:42+00:00,clinicaltrials_gov_api_v2
NCT02750722,Exercise and Oscillatory Positive Expiratory Pressure Therapy in Cystic Fibrosis,COMPLETED,OTHER,University of Zurich,NA,not_applicable,False,,cf,care_delivery,care_delivery,N8,supportive,0,0,0,auto_suggested,rules,,University of Zurich,,,2026-09-09T22:49:42+00:00,clinicaltrials_gov_api_v2
NCT02759562,Effect of Andecaliximab on FEV1 in Adults With Cystic Fibrosis,TERMINATED,INDUSTRY,Gilead Sciences,PHASE2,phase_2,False,,cf,other,no_keyword_match,,supportive,0,0,0,auto_suggested,rules,,Gilead Sciences,,,2026-09-09T22:49:42+00:00,clinicaltrials_gov_api_v2
NCT02767297,Bioavailability and Pharmacokinetics Study of FDL169 in Healthy Subjects and Subjects With Cystic Fibrosis,COMPLETED,OTHER,Flatley Discovery Lab LLC,PHASE1;PHASE2,phase_1,False,,cf,other,no_keyword_match,,supportive,0,0,0,auto_suggested,rules,,Flatley Discovery Lab LLC,,,2026-09-09T22:49:42+00:00,clinicaltrials_gov_api_v2
NCT02781610,Standardized Treatment of Pulmonary Exacerbations II,COMPLETED,OTHER,Chris Goss,PHASE4,approved,False,,cf,antimicrobial,antimicrobial,N4,therapeutic,0,0,0,auto_suggested,rules,,Chris Goss,,,2026-09-09T22:49:42+00:00,clinicaltrials_gov_api_v2
NCT02782312,Salmeterol-Fluticasone Combined Inhaled Therapy for Non-cystic Fibrosis Bronchiectasis,COMPLETED,OTHER,"Shanghai Pulmonary Hospital, Shanghai, China",PHASE4,approved,False,non-cystic fibrosis bronchiectasis,ncfb,other,no_keyword_match,,not_cf_primary,0,0,0,auto_suggested,rules,,"Shanghai Pulmonary Hospital, Shanghai, China",,,2026-09-09T22:49:42+00:00,clinicaltrials_gov_api_v2
NCT02797132,"Safety and Pharmacokinetic Study of Lumacaftor/Ivacaftor in Subjects Aged 2 Through 5 Years With Cystic Fibrosis, Homozygous for F508del",COMPLETED,INDUSTRY,Vertex Pharmaceuticals Incorporated,PHASE3,phase_3,False,,cf,cftr_modulator,modulator,N2,therapeutic,0,0,0,auto_suggested,rules,,Vertex Pharmaceuticals Incorporated,,,2026-09-09T22:49:42+00:00,clinicaltrials_gov_api_v2
NCT02802839,Virtual Reality for the Reduction of Pain During Venipuncture in Children With CF,UNKNOWN,OTHER,University of Florence,NA,not_applicable,False,,cf,other,no_keyword_match,,diagnostic,0,0,0,auto_suggested,rules,,University of Florence,,,2026-09-09T22:49:42+00:00,clinicaltrials_gov_api_v2
NCT02810691,The Effect of Soluble Fiber to Reduce Post-prandial Glycemic Excursion in Adults With Cystic Fibrosis,COMPLETED,OTHER,Institut de Recherches Cliniques de Montreal,NA,not_applicable,False,,cf,metabolic_cfrd,cfrd,N5,supportive,0,0,0,auto_suggested,rules,,Institut de Recherches Cliniques de Montreal,,,2026-09-09T22:49:42+00:00,clinicaltrials_gov_api_v2
NCT02819856,SPI-1005 for Prevention and Treatment of Tobramycin Induced Ototoxicity,COMPLETED,INDUSTRY,"Sound Pharmaceuticals, Incorporated",PHASE2,phase_2,False,,cf,antimicrobial,antimicrobial,N4,therapeutic,0,0,0,auto_suggested,rules,,"Sound Pharmaceuticals, Incorporated",,,2026-09-09T22:49:42+00:00,clinicaltrials_gov_api_v2
NCT02823470,A Pilot Study to Evaluate the Use of Smart Adherence Technology to Measure Lumacaftor/Ivacaftor Adherence in CF Subjects Homozygous for the F508del CFTR Mutation,TERMINATED,INDUSTRY,Vertex Pharmaceuticals Incorporated,PHASE4,approved,False,,cf,cftr_modulator,modulator,N2,label_expansion,0,0,0,auto_suggested,rules,,Vertex Pharmaceuticals Incorporated,,,2026-09-09T22:49:42+00:00,clinicaltrials_gov_api_v2
NCT02823587,Pulmonary Rehabilitation in Non-Cystic Fibrosis Bronchiectasis,UNKNOWN,OTHER,University of Sao Paulo,NA,not_applicable,False,non-cystic fibrosis bronchiectasis,ncfb,other,no_keyword_match,,not_cf_primary,0,0,0,auto_suggested,rules,,University of Sao Paulo,,,2026-09-09T22:49:42+00:00,clinicaltrials_gov_api_v2
NCT02823964,EASY: Extended Access to Sollpura Over Years,COMPLETED,INDUSTRY,Anthera Pharmaceuticals,PHASE4,approved,False,,cf,gi_nutrition,gi,N6,therapeutic,0,0,0,auto_suggested,rules,,Anthera Pharmaceuticals,,,2026-09-09T22:49:42+00:00,clinicaltrials_gov_api_v2
NCT02840136,LC-MS/MS Based Method Development for the Monitoring of Antibiotic Concentrations in Sputum of Cystic Fibrosis Patients,TERMINATED,OTHER,University Ghent,NA,not_applicable,False,,cf,antimicrobial,antimicrobial,N4,therapeutic,0,0,0,auto_suggested,rules,,University Ghent,,,2026-09-09T22:49:42+00:00,clinicaltrials_gov_api_v2
NCT02847156,Impact of Respiratory Viral Infections in Infants With Cystic Fibrosis.,COMPLETED,OTHER,Hospices Civils de Lyon,NA,not_applicable,False,,cf,other,no_keyword_match,,supportive,0,0,0,auto_suggested,rules,,Hospices Civils de Lyon,,,2026-09-09T22:49:42+00:00,clinicaltrials_gov_api_v2
NCT02850692,Portal Hypertension and Systemic Endothelial Function,UNKNOWN,OTHER,Hopital Foch,NA,not_applicable,False,,cf,other,no_keyword_match,,supportive,0,0,0,auto_suggested,rules,,Hopital Foch,,,2026-09-09T22:49:42+00:00,clinicaltrials_gov_api_v2
NCT02858843,The Effect of Combination Lumacaftor and Ivacaftor on Markers of Hyperglycemia,TERMINATED,OTHER,Massachusetts General Hospital,NA,not_applicable,False,,cf,cftr_modulator,modulator,N2,therapeutic,0,0,0,auto_suggested,rules,,Massachusetts General Hospital,,,2026-09-09T22:49:42+00:00,clinicaltrials_gov_api_v2
NCT02866721,Safety and Tolerability Study of Allogeneic Mesenchymal Stem Cell Infusion in Adults With Cystic Fibrosis,COMPLETED,OTHER,University Hospitals Cleveland Medical Center,PHASE1,phase_1,False,,cf,other,no_keyword_match,,supportive,0,0,0,auto_suggested,rules,,University Hospitals Cleveland Medical Center,,,2026-09-09T22:49:42+00:00,clinicaltrials_gov_api_v2
NCT02869932,Prospective Study of the Phenotypic Expression of Cystic Fibrosis (CF) Screened Positive Newborns With an Atypical Form of CF (DPAM),COMPLETED,OTHER,Assistance Publique - Hôpitaux de Paris,NA,not_applicable,False,,cf,diagnostic,diagnostic,,diagnostic,0,0,0,auto_suggested,rules,,Assistance Publique - Hôpitaux de Paris,,,2026-09-09T22:49:42+00:00,clinicaltrials_gov_api_v2
NCT02875366,"A Study of the Effects of Lumacaftor/Ivacaftor (LUM/IVA) on Exercise Tolerance in Subjects With Cystic Fibrosis (CF), Homozygous for the F508del-CFTR Mutation",COMPLETED,INDUSTRY,Vertex Pharmaceuticals Incorporated,PHASE4,approved,False,,cf,cftr_modulator,modulator,N2,label_expansion,0,0,0,auto_suggested,rules,,Vertex Pharmaceuticals Incorporated,,,2026-09-09T22:49:42+00:00,clinicaltrials_gov_api_v2
NCT02883101,The Effects of Pulmonary Rehabilitation in Patients With Non-cystic Fibrosis Bronchiectasis,COMPLETED,OTHER,All India Institute of Medical Sciences,NA,not_applicable,False,non-cystic fibrosis bronchiectasis,ncfb,care_delivery,care_delivery,,not_cf_primary,0,0,0,auto_suggested,rules,,All India Institute of Medical Sciences,,,2026-09-09T22:49:42+00:00,clinicaltrials_gov_api_v2
NCT02883816,"Early Assessment of Respiratory Function, Inflammation and Bronchial Reshuffle Among Newborns Screened for Cystic Fibrosis",COMPLETED,OTHER,"University Hospital, Montpellier",NA,not_applicable,False,,cf,other,no_keyword_match,,supportive,0,0,0,auto_suggested,rules,,"University Hospital, Montpellier",,,2026-09-09T22:49:42+00:00,clinicaltrials_gov_api_v2
NCT02884622,DNA Methylation and Lung Disease in Cystic Fibrosis,COMPLETED,OTHER,"University Hospital, Montpellier",NA,not_applicable,False,,cf,other,no_keyword_match,,supportive,0,0,0,auto_suggested,rules,,"University Hospital, Montpellier",,,2026-09-09T22:49:42+00:00,clinicaltrials_gov_api_v2
NCT02888730,Tobramycin Delivered by Nebulized Sonic Aerosol for Chronic Rhinosinusitis Treatment of Cystic Fibrosis Patients,TERMINATED,OTHER,Virginie ESCABASSE,PHASE3,phase_3,False,,cf,antimicrobial,antimicrobial,N4,therapeutic,0,0,0,auto_suggested,rules,,Virginie ESCABASSE,,,2026-09-09T22:49:42+00:00,clinicaltrials_gov_api_v2
NCT02894684,Aztreonam for Inhalation Solution (AZLI) for the Treatment of Exacerbations of Cystic Fibrosis,COMPLETED,OTHER,Liverpool Heart and Chest Hospital NHS Foundation Trust,PHASE4,approved,False,,cf,antimicrobial,antimicrobial,N4,therapeutic,0,0,0,auto_suggested,rules,,Liverpool Heart and Chest Hospital NHS Foundation Trust,,,2026-09-09T22:49:42+00:00,clinicaltrials_gov_api_v2
NCT02906826,Adherence to Airway Clearance. Novel Approaches to Improving Adherence,UNKNOWN,OTHER,University of British Columbia,NA,not_applicable,False,,cf,mucociliary_clearance,mucociliary,N3,supportive,0,0,0,auto_suggested,rules,,University of British Columbia,,,2026-09-09T22:49:42+00:00,clinicaltrials_gov_api_v2
NCT02918409,IV Colistin for Pulmonary Exacerbations: Improving Safety and Efficacy,COMPLETED,OTHER,National Jewish Health,PHASE4,approved,False,,cf,antimicrobial,antimicrobial,N4,therapeutic,0,0,0,auto_suggested,rules,,National Jewish Health,,,2026-09-09T22:49:42+00:00,clinicaltrials_gov_api_v2
NCT02919995,A Study of RPL554 in Patients With Cystic Fibrosis,COMPLETED,INDUSTRY,"Verona Pharma, Inc., a subsidiary of Merck & Co., Inc. (Rahway, New Jersey USA",PHASE2,phase_2,False,,cf,other,no_keyword_match,,supportive,0,0,0,auto_suggested,rules,,"Verona Pharma, Inc., a subsidiary of Merck & Co., Inc. (Rahway, New Jersey USA",,,2026-09-09T22:49:42+00:00,clinicaltrials_gov_api_v2
NCT02929420,A Clinical Study on the Efficacy and Safety of the Treatment of Hyperplasia of Mammary Glands With Xiaoru Sanjie Capsule,UNKNOWN,OTHER,First Affiliated Hospital Xi'an Jiaotong University,PHASE4,approved,False,,cf,other,no_keyword_match,,supportive,0,0,0,auto_suggested,rules,,First Affiliated Hospital Xi'an Jiaotong University,,,2026-09-09T22:49:42+00:00,clinicaltrials_gov_api_v2
NCT02934139,"MAD Study Evaluating the Safety, Tolerability, and Pharmacokinetics of Cavosonstat (N91115) in Healthy Subjects (SNO-9)",COMPLETED,INDUSTRY,"Nivalis Therapeutics, Inc.",PHASE1,phase_1,False,,cf,other,no_keyword_match,,supportive,0,0,0,auto_suggested,rules,,"Nivalis Therapeutics, Inc.",,,2026-09-09T22:49:42+00:00,clinicaltrials_gov_api_v2
NCT02934698,An Efficacy and Safety Study of Ivacaftor in Patients With Cystic Fibrosis and Two Splicing Mutations,COMPLETED,OTHER,Medical University of South Carolina,PHASE3,phase_3,False,,cf,cftr_modulator,modulator,N2,therapeutic,0,0,0,auto_suggested,rules,,Medical University of South Carolina,,,2026-09-09T22:49:42+00:00,clinicaltrials_gov_api_v2
NCT02947126,Multilevel Models of Therapeutic Response in the Lungs,COMPLETED,OTHER,Tim Corcoran,PHASE1,phase_1,False,,cf,mucociliary_clearance,mucociliary,N3,therapeutic,0,0,0,auto_suggested,rules,,Tim Corcoran,,,2026-09-09T22:49:42+00:00,clinicaltrials_gov_api_v2
NCT02950116,Lung Clearance Index (LCI) in Pediatric Patients With Obstructive Lung Disease,TERMINATED,OTHER,Universitair Ziekenhuis Brussel,NA,not_applicable,False,,cf,mucociliary_clearance,mucociliary,N3,supportive,0,0,0,auto_suggested,rules,,Universitair Ziekenhuis Brussel,,,2026-09-09T22:49:42+00:00,clinicaltrials_gov_api_v2
NCT02950805,"A Study to Assess the Effect of AZD5634 on Mucociliary Clearance, Safety, Tolerability and Pharmacokinetic Parameters in Patients With Cystic Fibrosis",COMPLETED,INDUSTRY,AstraZeneca,PHASE1,phase_1,False,,cf,other,no_keyword_match,,supportive,0,0,0,auto_suggested,rules,,AstraZeneca,,,2026-09-09T22:49:42+00:00,clinicaltrials_gov_api_v2
NCT02950883,Saline Hypertonic in Preschoolers + CT,COMPLETED,OTHER,"University of Washington, the Collaborative Health Studies Coordinating Center",PHASE2;PHASE3,phase_2,False,,cf,mucociliary_clearance,mucociliary,N3,therapeutic,0,0,0,auto_suggested,rules,,"University of Washington, the Collaborative Health Studies Coordinating Center",,,2026-09-09T22:49:42+00:00,clinicaltrials_gov_api_v2
NCT02951182,A Study Evaluating the Safety and Efficacy of VX-440 Combination Therapy in Subjects With Cystic Fibrosis,COMPLETED,INDUSTRY,Vertex Pharmaceuticals Incorporated,PHASE2,phase_2,False,,cf,cftr_modulator,modulator,N2,therapeutic,0,0,0,auto_suggested,rules,,Vertex Pharmaceuticals Incorporated,,,2026-09-09T22:49:42+00:00,clinicaltrials_gov_api_v2
NCT02951195,A Study Evaluating the Safety of VX-152 Combination Therapy in Adults With Cystic Fibrosis,COMPLETED,INDUSTRY,Vertex Pharmaceuticals Incorporated,PHASE2,phase_2,False,,cf,cftr_modulator,modulator,N2,therapeutic,0,0,0,auto_suggested,rules,,Vertex Pharmaceuticals Incorporated,,,2026-09-09T22:49:42+00:00,clinicaltrials_gov_api_v2
NCT02953314,"A Study to Evaluate the Pharmacokinetics, Safety, and Tolerability of VX-661/Ivacaftor in Pediatric Subjects With Cystic Fibrosis (CF)",COMPLETED,INDUSTRY,Vertex Pharmaceuticals Incorporated,PHASE3,phase_3,False,,cf,cftr_modulator,modulator,N2,therapeutic,0,0,0,auto_suggested,rules,,Vertex Pharmaceuticals Incorporated,,,2026-09-09T22:49:42+00:00,clinicaltrials_gov_api_v2
NCT02955888,"Study of Safety, Tolerability & Efficacy in Cystic Fibrosis Patients With Abnormal Glucose Tolerance",TERMINATED,INDUSTRY,Liminal BioSciences Ltd.,PHASE2,phase_2,False,,cf,other,no_keyword_match,,supportive,0,0,0,auto_suggested,rules,,Liminal BioSciences Ltd.,,,2026-09-09T22:49:42+00:00,clinicaltrials_gov_api_v2
NCT02965326,Surrogate Markers of Response to New Therapies in Cystic Fibrosis Patients,RECRUITING,OTHER,Hôpital Necker-Enfants Malades,NA,not_applicable,True,,cf,other,no_keyword_match,,supportive,0,0,0,auto_suggested,rules,,Hôpital Necker-Enfants Malades,,,2026-09-09T22:49:42+00:00,clinicaltrials_gov_api_v2
NCT02971839,Study to Evaluate the Safety and Efficacy of CTP-656 in Patients With Cystic Fibrosis With CFTR Gating Mutations,TERMINATED,INDUSTRY,Vertex Pharmaceuticals Incorporated,PHASE2,phase_2,False,,cf,other,no_keyword_match,,supportive,0,0,0,auto_suggested,rules,,Vertex Pharmaceuticals Incorporated,,,2026-09-09T22:49:42+00:00,clinicaltrials_gov_api_v2
NCT02976519,BI 443651 Multiple Rising Dose in Healthy Volunteers Followed by a Cross-over in CF Subjects,COMPLETED,INDUSTRY,Boehringer Ingelheim,PHASE1,phase_1,False,,cf,other,no_keyword_match,,supportive,0,0,0,auto_suggested,rules,,Boehringer Ingelheim,,,2026-09-09T22:49:42+00:00,clinicaltrials_gov_api_v2
NCT02976714,Identification of Predictive Epigenetic Biomarkers of Lung Disease Severity in Cystic Fibrosis,COMPLETED,OTHER,"University Hospital, Montpellier",NA,not_applicable,False,,cf,other,no_keyword_match,,supportive,0,0,0,auto_suggested,rules,,"University Hospital, Montpellier",,,2026-09-09T22:49:42+00:00,clinicaltrials_gov_api_v2
NCT02992080,Small Circulating RNA as Molecular Markers of Lung Disease in Cystic Fibrosis,COMPLETED,OTHER,"University Hospital, Montpellier",NA,not_applicable,False,,cf,diagnostic,diagnostic,,diagnostic,0,0,0,auto_suggested,rules,,"University Hospital, Montpellier",,,2026-09-09T22:49:42+00:00,clinicaltrials_gov_api_v2
NCT02994017,Prognostic Value of Functional Exercise Test (EFX) in Cystic Fibrosis,COMPLETED,OTHER,"University Hospital, Lille",NA,not_applicable,False,,cf,diagnostic,diagnostic,,diagnostic,0,0,0,auto_suggested,rules,,"University Hospital, Lille",,,2026-09-09T22:49:42+00:00,clinicaltrials_gov_api_v2
NCT02994706,A Study of Home Monitoring in Adults With Cystic Fibrosis (HOMECF),COMPLETED,OTHER,Heart of England NHS Trust,NA,not_applicable,False,,cf,other,no_keyword_match,,supportive,0,0,0,auto_suggested,rules,,Heart of England NHS Trust,,,2026-09-09T22:49:42+00:00,clinicaltrials_gov_api_v2
NCT03000348,"A Study of the Dosing, Efficacy, and Safety of Oral Cysteamine in Adult Patients With Cystic Fibrosis Exacerbations",COMPLETED,INDUSTRY,NovaBiotics Ltd.,PHASE2,phase_2,False,,cf,other,no_keyword_match,,supportive,0,0,0,auto_suggested,rules,,NovaBiotics Ltd.,,,2026-09-09T22:49:42+00:00,clinicaltrials_gov_api_v2
NCT03020719,The Role of Oral Glutathione on Growth Parameters in Children With Cystic Fibrosis,COMPLETED,OTHER,University of Minnesota,PHASE2,phase_2,False,,cf,other,no_keyword_match,,supportive,0,0,0,auto_suggested,rules,,University of Minnesota,,,2026-09-09T22:49:42+00:00,clinicaltrials_gov_api_v2
NCT03029455,A Study to Evaluate Safety and Pharmacokinetics of VX-659 in Healthy Subjects and in Adults With Cystic Fibrosis,COMPLETED,INDUSTRY,Vertex Pharmaceuticals Incorporated,PHASE1,phase_1,False,,cf,cftr_modulator,modulator,N2,therapeutic,0,0,0,auto_suggested,rules,,Vertex Pharmaceuticals Incorporated,,,2026-09-09T22:49:42+00:00,clinicaltrials_gov_api_v2
NCT03045198,Effect of Azithromycin on Fatty Acids in CF,UNKNOWN,OTHER,University Childrens' Hospital (Zentrum für Kinderheilkunde des Universitätsklinikum Bonn),PHASE4,approved,False,,cf,antimicrobial,antimicrobial,N4,therapeutic,0,0,0,auto_suggested,rules,,University Childrens' Hospital (Zentrum für Kinderheilkunde des Universitätsklinikum Bonn),,,2026-09-09T22:49:42+00:00,clinicaltrials_gov_api_v2
NCT03045523,A Study to Evaluate GLPG2222 in Ivacaftor-treated Subjects With Cystic Fibrosis,COMPLETED,INDUSTRY,Lakefront Biotherapeutics NV,PHASE2,phase_2,False,,cf,cftr_modulator,modulator,N2,therapeutic,0,0,0,auto_suggested,rules,,Lakefront Biotherapeutics NV,,,2026-09-09T22:49:42+00:00,clinicaltrials_gov_api_v2
NCT03051490,"RESULT: Reliable, Emergent Solution Using Liprotamase Treatment",UNKNOWN,INDUSTRY,Anthera Pharmaceuticals,PHASE3,phase_3,False,,cf,gi_nutrition,gi,N6,therapeutic,0,0,0,auto_suggested,rules,,Anthera Pharmaceuticals,,,2026-09-09T22:49:42+00:00,clinicaltrials_gov_api_v2
NCT03052231,Interactive Mobile Health Information to Enhance Patient Care at a Cystic Fibrosis Center,COMPLETED,OTHER,Landon Pediatric Foundation,NA,not_applicable,False,,cf,mucociliary_clearance,mucociliary,N3,supportive,0,0,0,auto_suggested,rules,,Landon Pediatric Foundation,,,2026-09-09T22:49:42+00:00,clinicaltrials_gov_api_v2
NCT03052556,Human Papillomavirus and Cervical Dysplasia in Women With Cystic Fibrosis,COMPLETED,OTHER,Hospices Civils de Lyon,NA,not_applicable,False,,cf,other,no_keyword_match,,supportive,0,0,0,auto_suggested,rules,,Hospices Civils de Lyon,,,2026-09-09T22:49:42+00:00,clinicaltrials_gov_api_v2
NCT03056326,"A Study to Investigate Safety, Tolerability and Pharmacokinetics of Single and Repeat Doses of CHF6333 in Healthy Subjects",COMPLETED,INDUSTRY,Chiesi Farmaceutici S.p.A.,PHASE1,phase_1,False,non-cystic fibrosis bronchiectasis,ncfb,other,no_keyword_match,,not_cf_primary,0,0,0,auto_suggested,rules,,Chiesi Farmaceutici S.p.A.,,,2026-09-09T22:49:42+00:00,clinicaltrials_gov_api_v2
NCT03056989,A Safety Study of SPX-101 Inhalation Solution in Subjects With Cystic Fibrosis,COMPLETED,INDUSTRY,"Spyryx Biosciences, Inc.",PHASE1,phase_1,False,,cf,other,no_keyword_match,,supportive,0,0,0,auto_suggested,rules,,"Spyryx Biosciences, Inc.",,,2026-09-09T22:49:42+00:00,clinicaltrials_gov_api_v2
NCT03058068,Human MesenchymAl Stem Cells Infusion in Patients With Cystic Fibrosis,WITHDRAWN,OTHER,Joshua M Hare,PHASE1,phase_1,False,,cf,other,no_keyword_match,,supportive,0,0,0,auto_suggested,rules,,Joshua M Hare,,,2026-09-09T22:49:42+00:00,clinicaltrials_gov_api_v2
NCT03061331,Lumacaftor/Ivacaftor Combination Therapy in Subjects With CF Who Have an A455E CFTR Mutation,COMPLETED,INDUSTRY,Vertex Pharmaceuticals Incorporated,PHASE2,phase_2,False,,cf,cftr_modulator,modulator,N2,therapeutic,0,0,0,auto_suggested,rules,,Vertex Pharmaceuticals Incorporated,,,2026-09-09T22:49:42+00:00,clinicaltrials_gov_api_v2
NCT03066453,Evaluation of Short Antibiotic Combination Courses Followed by Aerosols in Cystic Fibrosis,TERMINATED,OTHER,"University Hospital, Lille",PHASE3,phase_3,False,,cf,antimicrobial,antimicrobial,N4,therapeutic,0,0,0,auto_suggested,rules,,"University Hospital, Lille",,,2026-09-09T22:49:42+00:00,clinicaltrials_gov_api_v2
NCT03068312,A Study to Evaluate Efficacy of Ivacaftor in Subjects With Cystic Fibrosis Who Have a 3849 + 10KB C→T or D1152H CFTR Mutation,COMPLETED,INDUSTRY,Vertex Pharmaceuticals Incorporated,PHASE3,phase_3,False,,cf,cftr_modulator,modulator,N2,therapeutic,0,0,0,auto_suggested,rules,,Vertex Pharmaceuticals Incorporated,,,2026-09-09T22:49:42+00:00,clinicaltrials_gov_api_v2
NCT03069625,Sit-to-stand Test in Cystic Fibrosis Children and Adolescents,COMPLETED,OTHER,Groupe Hospitalier du Havre,NA,not_applicable,False,,cf,care_delivery,care_delivery,N8,supportive,0,0,0,auto_suggested,rules,,Groupe Hospitalier du Havre,,,2026-09-09T22:49:42+00:00,clinicaltrials_gov_api_v2
NCT03069651,Virtual Care in CF (VIRTUAL-CF) Study,UNKNOWN,OTHER,Heart of England NHS Trust,NA,not_applicable,False,,cf,other,no_keyword_match,,supportive,0,0,0,auto_suggested,rules,,Heart of England NHS Trust,,,2026-09-09T22:49:42+00:00,clinicaltrials_gov_api_v2
NCT03070522,Prednisone in Cystic Fibrosis Pulmonary Exacerbations,COMPLETED,OTHER,The Hospital for Sick Children,PHASE3,phase_3,False,,cf,antimicrobial,antimicrobial,N4,therapeutic,0,0,0,auto_suggested,rules,,The Hospital for Sick Children,,,2026-09-09T22:49:42+00:00,clinicaltrials_gov_api_v2
NCT03078088,Airway Alkalinization and Nasal Colonization,COMPLETED,OTHER,Lakshmi Durairaj,PHASE1,phase_1,False,,cf,other,no_keyword_match,,supportive,0,0,0,auto_suggested,rules,,Lakshmi Durairaj,,,2026-09-09T22:49:42+00:00,clinicaltrials_gov_api_v2
NCT03078127,Researching the Effects of Airway Clearance Therapies in Cystic Fibrosis,COMPLETED,OTHER,"University of North Carolina, Chapel Hill",NA,not_applicable,False,,cf,mucociliary_clearance,mucociliary,N3,supportive,0,0,0,auto_suggested,rules,,"University of North Carolina, Chapel Hill",,,2026-09-09T22:49:42+00:00,clinicaltrials_gov_api_v2
NCT03091062,Evaluation of an Airway Clearance System,COMPLETED,INDUSTRY,Hill-Rom,NA,not_applicable,False,,cf,mucociliary_clearance,mucociliary,N3,supportive,0,0,0,auto_suggested,rules,,Hill-Rom,,,2026-09-09T22:49:42+00:00,clinicaltrials_gov_api_v2
NCT03093714,"A Study to Evaluate Safety, PK and PD of FDL169 in Cystic Fibrosis Subjects",COMPLETED,OTHER,Flatley Discovery Lab LLC,PHASE1,phase_1,False,,cf,other,no_keyword_match,,supportive,0,0,0,auto_suggested,rules,,Flatley Discovery Lab LLC,,,2026-09-09T22:49:42+00:00,clinicaltrials_gov_api_v2
NCT03093974,Efficacy and Safety of Inhaled CMS in Bronchiectasis Subjects With Chronic P. Aeruginosa Infection. (PROMIS-I),COMPLETED,INDUSTRY,Zambon SpA,PHASE3,phase_3,False,non-cystic fibrosis bronchiectasis,ncfb,other,no_keyword_match,,not_cf_primary,0,0,0,auto_suggested,rules,,Zambon SpA,,,2026-09-09T22:49:42+00:00,clinicaltrials_gov_api_v2
NCT03100214,Effects of an Early Rehabilitation Program During Hospitalization in Patients With Cystic Fibrosis,COMPLETED,OTHER,Hospital de Clinicas de Porto Alegre,NA,not_applicable,False,,cf,care_delivery,care_delivery,N8,supportive,0,0,0,auto_suggested,rules,,Hospital de Clinicas de Porto Alegre,,,2026-09-09T22:49:42+00:00,clinicaltrials_gov_api_v2
NCT03104855,Clearance of 25-hydroxyvitamin D in Cystic Fibrosis,COMPLETED,OTHER,University of Washington,PHASE1,phase_1,False,,cf,other,no_keyword_match,,supportive,0,0,0,auto_suggested,rules,,University of Washington,,,2026-09-09T22:49:42+00:00,clinicaltrials_gov_api_v2
NCT03109912,"Do More, B'More, Live Fit",COMPLETED,OTHER,Johns Hopkins University,NA,not_applicable,False,,cf,care_delivery,care_delivery,N8,supportive,0,0,0,auto_suggested,rules,,Johns Hopkins University,,,2026-09-09T22:49:42+00:00,clinicaltrials_gov_api_v2
NCT03117764,1STST and Muscle Weakness in CF Patients,COMPLETED,OTHER,Cliniques universitaires Saint-Luc- Université Catholique de Louvain,NA,not_applicable,False,,cf,care_delivery,care_delivery,N8,supportive,0,0,0,auto_suggested,rules,,Cliniques universitaires Saint-Luc- Université Catholique de Louvain,,,2026-09-09T22:49:42+00:00,clinicaltrials_gov_api_v2
NCT03119649,A Study to Evaluate Multiple Doses of GLPG2222 in Adult Subjects With Cystic Fibrosis,COMPLETED,INDUSTRY,Lakefront Biotherapeutics NV,PHASE2,phase_2,False,,cf,other,no_keyword_match,,supportive,0,0,0,auto_suggested,rules,,Lakefront Biotherapeutics NV,,,2026-09-09T22:49:42+00:00,clinicaltrials_gov_api_v2
NCT03122418,Use of Personal Fitness Device in Adult (> 21 Years Old) Patients With Cystic Fibrosis,COMPLETED,OTHER,University of Oklahoma,NA,not_applicable,False,,cf,care_delivery,care_delivery,N8,supportive,0,0,0,auto_suggested,rules,,University of Oklahoma,,,2026-09-09T22:49:42+00:00,clinicaltrials_gov_api_v2
NCT03125395,"A Rollover Safety Study of Lumacaftor/Ivacaftor in Subjects Aged 2 Years and Older With Cystic Fibrosis, Homozygous for the F508del-CFTR Mutation",COMPLETED,INDUSTRY,Vertex Pharmaceuticals Incorporated,PHASE3,phase_3,False,,cf,cftr_modulator,modulator,N2,therapeutic,0,0,0,auto_suggested,rules,,Vertex Pharmaceuticals Incorporated,,,2026-09-09T22:49:42+00:00,clinicaltrials_gov_api_v2
NCT03139266,Project UPLIFT to Reduce Anxiety and Depression in CF Patients,COMPLETED,OTHER,Virginia Commonwealth University,NA,not_applicable,False,,cf,other,no_keyword_match,,supportive,0,0,0,auto_suggested,rules,,Virginia Commonwealth University,,,2026-09-09T22:49:42+00:00,clinicaltrials_gov_api_v2
NCT03140527,"Study Assessing the Safety, Tolerability, Pharmacokinetics, Food Effect, and Drug-Drug Interactions of PTI-801 in Healthy Volunteers, and Safety, Tolerability, and Pharmacokinetics of PTI-801 in Subjects With Cystic Fibrosis",COMPLETED,INDUSTRY,"Proteostasis Therapeutics, Inc.",PHASE1,phase_1,False,,cf,cftr_modulator,modulator,N2,therapeutic,0,0,0,auto_suggested,rules,,"Proteostasis Therapeutics, Inc.",,,2026-09-09T22:49:42+00:00,clinicaltrials_gov_api_v2
NCT03145051,Efficacy of Nasal Irrigation With Respimer® Netiflow® vs Saline Among Patients With Cystic Fibrosis and Chronic Rhinosinusitis,UNKNOWN,INDUSTRY,Laboratoire de la Mer,NA,not_applicable,False,,cf,other,no_keyword_match,,supportive,0,0,0,auto_suggested,rules,,Laboratoire de la Mer,,,2026-09-09T22:49:42+00:00,clinicaltrials_gov_api_v2
NCT03150719,"A Study to Evaluate Safety, Efficacy, and Tolerability of TEZ/IVA in Orkambi® (Lumacaftor/Ivacaftor) -Experienced Subjects With Cystic Fibrosis (CF)",COMPLETED,INDUSTRY,Vertex Pharmaceuticals Incorporated,PHASE3,phase_3,False,,cf,cftr_modulator,modulator,N2,therapeutic,0,0,0,auto_suggested,rules,,Vertex Pharmaceuticals Incorporated,,,2026-09-09T22:49:42+00:00,clinicaltrials_gov_api_v2
NCT03154541,SynRinse Irrigation Pilot (SIP) Trial,COMPLETED,OTHER,University of Washington,PHASE1;PHASE2,phase_1,False,,cf,other,no_keyword_match,,supportive,0,0,0,auto_suggested,rules,,University of Washington,,,2026-09-09T22:49:42+00:00,clinicaltrials_gov_api_v2
NCT03172793,Telavancin Pharmacokinetics in Cystic Fibrosis Patients,COMPLETED,OTHER,"Joseph L. Kuti, PharmD",PHASE4,approved,False,,cf,antimicrobial,antimicrobial,N4,therapeutic,0,0,0,auto_suggested,rules,,"Joseph L. Kuti, PharmD",,,2026-09-09T22:49:42+00:00,clinicaltrials_gov_api_v2
NCT03173573,"A Study to Assess the Safety, Tolerability and PK Profile of FDL176 in Healthy and CF Participants",COMPLETED,OTHER,Flatley Discovery Lab LLC,PHASE1,phase_1,False,,cf,other,no_keyword_match,,supportive,0,0,0,auto_suggested,rules,,Flatley Discovery Lab LLC,,,2026-09-09T22:49:42+00:00,clinicaltrials_gov_api_v2
NCT03181932,AeroVanc in the Treatment of Methicillin-resistant Staphylococcus Aureus Infection in Patients With Cystic Fibrosis,COMPLETED,INDUSTRY,Savara Inc.,PHASE3,phase_3,False,,cf,other,no_keyword_match,,supportive,0,0,0,auto_suggested,rules,,Savara Inc.,,,2026-09-09T22:49:42+00:00,clinicaltrials_gov_api_v2
NCT03190031,Respiratory Muscle Training in CF Patients,COMPLETED,OTHER,"University Hospital, Grenoble",NA,not_applicable,False,,cf,care_delivery,care_delivery,N8,supportive,0,0,0,auto_suggested,rules,,"University Hospital, Grenoble",,,2026-09-09T22:49:42+00:00,clinicaltrials_gov_api_v2
NCT03205904,Nutritional Intervention and Glycemic Improvement in Patients With Pre-diabetic Cystic Fibrosis.,COMPLETED,OTHER,Hospital de Clinicas de Porto Alegre,NA,not_applicable,False,,cf,metabolic_cfrd,cfrd,N5,supportive,0,0,0,auto_suggested,rules,,Hospital de Clinicas de Porto Alegre,,,2026-09-09T22:49:42+00:00,clinicaltrials_gov_api_v2
NCT03206788,Losartan and Inflammation in Cystic Fibrosis,TERMINATED,OTHER,University of Miami,PHASE2,phase_2,False,,cf,anti_inflammatory,anti_inflammatory,N3,therapeutic,0,0,0,auto_suggested,rules,,University of Miami,,,2026-09-09T22:49:42+00:00,clinicaltrials_gov_api_v2
NCT03218917,Assessment of INS1007 in Participants With Non-Cystic Fibrosis Bronchiectasis,COMPLETED,INDUSTRY,Insmed Incorporated,PHASE2,phase_2,False,non-cystic fibrosis bronchiectasis,ncfb,anti_inflammatory,anti_inflammatory,,not_cf_primary,0,0,0,auto_suggested,rules,,Insmed Incorporated,,,2026-09-09T22:49:42+00:00,clinicaltrials_gov_api_v2
NCT03219164,Study of Aztreonam for Inhalation in Children With Cystic Fibrosis and New Infection of the Airways by Pseudomonas Aeruginosa Bacteria,TERMINATED,INDUSTRY,Gilead Sciences,PHASE3,phase_3,False,,cf,antimicrobial,antimicrobial,N4,therapeutic,0,0,0,auto_suggested,rules,,Gilead Sciences,,,2026-09-09T22:49:42+00:00,clinicaltrials_gov_api_v2
NCT03224351,A Study Evaluating the Safety and Efficacy of VX-659 Combination Therapy in Subjects With Cystic Fibrosis,COMPLETED,INDUSTRY,Vertex Pharmaceuticals Incorporated,PHASE2,phase_2,False,,cf,cftr_modulator,modulator,N2,therapeutic,0,0,0,auto_suggested,rules,,Vertex Pharmaceuticals Incorporated,,,2026-09-09T22:49:42+00:00,clinicaltrials_gov_api_v2
NCT03226795,Improving Therapeutic Adherence With a Co-constructed Program Involving Both Patients and Health Care Professionals,UNKNOWN,OTHER,Hospices Civils de Lyon,NA,not_applicable,False,,cf,other,no_keyword_match,,supportive,0,0,0,auto_suggested,rules,,Hospices Civils de Lyon,,,2026-09-09T22:49:42+00:00,clinicaltrials_gov_api_v2
NCT03227094,Simplification of CF-related Diabetes Screening at Home,COMPLETED,OTHER,Institut de Recherches Cliniques de Montreal,NA,not_applicable,False,,cf,metabolic_cfrd,cfrd,N5,diagnostic,0,0,0,auto_suggested,rules,,Institut de Recherches Cliniques de Montreal,,,2026-09-09T22:49:42+00:00,clinicaltrials_gov_api_v2
NCT03227471,A Study of VX-445 in Healthy Subjects and Subjects With Cystic Fibrosis,COMPLETED,INDUSTRY,Vertex Pharmaceuticals Incorporated,PHASE1;PHASE2,phase_1,False,,cf,other,no_keyword_match,,supportive,0,0,0,auto_suggested,rules,,Vertex Pharmaceuticals Incorporated,,,2026-09-09T22:49:42+00:00,clinicaltrials_gov_api_v2
NCT03229252,An Efficacy and Safety Study of SPX-101 Inhalation Solution in Subjects With Cystic Fibrosis,COMPLETED,INDUSTRY,"Spyryx Biosciences, Inc.",PHASE2,phase_2,False,,cf,other,no_keyword_match,,supportive,0,0,0,auto_suggested,rules,,"Spyryx Biosciences, Inc.",,,2026-09-09T22:49:42+00:00,clinicaltrials_gov_api_v2
NCT03237767,A CFit Study - Acute Exercise,TERMINATED,OTHER,University of Portsmouth,NA,not_applicable,False,,cf,metabolic_cfrd,cfrd,N5,supportive,0,0,0,auto_suggested,rules,,University of Portsmouth,,,2026-09-09T22:49:42+00:00,clinicaltrials_gov_api_v2
NCT03251092,"Study Designed to Assess the Safety, Tolerability and PK of PTI-808 in Healthy Volunteers and in Adults With Cystic Fibrosis",COMPLETED,INDUSTRY,"Proteostasis Therapeutics, Inc.",PHASE1;PHASE2,phase_1,False,,cf,other,no_keyword_match,,supportive,0,0,0,auto_suggested,rules,,"Proteostasis Therapeutics, Inc.",,,2026-09-09T22:49:42+00:00,clinicaltrials_gov_api_v2
NCT03256799,Evaluation of Ivacaftor in Patients Using Ataluren for Nonsense Mutations,COMPLETED,OTHER,University of Alabama at Birmingham,PHASE4,approved,False,,cf,nonsense_readthrough,nonsense,N1,therapeutic,0,0,0,auto_suggested,rules,,University of Alabama at Birmingham,,,2026-09-09T22:49:42+00:00,clinicaltrials_gov_api_v2
NCT03256968,PTC Study to Evaluate Ataluren in Combination With Ivacaftor,COMPLETED,OTHER,University of Alabama at Birmingham,PHASE4,approved,False,,cf,nonsense_readthrough,nonsense,N1,therapeutic,0,0,0,auto_suggested,rules,,University of Alabama at Birmingham,,,2026-09-09T22:49:42+00:00,clinicaltrials_gov_api_v2
NCT03258424,"Study Assessing PTI-428 Safety, Tolerability, and Pharmacokinetics in Subjects With Cystic Fibrosis on KALYDECO® as Background Therapy",COMPLETED,INDUSTRY,"Proteostasis Therapeutics, Inc.",PHASE1,phase_1,False,,cf,cftr_modulator,modulator,N2,therapeutic,0,0,0,auto_suggested,rules,,"Proteostasis Therapeutics, Inc.",,,2026-09-09T22:49:42+00:00,clinicaltrials_gov_api_v2
NCT03258853,Feasibility of Outpatient Closed Loop Control With the iLet Bionic Pancreas in Cystic Fibrosis Related Diabetes,COMPLETED,OTHER,Massachusetts General Hospital,NA,not_applicable,False,,cf,metabolic_cfrd,cfrd,N5,diagnostic,0,0,0,auto_suggested,rules,,Massachusetts General Hospital,,,2026-09-09T22:49:42+00:00,clinicaltrials_gov_api_v2
NCT03261219,IPV vs CPT for Airway Clearance During CF Exacerbation,WITHDRAWN,OTHER,University of Florida,NA,not_applicable,False,,cf,mucociliary_clearance,mucociliary,N3,supportive,0,0,0,auto_suggested,rules,,University of Florida,,,2026-09-09T22:49:42+00:00,clinicaltrials_gov_api_v2
NCT03262142,Targeted AntiBiotics for Chronic Pulmonary Diseases,TERMINATED,OTHER,"Chronic Obstructive Pulmonary Disease Trial Network, Denmark",PHASE4,approved,False,non-cystic fibrosis bronchiectasis,ncfb,antimicrobial,antimicrobial,,not_cf_primary,0,0,0,auto_suggested,rules,,"Chronic Obstructive Pulmonary Disease Trial Network, Denmark",,,2026-09-09T22:49:42+00:00,clinicaltrials_gov_api_v2
NCT03264950,Utility of Point Shear-wave Elastography to Assess for Hepatic & Pancreatic Fibrosis in Pediatric CF Patients,UNKNOWN,OTHER,University of Manitoba,NA,not_applicable,False,,cf,other,no_keyword_match,,diagnostic,0,0,0,auto_suggested,rules,,University of Manitoba,,,2026-09-09T22:49:42+00:00,clinicaltrials_gov_api_v2
NCT03265288,Study of LAU-7b in the Treatment of Cystic Fibrosis in Adults,COMPLETED,INDUSTRY,Laurent Pharmaceuticals Inc.,PHASE2,phase_2,False,,cf,anti_inflammatory,anti_inflammatory,N3,therapeutic,0,0,0,auto_suggested,rules,,Laurent Pharmaceuticals Inc.,,,2026-09-09T22:49:42+00:00,clinicaltrials_gov_api_v2
NCT03273959,Program Of Exercises During The Hospitalization Of Children And Adolescents With Cystic Fibrosis,UNKNOWN,OTHER,Hospital de Clinicas de Porto Alegre,NA,not_applicable,False,,cf,care_delivery,care_delivery,N8,supportive,0,0,0,auto_suggested,rules,,Hospital de Clinicas de Porto Alegre,,,2026-09-09T22:49:42+00:00,clinicaltrials_gov_api_v2
NCT03277196,A Study to Evaluate the Safety of Long-term Ivacaftor Treatment in Participants With Cystic Fibrosis Who Are Less Than 24 Months of Age at Treatment Initiation and Have an Approved Ivacaftor-Responsive Mutation,COMPLETED,INDUSTRY,Vertex Pharmaceuticals Incorporated,PHASE3,phase_3,False,,cf,cftr_modulator,modulator,N2,therapeutic,0,0,0,auto_suggested,rules,,Vertex Pharmaceuticals Incorporated,,,2026-09-09T22:49:42+00:00,clinicaltrials_gov_api_v2
NCT03292718,Clinical Trial to Assess Influence of MyCyFAPP Use on GI Related QOL in Children With Cystic Fibrosis,UNKNOWN,OTHER,Universitaire Ziekenhuizen KU Leuven,NA,not_applicable,False,,cf,other,no_keyword_match,,diagnostic,0,0,0,auto_suggested,rules,,Universitaire Ziekenhuizen KU Leuven,,,2026-09-09T22:49:42+00:00,clinicaltrials_gov_api_v2
NCT03295201,Clinical Effects of Exercise Program Added to Pulmonary Rehabilitation in Patients With Cystic Fibrosis,COMPLETED,OTHER,Marmara University,NA,not_applicable,False,,cf,care_delivery,care_delivery,N8,supportive,0,0,0,auto_suggested,rules,,Marmara University,,,2026-09-09T22:49:42+00:00,clinicaltrials_gov_api_v2
NCT03304028,MUCOviscidose EXacerbation Outils Connectés Education Thérapeutique,TERMINATED,OTHER_GOV,"Institut National de la Santé Et de la Recherche Médicale, France",NA,not_applicable,False,,cf,other,no_keyword_match,,diagnostic,0,0,0,auto_suggested,rules,,"Institut National de la Santé Et de la Recherche Médicale, France",,,2026-09-09T22:49:42+00:00,clinicaltrials_gov_api_v2
NCT03309358,A Study of the Safety and Tolerability of Inhaled SNSP113 in Healthy Subjects and Subjects With Stable Cystic Fibrosis,TERMINATED,INDUSTRY,"Synspira, Inc.",PHASE1,phase_1,False,,cf,antimicrobial,antimicrobial,N4,therapeutic,0,0,0,auto_suggested,rules,,"Synspira, Inc.",,,2026-09-09T22:49:42+00:00,clinicaltrials_gov_api_v2
NCT03312140,Examination of the Lipid Metabolism of the Liver After Choline Substitution in Cystic Fibrosis,COMPLETED,OTHER,University Hospital Tuebingen,NA,not_applicable,False,,cf,other,no_keyword_match,,supportive,0,0,0,auto_suggested,rules,,University Hospital Tuebingen,,,2026-09-09T22:49:42+00:00,clinicaltrials_gov_api_v2
NCT03341741,Combined Dry Powder Tobramycin and Nebulized Colistin Inhalation in CF Patients,COMPLETED,OTHER,University Hospital Tuebingen,PHASE3,phase_3,False,,cf,antimicrobial,antimicrobial,N4,therapeutic,0,0,0,auto_suggested,rules,,University Hospital Tuebingen,,,2026-09-09T22:49:42+00:00,clinicaltrials_gov_api_v2
NCT03357562,MR Imaging of Lung in the Follow-up Assessment of Cystic Fibrosis,TERMINATED,OTHER,"University Hospital, Bordeaux",NA,not_applicable,False,,cf,diagnostic,diagnostic,,diagnostic,0,0,0,auto_suggested,rules,,"University Hospital, Bordeaux",,,2026-09-09T22:49:42+00:00,clinicaltrials_gov_api_v2
NCT03367494,A New Optical Sweat Test Method Based on a Citric Acid-derived Multi-halide Sensor,TERMINATED,OTHER,Milton S. Hershey Medical Center,NA,not_applicable,False,,cf,diagnostic,diagnostic,,diagnostic,0,0,0,auto_suggested,rules,,Milton S. Hershey Medical Center,,,2026-09-09T22:49:42+00:00,clinicaltrials_gov_api_v2
NCT03375047,Study to Evaluate the Safety & Tolerability of MRT5005 Administered by Nebulization in Adults With Cystic Fibrosis,COMPLETED,INDUSTRY,Sanofi,PHASE1;PHASE2,phase_1,False,,cf,other,no_keyword_match,,supportive,0,0,0,auto_suggested,rules,,Sanofi,,,2026-09-09T22:49:42+00:00,clinicaltrials_gov_api_v2
NCT03375684,"Effects of Inspiratory Muscle Training on Postural Stability, Balance, Pulmonary Function and Functional Capacity in Children With Cystic Fibrosis",COMPLETED,OTHER,Bezmialem Vakif University,NA,not_applicable,False,,cf,other,no_keyword_match,,supportive,0,0,0,auto_suggested,rules,,Bezmialem Vakif University,,,2026-09-09T22:49:42+00:00,clinicaltrials_gov_api_v2
NCT03391414,Effects of Inhaled Bicarbonate on Airway pH in Cystic Fibrosis,COMPLETED,OTHER,Joseph Pilewski,PHASE1,phase_1,False,,cf,other,no_keyword_match,,supportive,0,0,0,auto_suggested,rules,,Joseph Pilewski,,,2026-09-09T22:49:42+00:00,clinicaltrials_gov_api_v2
NCT03420209,The Effect of Proprioceptive Neuromuscular Facilitation (PNF) Technique for Children With Chronic Pulmonary Diseases.,COMPLETED,OTHER,Istanbul University,NA,not_applicable,False,,cf,mucociliary_clearance,mucociliary,N3,supportive,0,0,0,auto_suggested,rules,,Istanbul University,,,2026-09-09T22:49:42+00:00,clinicaltrials_gov_api_v2
NCT03423576,Effects of a Comprehensive Patient-centered Health Service in Cystic Fibrosis (VEMSE-CF),COMPLETED,OTHER,Mukoviszidose Institut gGmbH,NA,not_applicable,False,,cf,care_delivery,care_delivery,N8,supportive,0,0,0,auto_suggested,rules,,Mukoviszidose Institut gGmbH,,,2026-09-09T22:49:42+00:00,clinicaltrials_gov_api_v2
NCT03424252,An Phase 1 Study to Evaluate the Pharmacokinetic (PK) Profile of FDL169 New Formulations in Healthy Subjects,COMPLETED,OTHER,Flatley Discovery Lab LLC,PHASE1,phase_1,False,,cf,other,no_keyword_match,,supportive,0,0,0,auto_suggested,rules,,Flatley Discovery Lab LLC,,,2026-09-09T22:49:42+00:00,clinicaltrials_gov_api_v2
NCT03428334,Roflumilast in Non-CF Bronchiectasis Study,COMPLETED,OTHER,The University of Hong Kong,PHASE2,phase_2,False,non-cystic fibrosis bronchiectasis,ncfb,other,no_keyword_match,,not_cf_primary,0,0,0,auto_suggested,rules,,The University of Hong Kong,,,2026-09-09T22:49:42+00:00,clinicaltrials_gov_api_v2
NCT03434886,Outcomes in CF Patients Accessing Their Registry Health Records,COMPLETED,OTHER,Cystic Fibrosis Registry of Ireland,NA,not_applicable,False,,cf,other,no_keyword_match,,supportive,0,0,0,auto_suggested,rules,,Cystic Fibrosis Registry of Ireland,,,2026-09-09T22:49:42+00:00,clinicaltrials_gov_api_v2
NCT03435939,Effect of Losartan in Cystic Fibrosis (CF)-NIH Grant #133240,COMPLETED,OTHER,University of Kansas Medical Center,EARLY_PHASE1,phase_1,False,,cf,anti_inflammatory,anti_inflammatory,N3,therapeutic,0,0,0,auto_suggested,rules,,University of Kansas Medical Center,,,2026-09-09T22:49:42+00:00,clinicaltrials_gov_api_v2
NCT03447249,A Phase 3 Study of VX-659 Combination Therapy in Subjects With Cystic Fibrosis Heterozygous for the F508del Mutation and a Minimal Function Mutation (F/MF),COMPLETED,INDUSTRY,Vertex Pharmaceuticals Incorporated,PHASE3,phase_3,False,,cf,cftr_modulator,modulator,N2,therapeutic,0,0,0,auto_suggested,rules,,Vertex Pharmaceuticals Incorporated,,,2026-09-09T22:49:42+00:00,clinicaltrials_gov_api_v2
NCT03447262,A Study Evaluating the Long Term Safety and Efficacy of VX-659 Combination Therapy,TERMINATED,INDUSTRY,Vertex Pharmaceuticals Incorporated,PHASE3,phase_3,False,,cf,cftr_modulator,modulator,N2,therapeutic,0,0,0,auto_suggested,rules,,Vertex Pharmaceuticals Incorporated,,,2026-09-09T22:49:42+00:00,clinicaltrials_gov_api_v2
NCT03450720,Pharmacokinetics of GLPG2737 in Male Subjects With Cystic Fibrosis,COMPLETED,INDUSTRY,Lakefront Biotherapeutics NV,PHASE1,phase_1,False,,cf,other,no_keyword_match,,supportive,0,0,0,auto_suggested,rules,,Lakefront Biotherapeutics NV,,,2026-09-09T22:49:42+00:00,clinicaltrials_gov_api_v2
NCT03451045,Trial to Evaluate Efficacy and Safety of Lenabasum in Cystic Fibrosis,COMPLETED,INDUSTRY,Corbus Pharmaceuticals Inc.,PHASE2,phase_2,False,,cf,other,no_keyword_match,,supportive,0,0,0,auto_suggested,rules,,Corbus Pharmaceuticals Inc.,,,2026-09-09T22:49:42+00:00,clinicaltrials_gov_api_v2
NCT03460704,Trial in Non-cystic Fibrosis Bronchiectasis Patients With Chronic Lung Infections Treated With Colistimethate Sodium.,TERMINATED,INDUSTRY,Zambon SpA,PHASE3,phase_3,False,non-cystic fibrosis bronchiectasis,ncfb,other,no_keyword_match,,not_cf_primary,0,0,0,auto_suggested,rules,,Zambon SpA,,,2026-09-09T22:49:42+00:00,clinicaltrials_gov_api_v2
NCT03460990,A Study of VX-659 Combination Therapy in CF Subjects Homozygous for F508del (F/F),COMPLETED,INDUSTRY,Vertex Pharmaceuticals Incorporated,PHASE3,phase_3,False,,cf,cftr_modulator,modulator,N2,therapeutic,0,0,0,auto_suggested,rules,,Vertex Pharmaceuticals Incorporated,,,2026-09-09T22:49:42+00:00,clinicaltrials_gov_api_v2
NCT03462056,Ready to Use Therapeutic Food (RUTF) to Promote Growth in Cystic Fibrosis,COMPLETED,OTHER,Washington University School of Medicine,PHASE1;PHASE2,phase_1,False,,cf,other,no_keyword_match,,supportive,0,0,0,auto_suggested,rules,,Washington University School of Medicine,,,2026-09-09T22:49:42+00:00,clinicaltrials_gov_api_v2
NCT03474042,GLPG2737 on Top of Orkambi in Subjects With Cystic Fibrosis,COMPLETED,INDUSTRY,Lakefront Biotherapeutics NV,PHASE2,phase_2,False,,cf,cftr_modulator,modulator,N2,therapeutic,0,0,0,auto_suggested,rules,,Lakefront Biotherapeutics NV,,,2026-09-09T22:49:42+00:00,clinicaltrials_gov_api_v2
NCT03482960,Comparison of 129Xe MRI With 19F MRI in CF Lung Disease,COMPLETED,OTHER,"University of North Carolina, Chapel Hill",EARLY_PHASE1,phase_1,False,,cf,diagnostic,diagnostic,,diagnostic,0,0,0,auto_suggested,rules,,"University of North Carolina, Chapel Hill",,,2026-09-09T22:49:42+00:00,clinicaltrials_gov_api_v2
NCT03485456,DPI-Tobra-Kind Cyclops® in Children With Cystic Fibrosis,UNKNOWN,OTHER,University Medical Center Groningen,PHASE1;PHASE2,phase_1,False,,cf,antimicrobial,antimicrobial,N4,therapeutic,0,0,0,auto_suggested,rules,,University Medical Center Groningen,,,2026-09-09T22:49:42+00:00,clinicaltrials_gov_api_v2
NCT03486236,A Study Evaluating Safety and Pharmacokinetics of VX-440 in Combination With Tezacaftor/Ivacaftor in Healthy Adult Subjects,COMPLETED,INDUSTRY,Vertex Pharmaceuticals Incorporated,PHASE1,phase_1,False,,cf,cftr_modulator,modulator,N2,therapeutic,0,0,0,auto_suggested,rules,,Vertex Pharmaceuticals Incorporated,,,2026-09-09T22:49:42+00:00,clinicaltrials_gov_api_v2
NCT03489590,19F MRI to Evaluate Regional Ventilation in Healthy Subjects and Subjects With Cystic Fibrosis,COMPLETED,OTHER,"University of North Carolina, Chapel Hill",EARLY_PHASE1,phase_1,False,,cf,diagnostic,diagnostic,,diagnostic,0,0,0,auto_suggested,rules,,"University of North Carolina, Chapel Hill",,,2026-09-09T22:49:42+00:00,clinicaltrials_gov_api_v2
NCT03489629,STaph Aureus Resistance-Treat Early and Repeat (STAR-TER),COMPLETED,OTHER,"University of North Carolina, Chapel Hill",PHASE2,phase_2,False,,cf,other,no_keyword_match,,supportive,0,0,0,auto_suggested,rules,,"University of North Carolina, Chapel Hill",,,2026-09-09T22:49:42+00:00,clinicaltrials_gov_api_v2
NCT03492567,Study of Circulating Blood Cell Monocytes as Predictive Biomarker of Bone Cystic Fibrosis Disease. Impact of CFTR Correctors.,COMPLETED,OTHER,Assistance Publique - Hôpitaux de Paris,NA,not_applicable,False,,cf,other,no_keyword_match,,supportive,0,0,0,auto_suggested,rules,,Assistance Publique - Hôpitaux de Paris,,,2026-09-09T22:49:42+00:00,clinicaltrials_gov_api_v2
NCT03497117,19F MRI of Ventilation in Subjects With Cystic Fibrosis Undergoing Treatment for Pulmonary Exacerbation,TERMINATED,OTHER,"University of North Carolina, Chapel Hill",EARLY_PHASE1,phase_1,False,,cf,diagnostic,diagnostic,,diagnostic,0,0,0,auto_suggested,rules,,"University of North Carolina, Chapel Hill",,,2026-09-09T22:49:42+00:00,clinicaltrials_gov_api_v2
NCT03500263,"Safety, Tolerability, and Pharmacokinetics of PTI-808, PTI-801, and PTI-428 Combination Therapy in Subjects With Cystic Fibrosis",COMPLETED,INDUSTRY,"Proteostasis Therapeutics, Inc.",PHASE1;PHASE2,phase_1,False,,cf,other,no_keyword_match,,supportive,0,0,0,auto_suggested,rules,,"Proteostasis Therapeutics, Inc.",,,2026-09-09T22:49:42+00:00,clinicaltrials_gov_api_v2
NCT03500575,Extracorporeal Photopheresis in Lung Transplant Rejection for Cystic Fibrosis (CF) Patients,UNKNOWN,OTHER,"Fondazione IRCCS Ca' Granda, Ospedale Maggiore Policlinico",NA,not_applicable,False,,cf,other,no_keyword_match,,diagnostic,0,0,0,auto_suggested,rules,,"Fondazione IRCCS Ca' Granda, Ospedale Maggiore Policlinico",,,2026-09-09T22:49:42+00:00,clinicaltrials_gov_api_v2
NCT03502070,Human Factors Study to Validate the User Interface of TOBI Podhaler Using Placebo Capsules,COMPLETED,INDUSTRY,Mylan Inc.,PHASE4,approved,False,,cf,antimicrobial,antimicrobial,N4,therapeutic,0,0,0,auto_suggested,rules,,Mylan Inc.,,,2026-09-09T22:49:42+00:00,clinicaltrials_gov_api_v2
NCT03506061,Trikafta in Cystic Fibrosis Patients,COMPLETED,OTHER,Emory University,PHASE2,phase_2,False,,cf,cftr_modulator,modulator,N2,therapeutic,0,0,0,auto_suggested,rules,,Emory University,,,2026-09-09T22:49:42+00:00,clinicaltrials_gov_api_v2
NCT03516331,A Drug-Drug Interaction Study of FDL169 and FDL176 in Healthy Subjects,COMPLETED,OTHER,Flatley Discovery Lab LLC,PHASE1,phase_1,False,,cf,other,no_keyword_match,,supportive,0,0,0,auto_suggested,rules,,Flatley Discovery Lab LLC,,,2026-09-09T22:49:42+00:00,clinicaltrials_gov_api_v2
NCT03518697,Effects of an Individualized Exercise Program on Health-related and Skill/Performance-related ﬁtness in CF.,COMPLETED,OTHER,"University Hospital, Essen",NA,not_applicable,False,,cf,care_delivery,care_delivery,N8,supportive,0,0,0,auto_suggested,rules,,"University Hospital, Essen",,,2026-09-09T22:49:42+00:00,clinicaltrials_gov_api_v2
NCT03522480,The Effectiveness of the Jamboxx Respiratory Therapy Device: Study 2,WITHDRAWN,INDUSTRY,My Music Machines Inc.,NA,not_applicable,False,,cf,other,no_keyword_match,,diagnostic,0,0,0,auto_suggested,rules,,My Music Machines Inc.,,,2026-09-09T22:49:42+00:00,clinicaltrials_gov_api_v2
NCT03522831,CF Bronchodilation,ACTIVE_NOT_RECRUITING,OTHER,University of British Columbia,NA,not_applicable,True,,cf,care_delivery,care_delivery,N8,supportive,0,0,0,auto_suggested,rules,,University of British Columbia,,,2026-09-09T22:49:42+00:00,clinicaltrials_gov_api_v2
NCT03525444,A Phase 3 Study of VX-445 Combination Therapy in Subjects With Cystic Fibrosis Heterozygous for the F508del Mutation and a Minimal Function Mutation (F/MF),COMPLETED,INDUSTRY,Vertex Pharmaceuticals Incorporated,PHASE3,phase_3,False,,cf,cftr_modulator,modulator,N2,therapeutic,0,0,0,auto_suggested,rules,,Vertex Pharmaceuticals Incorporated,,,2026-09-09T22:49:42+00:00,clinicaltrials_gov_api_v2
NCT03525548,A Study of VX-445 Combination Therapy in CF Subjects Homozygous for F508del (F/F),COMPLETED,INDUSTRY,Vertex Pharmaceuticals Incorporated,PHASE3,phase_3,False,,cf,cftr_modulator,modulator,N2,therapeutic,0,0,0,auto_suggested,rules,,Vertex Pharmaceuticals Incorporated,,,2026-09-09T22:49:42+00:00,clinicaltrials_gov_api_v2
NCT03525574,A Study Evaluating the Long-term Safety and Efficacy of VX-445 Combination Therapy,COMPLETED,INDUSTRY,Vertex Pharmaceuticals Incorporated,PHASE3,phase_3,False,,cf,cftr_modulator,modulator,N2,therapeutic,0,0,0,auto_suggested,rules,,Vertex Pharmaceuticals Incorporated,,,2026-09-09T22:49:42+00:00,clinicaltrials_gov_api_v2
NCT03527095,A Study to Compare the Pharmacokinetics of Different Oral Formulations of FDL169 in Healthy Subjects,COMPLETED,OTHER,Flatley Discovery Lab LLC,PHASE1,phase_1,False,,cf,other,no_keyword_match,,supportive,0,0,0,auto_suggested,rules,,Flatley Discovery Lab LLC,,,2026-09-09T22:49:42+00:00,clinicaltrials_gov_api_v2
NCT03534986,Effect of High Frequency Chest Wall Oscillation Vests on Spirometry Measurements,COMPLETED,INDUSTRY,International Biophysics Corporation,NA,not_applicable,False,,cf,other,no_keyword_match,,diagnostic,0,0,0,auto_suggested,rules,,International Biophysics Corporation,,,2026-09-09T22:49:42+00:00,clinicaltrials_gov_api_v2
NCT03537651,A Study to Evaluate the Safety and Efficacy of Long-term Treatment With TEZ/IVA in CF Participants With an F508del CFTR Mutation,COMPLETED,INDUSTRY,Vertex Pharmaceuticals Incorporated,PHASE3,phase_3,False,,cf,cftr_modulator,modulator,N2,therapeutic,0,0,0,auto_suggested,rules,,Vertex Pharmaceuticals Incorporated,,,2026-09-09T22:49:42+00:00,clinicaltrials_gov_api_v2
NCT03540524,"A Study Looking at the Safety, Tolerability and Efficacy of the Combination of the Study Drugs GLPG2451 and GLPG2222 With or Without GLPG2737 in Patients With Cystic Fibrosis.",COMPLETED,INDUSTRY,Lakefront Biotherapeutics NV,PHASE1,phase_1,False,,cf,other,no_keyword_match,,supportive,0,0,0,auto_suggested,rules,,Lakefront Biotherapeutics NV,,,2026-09-09T22:49:42+00:00,clinicaltrials_gov_api_v2
NCT03551691,Proton Pump Inhibitors (PPI) and Fat Absorption in Cystic Fibrosis (CF) and Exocrine Pancreatic Insufficiency (EPI),COMPLETED,OTHER,Children's Hospital of Philadelphia,PHASE2,phase_2,False,,cf,other,no_keyword_match,,supportive,0,0,0,auto_suggested,rules,,Children's Hospital of Philadelphia,,,2026-09-09T22:49:42+00:00,clinicaltrials_gov_api_v2
NCT03559062,A Study to Evaluate Efficacy and Safety of TEZ/IVA in Subjects Aged 6 Through 11 Years With Cystic Fibrosis,COMPLETED,INDUSTRY,Vertex Pharmaceuticals Incorporated,PHASE3,phase_3,False,,cf,cftr_modulator,modulator,N2,therapeutic,0,0,0,auto_suggested,rules,,Vertex Pharmaceuticals Incorporated,,,2026-09-09T22:49:42+00:00,clinicaltrials_gov_api_v2
NCT03560726,Telehealth Cognitive Behavioral Stress Management for Adults With Cystic Fibrosis,COMPLETED,OTHER,National Jewish Health,NA,not_applicable,False,,cf,care_delivery,care_delivery,N8,supportive,0,0,0,auto_suggested,rules,,National Jewish Health,,,2026-09-09T22:49:42+00:00,clinicaltrials_gov_api_v2
NCT03584841,Implementation of a Non-invasive Version of the Imaging β-adrenergic-dependent Sweat Secretion Test,UNKNOWN,OTHER,Cliniques universitaires Saint-Luc- Université Catholique de Louvain,NA,not_applicable,False,,cf,other,no_keyword_match,,diagnostic,0,0,0,auto_suggested,rules,,Cliniques universitaires Saint-Luc- Université Catholique de Louvain,,,2026-09-09T22:49:42+00:00,clinicaltrials_gov_api_v2
NCT03587961,Personalized Theratyping Trial,RECRUITING,OTHER,George Solomon,EARLY_PHASE1,phase_1,True,,cf,cftr_modulator,modulator,N2,supportive,0,0,0,reviewed,trial_review_overrides,Personalized theratyping,George Solomon,,N-of-1 / theratyping of approved modulators. Not a new asset.,2026-09-09T22:49:42+00:00,clinicaltrials_gov_api_v2
NCT03589313,Pharmacokinetics of GLPG3067 in Male Subjects With Cystic Fibrosis.,COMPLETED,INDUSTRY,Lakefront Biotherapeutics NV,PHASE1,phase_1,False,,cf,other,no_keyword_match,,supportive,0,0,0,auto_suggested,rules,,Lakefront Biotherapeutics NV,,,2026-09-09T22:49:42+00:00,clinicaltrials_gov_api_v2
NCT03591094,"Study Assessing PTI-428 Safety, Tolerability, Pharmacokinetics and Effect in Subjects With Cystic Fibrosis",COMPLETED,INDUSTRY,"Proteostasis Therapeutics, Inc.",PHASE2,phase_2,False,,cf,cftr_modulator,modulator,N2,therapeutic,0,0,0,auto_suggested,rules,,"Proteostasis Therapeutics, Inc.",,,2026-09-09T22:49:42+00:00,clinicaltrials_gov_api_v2
NCT03597347,Trial of Inhaled Molgramostim in Cystic Fibrosis Subjects With Nontuberculous Mycobacterial Infection,TERMINATED,INDUSTRY,Savara Inc.,PHASE2,phase_2,False,,cf,antimicrobial,gallium_ntm,N4,therapeutic,0,0,0,auto_suggested,rules,,Savara Inc.,,,2026-09-09T22:49:42+00:00,clinicaltrials_gov_api_v2
NCT03601637,"Safety and Pharmacokinetic Study of Lumacaftor/Ivacaftor in Participants 1 to Less Than 2 Years of Age With Cystic Fibrosis, Homozygous for F508del",COMPLETED,INDUSTRY,Vertex Pharmaceuticals Incorporated,PHASE3,phase_3,False,,cf,cftr_modulator,modulator,N2,therapeutic,0,0,0,auto_suggested,rules,,Vertex Pharmaceuticals Incorporated,,,2026-09-09T22:49:42+00:00,clinicaltrials_gov_api_v2
NCT03617718,Project 2 Airway Potential Hydrogen (pH) in Asthma,COMPLETED,OTHER,Case Western Reserve University,PHASE1;PHASE2,phase_1,False,,cf,other,no_keyword_match,,supportive,0,0,0,auto_suggested,rules,,Case Western Reserve University,,,2026-09-09T22:49:42+00:00,clinicaltrials_gov_api_v2
NCT03624101,Novel Therapeutic Approaches for Treatment of CF Patients With W1282X Premature Termination Codon Mutations,TERMINATED,OTHER,University of Alabama at Birmingham,PHASE4,approved,False,,cf,cftr_modulator,modulator,N2,label_expansion,0,0,0,auto_suggested,rules,,University of Alabama at Birmingham,,,2026-09-09T22:49:42+00:00,clinicaltrials_gov_api_v2
NCT03625466,"A Study to Explore the Impact of Lumacaftor/Ivacaftor on Disease Progression in Subjects Aged 2 Through 5 Years With Cystic Fibrosis, Homozygous for F508del",COMPLETED,INDUSTRY,Vertex Pharmaceuticals Incorporated,PHASE2,phase_2,False,,cf,cftr_modulator,modulator,N2,therapeutic,0,0,0,auto_suggested,rules,,Vertex Pharmaceuticals Incorporated,,,2026-09-09T22:49:42+00:00,clinicaltrials_gov_api_v2
NCT03628456,Effect of HFCWO Vests on Spirometry Measurements,COMPLETED,INDUSTRY,International Biophysics Corporation,NA,not_applicable,False,,cf,mucociliary_clearance,mucociliary,N3,supportive,0,0,0,auto_suggested,rules,,International Biophysics Corporation,,,2026-09-09T22:49:42+00:00,clinicaltrials_gov_api_v2
NCT03632525,Intravenous Iron in Adults With Cystic Fibrosis,COMPLETED,OTHER,University of Oxford,PHASE4,approved,False,,cf,other,no_keyword_match,,supportive,0,0,0,auto_suggested,rules,,University of Oxford,,,2026-09-09T22:49:42+00:00,clinicaltrials_gov_api_v2
NCT03633526,Evaluation of VX-659/TEZ/IVA in Cystic Fibrosis Subjects 6 Through 11 Years of Age,TERMINATED,INDUSTRY,Vertex Pharmaceuticals Incorporated,PHASE3,phase_3,False,,cf,cftr_modulator,modulator,N2,therapeutic,0,0,0,auto_suggested,rules,,Vertex Pharmaceuticals Incorporated,,,2026-09-09T22:49:42+00:00,clinicaltrials_gov_api_v2
NCT03635762,Developing e-Health Systems to Improve Growth and Nutrition in CF,COMPLETED,OTHER,Boston Children's Hospital,NA,not_applicable,False,,cf,other,no_keyword_match,,supportive,0,0,0,auto_suggested,rules,,Boston Children's Hospital,,,2026-09-09T22:49:42+00:00,clinicaltrials_gov_api_v2
NCT03637504,Feasibility of a Mobile Medication Plan Application in CF Patient Care,COMPLETED,OTHER,Boston Children's Hospital,NA,not_applicable,False,,cf,other,no_keyword_match,,supportive,0,0,0,auto_suggested,rules,,Boston Children's Hospital,,,2026-09-09T22:49:42+00:00,clinicaltrials_gov_api_v2
NCT03644199,Development of Diabetes in Adults With Cystic Fibrosis (CF),WITHDRAWN,OTHER,Liverpool Heart and Chest Hospital NHS Foundation Trust,NA,not_applicable,False,,cf,other,no_keyword_match,,supportive,0,0,0,auto_suggested,rules,,Liverpool Heart and Chest Hospital NHS Foundation Trust,,,2026-09-09T22:49:42+00:00,clinicaltrials_gov_api_v2
NCT03645473,Evaluation of Device Settings for Airway Clearance Using The Monarch Airway Clearance System,UNKNOWN,INDUSTRY,Hill-Rom,NA,not_applicable,False,,cf,mucociliary_clearance,mucociliary,N3,supportive,0,0,0,auto_suggested,rules,,Hill-Rom,,,2026-09-09T22:49:42+00:00,clinicaltrials_gov_api_v2
NCT03647228,"A Phase 1/2a Study to Assess the Safety, Tolerability, Pharmacokinetics and Pharmacodynamics of Single and Multiple Doses of IONIS-ENaCRx in Healthy Volunteers and Patients With Cystic Fibrosis",COMPLETED,INDUSTRY,"Ionis Pharmaceuticals, Inc.",PHASE1,phase_1,False,,cf,aso_oligonucleotide,aso,N1,therapeutic,0,0,0,auto_suggested,rules,,"Ionis Pharmaceuticals, Inc.",,,2026-09-09T22:49:42+00:00,clinicaltrials_gov_api_v2
NCT03650712,EnVision CF Multicenter Study of Glucose Tolerance in Cystic Fibrosis,COMPLETED,OTHER,Katie Larson Ode,NA,not_applicable,False,,cf,metabolic_cfrd,cfrd,N5,diagnostic,0,0,0,auto_suggested,rules,,Katie Larson Ode,,,2026-09-09T22:49:42+00:00,clinicaltrials_gov_api_v2
NCT03653949,Effects of Aerobic Interval Training on Glucose Tolerance in Children and Adolescents With Cystic Fibrosis,UNKNOWN,OTHER,Universidade Federal do Rio Grande do Norte,NA,not_applicable,False,,cf,care_delivery,care_delivery,N8,supportive,0,0,0,auto_suggested,rules,,Universidade Federal do Rio Grande do Norte,,,2026-09-09T22:49:42+00:00,clinicaltrials_gov_api_v2
NCT03655249,Effects of AD on VI in Patients With CF,WITHDRAWN,OTHER,Cliniques universitaires Saint-Luc- Université Catholique de Louvain,NA,not_applicable,False,,cf,other,no_keyword_match,,supportive,0,0,0,auto_suggested,rules,,Cliniques universitaires Saint-Luc- Université Catholique de Louvain,,,2026-09-09T22:49:42+00:00,clinicaltrials_gov_api_v2
NCT03669614,SAD and MAD of Inhaled AR-501 in Health Adults and P. Aeruginosa Infected Cystic Fibrosis Subjects,UNKNOWN,INDUSTRY,"Aridis Pharmaceuticals, Inc.",PHASE1;PHASE2,phase_1,False,,cf,antimicrobial,gallium_ntm,N4,therapeutic,0,0,0,auto_suggested,rules,,"Aridis Pharmaceuticals, Inc.",,,2026-09-09T22:49:42+00:00,clinicaltrials_gov_api_v2
NCT03672058,Steps Ahead: Optimising Physical Activity and Health in Adults With Cystic Fibrosis,COMPLETED,OTHER,University of Limerick,NA,not_applicable,False,,cf,care_delivery,care_delivery,N8,supportive,0,0,0,auto_suggested,rules,,University of Limerick,,,2026-09-09T22:49:42+00:00,clinicaltrials_gov_api_v2
NCT03691779,Evaluation of VX 445/TEZ/IVA in Cystic Fibrosis Subjects 6 Through 11 Years of Age,COMPLETED,INDUSTRY,Vertex Pharmaceuticals Incorporated,PHASE3,phase_3,False,,cf,cftr_modulator,modulator,N2,therapeutic,0,0,0,auto_suggested,rules,,Vertex Pharmaceuticals Incorporated,,,2026-09-09T22:49:42+00:00,clinicaltrials_gov_api_v2
NCT03698448,A Dose-finding Study of Inhaled OligoG vs Placebo in Patients With Cystic Fibrosis,WITHDRAWN,INDUSTRY,AlgiPharma AS,PHASE2;PHASE3,phase_2,False,,cf,other,no_keyword_match,,supportive,0,0,0,auto_suggested,rules,,AlgiPharma AS,,,2026-09-09T22:49:42+00:00,clinicaltrials_gov_api_v2
NCT03699982,Resting Energy Expenditure in Patients With Cystic Fibrosis: A Pilot Study,TERMINATED,OTHER,CAMC Health System,NA,not_applicable,False,,cf,other,no_keyword_match,,supportive,0,0,0,auto_suggested,rules,,CAMC Health System,,,2026-09-09T22:49:42+00:00,clinicaltrials_gov_api_v2
NCT03710538,The Effect of a Pre-meal Snack and/or Exercise on Post-prandial Glycemic Excursions in Adults With Cystic Fibrosis,COMPLETED,OTHER,Institut de Recherches Cliniques de Montreal,NA,not_applicable,False,,cf,metabolic_cfrd,cfrd,N5,supportive,0,0,0,auto_suggested,rules,,Institut de Recherches Cliniques de Montreal,,,2026-09-09T22:49:42+00:00,clinicaltrials_gov_api_v2
NCT03724955,Pilot E2 for Hypogonadal Women With CFBD,WITHDRAWN,OTHER,Emory University,PHASE4,approved,False,,cf,other,no_keyword_match,,supportive,0,0,0,auto_suggested,rules,,Emory University,,,2026-09-09T22:49:42+00:00,clinicaltrials_gov_api_v2
NCT03734744,PK/PD of Vitamin D3 in Adults With CF,TERMINATED,OTHER,University of Southern California,NA,not_applicable,False,,cf,other,no_keyword_match,,supportive,0,0,0,auto_suggested,rules,,University of Southern California,,,2026-09-09T22:49:42+00:00,clinicaltrials_gov_api_v2
NCT03734822,Comparative Analysis of CO2 Monitoring Methods in Patients With CF Undergoing General Anesthesia,COMPLETED,OTHER,Nationwide Children's Hospital,NA,not_applicable,False,,cf,other,no_keyword_match,,diagnostic,0,0,0,auto_suggested,rules,,Nationwide Children's Hospital,,,2026-09-09T22:49:42+00:00,clinicaltrials_gov_api_v2
NCT03737630,Inspiratory Muscle Training in Individuals With Cystic Fibrosis,COMPLETED,OTHER,Universidade Federal do Rio Grande do Norte,NA,not_applicable,False,,cf,other,no_keyword_match,,diagnostic,0,0,0,auto_suggested,rules,,Universidade Federal do Rio Grande do Norte,,,2026-09-09T22:49:42+00:00,clinicaltrials_gov_api_v2
NCT03746483,OPTION: A Trial to Assess the Safety & Efficacy of MS1819 in Patients With Exocrine Pancreatic Insufficiency Due to Cystic Fibrosis,COMPLETED,INDUSTRY,Entero Therapeutics,PHASE2,phase_2,False,,cf,gi_nutrition,gi,N6,therapeutic,0,0,0,auto_suggested,rules,,Entero Therapeutics,,,2026-09-09T22:49:42+00:00,clinicaltrials_gov_api_v2
NCT03748199,"Clinical Study to Investigate Safety, Tolerability, Pharmacokinetics and Pharmacodynamics of POL6014 in Patients With CF",COMPLETED,INDUSTRY,Santhera Pharmaceuticals,PHASE1;PHASE2,phase_1,False,,cf,other,no_keyword_match,,supportive,0,0,0,auto_suggested,rules,,Santhera Pharmaceuticals,,,2026-09-09T22:49:42+00:00,clinicaltrials_gov_api_v2
NCT03756922,A DDI Study of FDL169 and FDL176 in Healthy Subjects,SUSPENDED,OTHER,Flatley Discovery Lab LLC,PHASE1;PHASE2,phase_1,False,,cf,other,no_keyword_match,,supportive,0,0,0,auto_suggested,rules,,Flatley Discovery Lab LLC,,,2026-09-09T22:49:42+00:00,clinicaltrials_gov_api_v2
NCT03760120,Short-term Effects of Physiotherapy on LCI,COMPLETED,OTHER,"Fondazione IRCCS Ca' Granda, Ospedale Maggiore Policlinico",NA,not_applicable,False,,cf,mucociliary_clearance,mucociliary,N3,supportive,0,0,0,auto_suggested,rules,,"Fondazione IRCCS Ca' Granda, Ospedale Maggiore Policlinico",,,2026-09-09T22:49:42+00:00,clinicaltrials_gov_api_v2
NCT03768089,Study of VX-121 in Healthy Subjects and in Subjects With Cystic Fibrosis,COMPLETED,INDUSTRY,Vertex Pharmaceuticals Incorporated,PHASE1;PHASE2,phase_1,False,,cf,cftr_modulator,modulator,N2,therapeutic,0,0,0,auto_suggested,rules,,Vertex Pharmaceuticals Incorporated,,,2026-09-09T22:49:42+00:00,clinicaltrials_gov_api_v2
NCT03782909,Evaluation of a Behavioural Intervention Using App Technology in CF,COMPLETED,OTHER,Sheffield Teaching Hospitals NHS Foundation Trust,NA,not_applicable,False,,cf,other,no_keyword_match,,supportive,0,0,0,auto_suggested,rules,,Sheffield Teaching Hospitals NHS Foundation Trust,,,2026-09-09T22:49:42+00:00,clinicaltrials_gov_api_v2
NCT03797677,MN4000 for Treatment of CF and MND Patients in the Home Setting,COMPLETED,INDUSTRY,Hill-Rom,NA,not_applicable,False,,cf,mucociliary_clearance,mucociliary,N3,supportive,0,0,0,auto_suggested,rules,,Hill-Rom,,,2026-09-09T22:49:42+00:00,clinicaltrials_gov_api_v2
NCT03800459,"Effect of a Family Empowerment Program on Coping, Problem Solving in Parents, and Quality of Life in Children With Cystic Fibrosis",COMPLETED,OTHER,Selcuk University,NA,not_applicable,False,,cf,other,no_keyword_match,,supportive,0,0,0,auto_suggested,rules,,Selcuk University,,,2026-09-09T22:49:42+00:00,clinicaltrials_gov_api_v2
NCT03822455,"A Phase 2b Randomised, Placebo Controlled Study of OligoG in Patients with Cystic Fibrosis",TERMINATED,INDUSTRY,AlgiPharma AS,PHASE2,phase_2,False,,cf,other,no_keyword_match,,supportive,0,0,0,auto_suggested,rules,,AlgiPharma AS,,,2026-09-09T22:49:42+00:00,clinicaltrials_gov_api_v2
NCT03843541,"A Clinical Trial to Compare the Efficacy and Safety of 1-week Treatment of Intravenous N-acetylcysteine (NAC) 600 mg Twice Daily, Ambroxol Hydrochloride 30 mg Twice Daily and Placebo as Expectorant Therapies in Adult Chinese Patients With Respiratory Tract Diseases and Abnormal Mucus Secretions",COMPLETED,INDUSTRY,Zambon SpA,PHASE3,phase_3,False,,cf,other,no_keyword_match,,supportive,0,0,0,auto_suggested,rules,,Zambon SpA,,,2026-09-09T22:49:42+00:00,clinicaltrials_gov_api_v2
NCT03870841,The Effect of PC945 on Aspergillus Fumigatus Lung Infection in Patients With Cystic Fibrosis,TERMINATED,INDUSTRY,Pulmocide Ltd,PHASE2,phase_2,False,,cf,antifungal,antifungal,N4,therapeutic,0,0,0,auto_suggested,rules,,Pulmocide Ltd,,,2026-09-09T22:49:42+00:00,clinicaltrials_gov_api_v2
NCT03873688,Effects of Expiratory Muscle Training on Cough Efficacy in Children and Adolescents With Cystic Fibrosis,COMPLETED,OTHER,Cigdem Emirza,NA,not_applicable,False,,cf,care_delivery,care_delivery,N8,supportive,0,0,0,auto_suggested,rules,,Cigdem Emirza,,,2026-09-09T22:49:42+00:00,clinicaltrials_gov_api_v2
NCT03888963,Pulsed Radiofrequency for Chronic Mastalgia of Fibrocystic Disease of the Breast,UNKNOWN,OTHER,Assiut University,NA,not_applicable,False,,cf,other,no_keyword_match,,supportive,0,0,0,auto_suggested,rules,,Assiut University,,,2026-09-09T22:49:42+00:00,clinicaltrials_gov_api_v2
NCT03894657,Validation of Respiratory Epithelial Functional Assessment to Predict Clinical Efficacy of Orkambi®.,COMPLETED,OTHER,Assistance Publique - Hôpitaux de Paris,NA,not_applicable,False,,cf,cftr_modulator,modulator,N2,therapeutic,0,0,0,auto_suggested,rules,,Assistance Publique - Hôpitaux de Paris,,,2026-09-09T22:49:42+00:00,clinicaltrials_gov_api_v2
NCT03903913,"Safety, Tolerability and Efficacy of S-1226 in Cystic Fibrosis and Non CF Bronchiectasis",UNKNOWN,INDUSTRY,SolAeroMed Inc.,PHASE2,phase_2,False,non-cf bronchiectasis,ncfb,other,no_keyword_match,,not_cf_primary,0,0,0,auto_suggested,rules,,SolAeroMed Inc.,,,2026-09-09T22:49:42+00:00,clinicaltrials_gov_api_v2
NCT03905642,Study of Dose Escalation of Liposomal Amikacin for Inhalation (ARIKAYCE™) - Extension Phase,COMPLETED,INDUSTRY,Insmed Incorporated,PHASE2,phase_2,False,,cf,antimicrobial,antimicrobial,N4,therapeutic,0,0,0,auto_suggested,rules,,Insmed Incorporated,,,2026-09-09T22:49:42+00:00,clinicaltrials_gov_api_v2
NCT03910881,Technology-enabled Patient Support System for Self-management of CF,COMPLETED,OTHER,University of Alabama at Birmingham,NA,not_applicable,False,,cf,other,no_keyword_match,,supportive,0,0,0,auto_suggested,rules,,University of Alabama at Birmingham,,,2026-09-09T22:49:42+00:00,clinicaltrials_gov_api_v2
NCT03911258,Epidemiology of the Nasal Flora at the Reference Center for Cystic Fibrosis of Queen Fabiola Children's University Hospital.,UNKNOWN,OTHER,Queen Fabiola Children's University Hospital,NA,not_applicable,False,,cf,other,no_keyword_match,,supportive,0,0,0,auto_suggested,rules,,Queen Fabiola Children's University Hospital,,,2026-09-09T22:49:42+00:00,clinicaltrials_gov_api_v2
NCT03911713,A Phase 2 Study to Evaluate Efficacy and Safety of VX-561 in Subjects Aged 18 Years and Older With Cystic Fibrosis,COMPLETED,INDUSTRY,Vertex Pharmaceuticals Incorporated,PHASE2,phase_2,False,,cf,other,no_keyword_match,,supportive,0,0,0,auto_suggested,rules,,Vertex Pharmaceuticals Incorporated,,,2026-09-09T22:49:42+00:00,clinicaltrials_gov_api_v2
NCT03912233,A Study to Evaluate the Safety and Efficacy of VX-121 Combination Therapy in Subjects With Cystic Fibrosis,COMPLETED,INDUSTRY,Vertex Pharmaceuticals Incorporated,PHASE2,phase_2,False,,cf,cftr_modulator,modulator,N2,therapeutic,0,0,0,auto_suggested,rules,,Vertex Pharmaceuticals Incorporated,,,2026-09-09T22:49:42+00:00,clinicaltrials_gov_api_v2
NCT03913507,Efficacy of a New Sweat Collection Support: Impact on Neonatal Screening and Early Treatment of Cystic Fibrosis,COMPLETED,OTHER,Cliniques universitaires Saint-Luc- Université Catholique de Louvain,NA,not_applicable,False,,cf,diagnostic,diagnostic,,diagnostic,0,0,0,auto_suggested,rules,,Cliniques universitaires Saint-Luc- Université Catholique de Louvain,,,2026-09-09T22:49:42+00:00,clinicaltrials_gov_api_v2
NCT03921060,Markers of Osteoporosis in Cystic Fibrosis,RECRUITING,OTHER,University of Texas Southwestern Medical Center,PHASE4,approved,True,,cf,other,no_keyword_match,N7,supportive,0,0,0,reviewed,trial_review_overrides,Denosumab markers in CF osteoporosis,University of Texas Southwestern Medical Center,,Bone-health study of an approved osteoporosis drug. Not CF-specific whitespace.,2026-09-09T22:49:42+00:00,clinicaltrials_gov_api_v2
NCT03921229,Tele-Coaching Intervention to Improve Treatment Adherence in Cystic Fibrosis,COMPLETED,OTHER,Boston Children's Hospital,NA,not_applicable,False,,cf,other,no_keyword_match,,supportive,0,0,0,auto_suggested,rules,,Boston Children's Hospital,,,2026-09-09T22:49:42+00:00,clinicaltrials_gov_api_v2
NCT03924947,"A Study to Compare US Marketed Creon Manufactured With a Modernized Process at an Alternate Manufacturing Site and Manufactured With the Approved Manufacturing Process at an Alternate Active Pharmaceutical Ingredient Site, in Participants With Exocrine Pancreatic Insufficiency Due to Cystic Fibrosis",COMPLETED,INDUSTRY,AbbVie,PHASE4,approved,False,,cf,gi_nutrition,gi,N6,therapeutic,0,0,0,auto_suggested,rules,,AbbVie,,,2026-09-09T22:49:42+00:00,clinicaltrials_gov_api_v2
NCT03925194,A Study to Evaluate Safety and Efficacy of Subcutaneous Administration of Anakinra in Patients With CF,RECRUITING,OTHER,Heidelberg University,PHASE2,phase_2,True,,cf,anti_inflammatory,anti_inflammatory,N3,therapeutic,1,1,1,reviewed,trial_review_overrides,Anakinra,Heidelberg University,,Academic Phase 2 IL-1 blockade in CF. Investigator-initiated; not a CF-specific newco listing.,2026-09-09T22:49:42+00:00,clinicaltrials_gov_api_v2
NCT03931252,Thermic Effect of Feeding in Cystic Fibrosis,WITHDRAWN,OTHER,Virginia Commonwealth University,NA,not_applicable,False,,cf,other,no_keyword_match,,supportive,0,0,0,auto_suggested,rules,,Virginia Commonwealth University,,,2026-09-09T22:49:42+00:00,clinicaltrials_gov_api_v2
NCT03938324,Peer i-Coaching for Activated Self-Management Optimization in Adolescents and Young Adults With Chronic Conditions,COMPLETED,OTHER,Duke University,NA,not_applicable,False,,cf,other,no_keyword_match,,supportive,0,0,0,auto_suggested,rules,,Duke University,,,2026-09-09T22:49:42+00:00,clinicaltrials_gov_api_v2
NCT03939065,Sensor Augmented Pump (SAP) Therapy for Inpatient CFRD Management,TERMINATED,OTHER,"University of Colorado, Denver",NA,not_applicable,False,,cf,metabolic_cfrd,cfrd,N5,diagnostic,0,0,0,auto_suggested,rules,,"University of Colorado, Denver",,,2026-09-09T22:49:42+00:00,clinicaltrials_gov_api_v2
NCT03947957,Microbial Biomarkers of EArly Pseudomonas Aeruginosa Colonization in CHildren With Cystic Fibrosis,ACTIVE_NOT_RECRUITING,OTHER,"University Hospital, Brest",NA,not_applicable,True,,cf,other,no_keyword_match,,diagnostic,0,0,0,auto_suggested,rules,,"University Hospital, Brest",,,2026-09-09T22:49:42+00:00,clinicaltrials_gov_api_v2
NCT03948958,PREMO Study: to Investigate Port REMoval Outcomes,COMPLETED,OTHER,Universitaire Ziekenhuizen KU Leuven,NA,not_applicable,False,,cf,other,no_keyword_match,,supportive,0,0,0,auto_suggested,rules,,Universitaire Ziekenhuizen KU Leuven,,,2026-09-09T22:49:42+00:00,clinicaltrials_gov_api_v2
NCT03956589,Functional Respiratory Imaging and Orkambi in CF,TERMINATED,OTHER,"University Hospital, Antwerp",PHASE4,approved,False,,cf,cftr_modulator,modulator,N2,label_expansion,0,0,0,auto_suggested,rules,,"University Hospital, Antwerp",,,2026-09-09T22:49:42+00:00,clinicaltrials_gov_api_v2
NCT03965832,HFNT During Exercise in CF,COMPLETED,OTHER,The Leeds Teaching Hospitals NHS Trust,NA,not_applicable,False,,cf,care_delivery,care_delivery,N8,supportive,0,0,0,auto_suggested,rules,,The Leeds Teaching Hospitals NHS Trust,,,2026-09-09T22:49:42+00:00,clinicaltrials_gov_api_v2
NCT03969888,A Phase 2 Study of ABBV-3067 Alone and in Combination With ABBV-2222,COMPLETED,INDUSTRY,AbbVie,PHASE2,phase_2,False,,cf,other,no_keyword_match,,supportive,0,0,0,auto_suggested,rules,,AbbVie,,,2026-09-09T22:49:42+00:00,clinicaltrials_gov_api_v2
NCT03988816,"Effect of Roflumilast on Quality of Life, Lung Function and Mucus Properties in Patients With Bronchiectasis",UNKNOWN,OTHER,University of Sao Paulo General Hospital,PHASE2,phase_2,False,non-cystic fibrosis bronchiectasis,ncfb,antimicrobial,antimicrobial,,not_cf_primary,0,0,0,auto_suggested,rules,,University of Sao Paulo General Hospital,,,2026-09-09T22:49:42+00:00,clinicaltrials_gov_api_v2
NCT03992027,Preventing Depression and Anxiety: A Cystic Fibrosis-Specific Cognitive Behavioral Therapy Intervention,COMPLETED,OTHER,Massachusetts General Hospital,NA,not_applicable,False,,cf,care_delivery,care_delivery,N8,supportive,0,0,0,auto_suggested,rules,,Massachusetts General Hospital,,,2026-09-09T22:49:42+00:00,clinicaltrials_gov_api_v2
NCT03993600,New Markers of Cystic Fibrosis Transmembrane Conductance Regulator (CFTR) Function in Sweat,UNKNOWN,OTHER,Cliniques universitaires Saint-Luc- Université Catholique de Louvain,NA,not_applicable,False,,cf,diagnostic,diagnostic,,diagnostic,0,0,0,auto_suggested,rules,,Cliniques universitaires Saint-Luc- Université Catholique de Louvain,,,2026-09-09T22:49:42+00:00,clinicaltrials_gov_api_v2
NCT04006873,Gut Imaging for Function & Transit in Cystic Fibrosis Study 2,COMPLETED,OTHER,Nottingham University Hospitals NHS Trust,PHASE2,phase_2,False,,cf,cftr_modulator,modulator,N2,therapeutic,0,0,0,auto_suggested,rules,,Nottingham University Hospitals NHS Trust,,,2026-09-09T22:49:42+00:00,clinicaltrials_gov_api_v2
NCT04010253,Impact of Bronchial Drainage Technique by the Medical Device Simeox® on Respiratory Function and Symptoms in Adult Patients With Cystic Fibrosis,COMPLETED,OTHER,"Association Nationale pour les Traitements A Domicile, les Innovations et la Recherche",NA,not_applicable,False,,cf,mucociliary_clearance,mucociliary,N3,supportive,0,0,0,auto_suggested,rules,,"Association Nationale pour les Traitements A Domicile, les Innovations et la Recherche",,,2026-09-09T22:49:42+00:00,clinicaltrials_gov_api_v2
NCT04010799,"A Clinical Study to Investigate Safety, Tolerability and Distribution of CHF 6333 After One or After Repeated Inhalation in Patients With Cystic Fibrosis (CF) and in Patients With Non Cystic Fibrosis (NCFB) Bronchiectasis",COMPLETED,INDUSTRY,Chiesi Farmaceutici S.p.A.,PHASE1,phase_1,False,non-cystic fibrosis bronchiectasis,ncfb,other,no_keyword_match,,not_cf_primary,0,0,0,auto_suggested,rules,,Chiesi Farmaceutici S.p.A.,,,2026-09-09T22:49:42+00:00,clinicaltrials_gov_api_v2
NCT04017312,A Pilot Study to Evaluate the Use of the Vest® System for Treatment of Bronchiectasis Patients in the Home Setting,TERMINATED,INDUSTRY,Hill-Rom,NA,not_applicable,False,non-cystic fibrosis bronchiectasis,ncfb,mucociliary_clearance,mucociliary,,not_cf_primary,0,0,0,auto_suggested,rules,,Hill-Rom,,,2026-09-09T22:49:42+00:00,clinicaltrials_gov_api_v2
NCT04017559,Clinical Impact of MI on Inhaled Antibiotic Adherence in Cystic Fibrosis,COMPLETED,OTHER,Belfast Health and Social Care Trust,NA,not_applicable,False,,cf,antimicrobial,antimicrobial,N4,supportive,0,0,0,auto_suggested,rules,,Belfast Health and Social Care Trust,,,2026-09-09T22:49:42+00:00,clinicaltrials_gov_api_v2
NCT04039087,Sildenafil Exercise: Role of PDE5 Inhibition,COMPLETED,OTHER,National Jewish Health,PHASE2;PHASE3,phase_2,False,,cf,care_delivery,care_delivery,N8,supportive,0,0,0,auto_suggested,rules,,National Jewish Health,,,2026-09-09T22:49:42+00:00,clinicaltrials_gov_api_v2
NCT04043806,A Study Evaluating the Long-term Safety of VX-445 Combination Therapy,COMPLETED,INDUSTRY,Vertex Pharmaceuticals Incorporated,PHASE3,phase_3,False,,cf,cftr_modulator,modulator,N2,therapeutic,0,0,0,auto_suggested,rules,,Vertex Pharmaceuticals Incorporated,,,2026-09-09T22:49:42+00:00,clinicaltrials_gov_api_v2
NCT04058340,Taste Receptors Regulation in CF Patients,UNKNOWN,OTHER,Medical University of Lodz,NA,not_applicable,False,,cf,other,no_keyword_match,,supportive,0,0,0,auto_suggested,rules,,Medical University of Lodz,,,2026-09-09T22:49:42+00:00,clinicaltrials_gov_api_v2
NCT04058353,A Phase 3 Study of VX-445 Combination Therapy in Cystic Fibrosis (CF) Subjects Heterozygous for F508del and a Gating or Residual Function Mutation (F/G and F/RF Genotypes),COMPLETED,INDUSTRY,Vertex Pharmaceuticals Incorporated,PHASE3,phase_3,False,,cf,cftr_modulator,modulator,N2,therapeutic,0,0,0,auto_suggested,rules,,Vertex Pharmaceuticals Incorporated,,,2026-09-09T22:49:42+00:00,clinicaltrials_gov_api_v2
NCT04058366,Study Evaluating the Long-term Safety and Efficacy of VX-445 Combination Therapy,COMPLETED,INDUSTRY,Vertex Pharmaceuticals Incorporated,PHASE3,phase_3,False,,cf,cftr_modulator,modulator,N2,therapeutic,0,0,0,auto_suggested,rules,,Vertex Pharmaceuticals Incorporated,,,2026-09-09T22:49:42+00:00,clinicaltrials_gov_api_v2
NCT04058548,Clinical Utility of the 1-minute Sit to Stand Test as a Measure of Submaximal Exercise Tolerance in Patients With Cystic Fibrosis During Acute Pulmonary Exacerbation,COMPLETED,OTHER,Boston Children's Hospital,NA,not_applicable,False,,cf,care_delivery,care_delivery,N8,supportive,0,0,0,auto_suggested,rules,,Boston Children's Hospital,,,2026-09-09T22:49:42+00:00,clinicaltrials_gov_api_v2
NCT04059094,A 4-week Study to Test Different Doses of BI 1265162 in Adolescents and Adults With Cystic Fibrosis Using the Respimat® Inhaler - BALANCE - CF™1,TERMINATED,INDUSTRY,Boehringer Ingelheim,PHASE2,phase_2,False,,cf,other,no_keyword_match,,supportive,0,0,0,auto_suggested,rules,,Boehringer Ingelheim,,,2026-09-09T22:49:42+00:00,clinicaltrials_gov_api_v2
NCT04060329,Measuring and Improving Coproduction Using coopeRATE,TERMINATED,OTHER,Dartmouth-Hitchcock Medical Center,NA,not_applicable,False,,cf,other,no_keyword_match,,supportive,0,0,0,auto_suggested,rules,,Dartmouth-Hitchcock Medical Center,,,2026-09-09T22:49:42+00:00,clinicaltrials_gov_api_v2
NCT04075864,Feasibility of a New Model for Exercise Prescription in Cystic Fibrosis,COMPLETED,OTHER,University of Alabama at Birmingham,NA,not_applicable,False,,cf,care_delivery,care_delivery,N8,supportive,0,0,0,auto_suggested,rules,,University of Alabama at Birmingham,,,2026-09-09T22:49:42+00:00,clinicaltrials_gov_api_v2
NCT04084041,Efficacy of Simeox Airway Clearance Therapy in Children With Cystic Fibrosis,COMPLETED,INDUSTRY,Physio-Assist,NA,not_applicable,False,,cf,mucociliary_clearance,mucociliary,N3,supportive,0,0,0,auto_suggested,rules,,Physio-Assist,,,2026-09-09T22:49:42+00:00,clinicaltrials_gov_api_v2
NCT04090294,Assessment of Early Outcomes of Roflumilast in Patients With Non Cystic Fibrosis Bronchiectasis,UNKNOWN,OTHER,Assiut University,EARLY_PHASE1,phase_1,False,non-cystic fibrosis bronchiectasis,ncfb,other,no_keyword_match,,not_cf_primary,0,0,0,auto_suggested,rules,,Assiut University,,,2026-09-09T22:49:42+00:00,clinicaltrials_gov_api_v2
NCT04094441,Modeling of Chest Physiotherapy Using Impedance Measurements (PHYSIOMOD),COMPLETED,OTHER,Assistance Publique - Hôpitaux de Paris,NA,not_applicable,False,,cf,other,no_keyword_match,,supportive,0,0,0,auto_suggested,rules,,Assistance Publique - Hôpitaux de Paris,,,2026-09-09T22:49:42+00:00,clinicaltrials_gov_api_v2
NCT04095078,Ancillary Home Airway Clearance in CF Patients ( HomeCareSIMEOX ),COMPLETED,INDUSTRY,Physio-Assist,NA,not_applicable,False,,cf,mucociliary_clearance,mucociliary,N3,supportive,0,0,0,auto_suggested,rules,,Physio-Assist,,,2026-09-09T22:49:42+00:00,clinicaltrials_gov_api_v2
NCT04096664,Home Airway Clearance in CF Patients,COMPLETED,INDUSTRY,Physio-Assist,NA,not_applicable,False,,cf,mucociliary_clearance,mucociliary,N3,supportive,0,0,0,auto_suggested,rules,,Physio-Assist,,,2026-09-09T22:49:42+00:00,clinicaltrials_gov_api_v2
NCT04105972,"A Study Evaluating the Efficacy and Safety of VX-445/Tezacaftor/Ivacaftor in Cystic Fibrosis Subjects, Homozygous for F508del",COMPLETED,INDUSTRY,Vertex Pharmaceuticals Incorporated,PHASE3,phase_3,False,,cf,cftr_modulator,modulator,N2,therapeutic,0,0,0,auto_suggested,rules,,Vertex Pharmaceuticals Incorporated,,,2026-09-09T22:49:42+00:00,clinicaltrials_gov_api_v2
NCT04114227,Acceptance and Commitment Therapy vs. Supportive Psychotherapy With Cystic Fibrosis Patients,COMPLETED,OTHER,Thomas Jefferson University,NA,not_applicable,False,,cf,care_delivery,care_delivery,N8,supportive,0,0,0,auto_suggested,rules,,Thomas Jefferson University,,,2026-09-09T22:49:42+00:00,clinicaltrials_gov_api_v2
NCT04118010,Vitamin D and Prebiotics for Intestinal Health in Cystic Fibrosis,COMPLETED,OTHER,Emory University,PHASE4,approved,False,,cf,other,no_keyword_match,,supportive,0,0,0,auto_suggested,rules,,Emory University,,,2026-09-09T22:49:42+00:00,clinicaltrials_gov_api_v2
NCT04122547,Efficacy of Roflumilast on Exacerbations in Patients With Non-cystic Fibrosis Bronchiectasis,COMPLETED,OTHER,Prince of Songkla University,PHASE3,phase_3,False,non-cystic fibrosis bronchiectasis,ncfb,other,no_keyword_match,,not_cf_primary,0,0,0,auto_suggested,rules,,Prince of Songkla University,,,2026-09-09T22:49:42+00:00,clinicaltrials_gov_api_v2
NCT04126473,"A Phase 2 Study to Evaluate the Safety, Tolerability, PK and PD in Cystic Fibrosis Patients With at Least 1 G542X Allele",COMPLETED,INDUSTRY,"Eloxx Pharmaceuticals, Inc.",PHASE2,phase_2,False,,cf,nonsense_readthrough,nonsense,N1,therapeutic,0,0,0,auto_suggested,rules,,"Eloxx Pharmaceuticals, Inc.",,,2026-09-09T22:49:42+00:00,clinicaltrials_gov_api_v2
NCT04131972,REGENERA Implant in Excised Non-Malignant Breast Lesions,COMPLETED,INDUSTRY,Tensive SRL,NA,not_applicable,False,,cf,other,no_keyword_match,,diagnostic,0,0,0,auto_suggested,rules,,Tensive SRL,,,2026-09-09T22:49:42+00:00,clinicaltrials_gov_api_v2
NCT04133246,Parenting Concerns in Patients With Cystic Fibrosis (MucoPar),COMPLETED,OTHER,Assistance Publique - Hôpitaux de Paris,NA,not_applicable,False,,cf,other,no_keyword_match,,supportive,0,0,0,auto_suggested,rules,,Assistance Publique - Hôpitaux de Paris,,,2026-09-09T22:49:42+00:00,clinicaltrials_gov_api_v2
NCT04135495,"A Phase 2 Study to Evaluate the Safety, Tolerability, PK and PD of ELX-02 in Cystic Fibrosis Patients With G542X Allele",COMPLETED,INDUSTRY,"Eloxx Pharmaceuticals, Inc.",PHASE2,phase_2,False,,cf,nonsense_readthrough,nonsense,N1,therapeutic,0,0,0,auto_suggested,rules,,"Eloxx Pharmaceuticals, Inc.",,,2026-09-09T22:49:42+00:00,clinicaltrials_gov_api_v2
NCT04137133,Patienthèque of Finisterian (South of Brittany) Children With Cystic Fibrosis in the Time of Precision Medicine,RECRUITING,OTHER,"University Hospital, Brest",NA,not_applicable,True,,cf,other,no_keyword_match,,diagnostic,0,0,0,auto_suggested,rules,,"University Hospital, Brest",,,2026-09-09T22:49:42+00:00,clinicaltrials_gov_api_v2
NCT04153669,Exercise With or Without Electrical Stimulation in Cystic Fibrosis (Part I): Effects on Physical Fitness,COMPLETED,OTHER,Universidad Europea de Madrid,NA,not_applicable,False,,cf,care_delivery,care_delivery,N8,supportive,0,0,0,auto_suggested,rules,,Universidad Europea de Madrid,,,2026-09-09T22:49:42+00:00,clinicaltrials_gov_api_v2
NCT04166396,Non-pulmonary Contributors of Exercise Intolerance in Patients With Cystic Fibrosis,COMPLETED,OTHER,Virginia Commonwealth University,EARLY_PHASE1,phase_1,False,,cf,care_delivery,care_delivery,N8,supportive,0,0,0,auto_suggested,rules,,Virginia Commonwealth University,,,2026-09-09T22:49:42+00:00,clinicaltrials_gov_api_v2
NCT04170114,Comparison of the Efficacy of Comprehensive Respiratory Physiotherapy in Children With Cystic Fibrosis and Non-Cystic Fibrosis Bronchiectasis,COMPLETED,OTHER,Bezmialem Vakif University,NA,not_applicable,False,non-cystic fibrosis bronchiectasis,ncfb,other,no_keyword_match,,not_cf_primary,0,0,0,auto_suggested,rules,,Bezmialem Vakif University,,,2026-09-09T22:49:42+00:00,clinicaltrials_gov_api_v2
NCT04176328,"Open-label, Dose-escalation Study to Evaluate the Pharmacokinetics of Inhaled Teicoplanin in Cystic Fibrosis Patients",COMPLETED,INDUSTRY,Neupharma Srl,PHASE1,phase_1,False,,cf,antimicrobial,antimicrobial,N4,therapeutic,0,0,0,auto_suggested,rules,,Neupharma Srl,,,2026-09-09T22:49:42+00:00,clinicaltrials_gov_api_v2
NCT04183790,Evaluation of Long-term Safety and Efficacy of ELX/TEZ/IVA TC Combination Therapy in Participants With Cystic Fibrosis Who Are 6 Years of Age and Older,COMPLETED,INDUSTRY,Vertex Pharmaceuticals Incorporated,PHASE3,phase_3,False,,cf,cftr_modulator,modulator,N2,therapeutic,0,0,0,auto_suggested,rules,,Vertex Pharmaceuticals Incorporated,,,2026-09-09T22:49:42+00:00,clinicaltrials_gov_api_v2
NCT04187924,Effects of SIMEOX on Airway Clearance in Cystic Fibrosis,COMPLETED,OTHER,Cliniques universitaires Saint-Luc- Université Catholique de Louvain,NA,not_applicable,False,,cf,mucociliary_clearance,mucociliary,N3,supportive,0,0,0,auto_suggested,rules,,Cliniques universitaires Saint-Luc- Université Catholique de Louvain,,,2026-09-09T22:49:42+00:00,clinicaltrials_gov_api_v2
NCT04210427,Cystic Fibrosis and Gut Dysmotility: The Effect of Polyethylene Glycol (PEG) on Intestinal Transit,COMPLETED,OTHER,St. Louis University,PHASE4,approved,False,,cf,gi_nutrition,gi,N6,therapeutic,0,0,0,auto_suggested,rules,,St. Louis University,,,2026-09-09T22:49:42+00:00,clinicaltrials_gov_api_v2
NCT04215796,"Evaluation of the ReX-C System, in Patients Receiving CFTR Modulators for the Treatment of Cystic Fibrosis (CF).",UNKNOWN,INDUSTRY,Dosentrx Ltd.,NA,not_applicable,False,,cf,cftr_modulator,modulator,N2,diagnostic,0,0,0,auto_suggested,rules,,Dosentrx Ltd.,,,2026-09-09T22:49:42+00:00,clinicaltrials_gov_api_v2
NCT04226118,Efficacy of an Infrared Visualization Technique for the Identification of the Peripheral Venous Access Site in Patients With Cystic Fibrosis Aged 12 Years and Older,COMPLETED,OTHER,Hospices Civils de Lyon,NA,not_applicable,False,,cf,antimicrobial,antimicrobial,N4,diagnostic,0,0,0,auto_suggested,rules,,Hospices Civils de Lyon,,,2026-09-09T22:49:42+00:00,clinicaltrials_gov_api_v2
NCT04235140,Long-term Safety of Lumacaftor/Ivacaftor in Participants With Cystic Fibrosis Who Are Homozygous for F508del and 12 to <24 Months of Age at Treatment Initiation,COMPLETED,INDUSTRY,Vertex Pharmaceuticals Incorporated,PHASE3,phase_3,False,,cf,cftr_modulator,modulator,N2,therapeutic,0,0,0,auto_suggested,rules,,Vertex Pharmaceuticals Incorporated,,,2026-09-09T22:49:42+00:00,clinicaltrials_gov_api_v2
NCT04242420,Connexin Genotypes in Cystic Fibrosis,UNKNOWN,OTHER,University Childrens' Hospital (Zentrum für Kinderheilkunde des Universitätsklinikum Bonn),NA,not_applicable,False,,cf,other,no_keyword_match,,diagnostic,0,0,0,auto_suggested,rules,,University Childrens' Hospital (Zentrum für Kinderheilkunde des Universitätsklinikum Bonn),,,2026-09-09T22:49:42+00:00,clinicaltrials_gov_api_v2
NCT04249999,ActivOnline: Physical Activity in Cystic Fibrosis Trial UK,WITHDRAWN,OTHER,University of Exeter,NA,not_applicable,False,,cf,care_delivery,care_delivery,N8,supportive,0,0,0,auto_suggested,rules,,University of Exeter,,,2026-09-09T22:49:42+00:00,clinicaltrials_gov_api_v2
NCT04254705,Organoid Study R334W,WITHDRAWN,OTHER,Universitaire Ziekenhuizen KU Leuven,NA,not_applicable,False,,cf,cftr_modulator,modulator,N2,supportive,0,0,0,auto_suggested,rules,,Universitaire Ziekenhuizen KU Leuven,,,2026-09-09T22:49:42+00:00,clinicaltrials_gov_api_v2
NCT04259970,Hyperpolarized Imaging for New Treatments,ACTIVE_NOT_RECRUITING,OTHER,"Children's Hospital Medical Center, Cincinnati",PHASE4,approved,True,,cf,cftr_modulator,modulator,N2,label_expansion,0,0,0,auto_suggested,rules,,"Children's Hospital Medical Center, Cincinnati",,,2026-09-09T22:49:42+00:00,clinicaltrials_gov_api_v2
NCT04274413,CFTR Related Pancreatitis Study,WITHDRAWN,OTHER,The Hospital for Sick Children,NA,not_applicable,False,,cf,diagnostic,diagnostic,,diagnostic,0,0,0,auto_suggested,rules,,The Hospital for Sick Children,,,2026-09-09T22:49:42+00:00,clinicaltrials_gov_api_v2
NCT04278040,Inhalations of Ultra-low Doses of Melphalan for the Treatment of Non-cystic Fibrosis Bronchiectasis,UNKNOWN,OTHER_GOV,"Federal State Budgetary Institution, Pulmonology Scientific Research Institute",PHASE2,phase_2,False,non-cystic fibrosis bronchiectasis,ncfb,other,no_keyword_match,,not_cf_primary,0,0,0,auto_suggested,rules,,"Federal State Budgetary Institution, Pulmonology Scientific Research Institute",,,2026-09-09T22:49:42+00:00,clinicaltrials_gov_api_v2
NCT04279769,Study to Evaluate the Safety of CB-280 in Patients With Cystic Fibrosis,COMPLETED,INDUSTRY,"Calithera Biosciences, Inc",PHASE1,phase_1,False,,cf,other,no_keyword_match,,supportive,0,0,0,auto_suggested,rules,,"Calithera Biosciences, Inc",,,2026-09-09T22:49:42+00:00,clinicaltrials_gov_api_v2
NCT04293926,Heart Rate Variability in Children and Adolescents With Cystic Fibrosis,COMPLETED,OTHER,Universidad Europea de Madrid,NA,not_applicable,False,,cf,care_delivery,care_delivery,N8,supportive,0,0,0,auto_suggested,rules,,Universidad Europea de Madrid,,,2026-09-09T22:49:42+00:00,clinicaltrials_gov_api_v2
NCT04294043,IV Gallium Study for Patients With Cystic Fibrosis Who Have NTM (ABATE Study),RECRUITING,OTHER,Chris Goss,PHASE1,phase_1,True,,cf,antimicrobial,gallium_ntm,N4,therapeutic,1,1,1,reviewed,trial_review_overrides,Intravenous gallium for NTM,Chris Goss,cff-iv-gallium,ABATE: IV gallium in CF with NTM. Linked to the CFF IV gallium listing.,2026-09-09T22:49:42+00:00,clinicaltrials_gov_api_v2
NCT04302662,Phase 2 Combination Study With Escalating Doses of MS1819-SD on Top of a Stable Dose of PPEs,COMPLETED,INDUSTRY,AzurRx SAS,PHASE2,phase_2,False,,cf,gi_nutrition,gi,N6,therapeutic,0,0,0,auto_suggested,rules,,AzurRx SAS,,,2026-09-09T22:49:42+00:00,clinicaltrials_gov_api_v2
NCT04315311,"Study Of Effects Of Oral CREON Capsules In Adult Participants With Exocrine Pancreatic Insufficiency Not Due To Cystic Fibrosis, Chronic Pancreatitis, Pancreatectomy, Or Pancreatic Cancer",WITHDRAWN,INDUSTRY,AbbVie,PHASE4,approved,False,,cf,gi_nutrition,gi,N6,therapeutic,0,0,0,auto_suggested,rules,,AbbVie,,,2026-09-09T22:49:42+00:00,clinicaltrials_gov_api_v2
NCT04322929,Roflumilast in Non-CF Bronchiectasis Study (2019),COMPLETED,OTHER,The University of Hong Kong,PHASE2,phase_2,False,non-cystic fibrosis bronchiectasis,ncfb,care_delivery,care_delivery,,not_cf_primary,0,0,0,auto_suggested,rules,,The University of Hong Kong,,,2026-09-09T22:49:42+00:00,clinicaltrials_gov_api_v2
NCT04353817,A Study Evaluating Efficacy and Safety of Elexacaftor/Tezacaftor/Ivacaftor in Subjects 6 Through 11 Years of Age With Cystic Fibrosis and F/MF Genotypes,COMPLETED,INDUSTRY,Vertex Pharmaceuticals Incorporated,PHASE3,phase_3,False,,cf,cftr_modulator,modulator,N2,therapeutic,0,0,0,auto_suggested,rules,,Vertex Pharmaceuticals Incorporated,,,2026-09-09T22:49:42+00:00,clinicaltrials_gov_api_v2
NCT04362761,A Study Evaluating the Long-Term Safety of Elexacaftor Combination Therapy,COMPLETED,INDUSTRY,Vertex Pharmaceuticals Incorporated,PHASE3,phase_3,False,,cf,cftr_modulator,modulator,N2,therapeutic,0,0,0,auto_suggested,rules,,Vertex Pharmaceuticals Incorporated,,,2026-09-09T22:49:42+00:00,clinicaltrials_gov_api_v2
NCT04375514,Study of ARO-ENaC in Healthy Volunteers and in Patients With Cystic Fibrosis,TERMINATED,INDUSTRY,Arrowhead Pharmaceuticals,PHASE1;PHASE2,phase_1,False,,cf,other,no_keyword_match,,supportive,0,0,0,auto_suggested,rules,,Arrowhead Pharmaceuticals,,,2026-09-09T22:49:42+00:00,clinicaltrials_gov_api_v2
NCT04375878,OPTION 2: A Trial to Assess the Safety and Efficacy of MS1819 in Enteric Capsules in Patients With Cystic Fibrosis,COMPLETED,INDUSTRY,Entero Therapeutics,PHASE2,phase_2,False,,cf,gi_nutrition,gi,N6,therapeutic,0,0,0,auto_suggested,rules,,Entero Therapeutics,,,2026-09-09T22:49:42+00:00,clinicaltrials_gov_api_v2
NCT04381429,Effect of Postprandial Insulin Administration of Faster-acting Insulin Analogue Versus Pre-prandial Administration of Acting-insulin Analogue in Cystic Fibrosis Related Diabetes,TERMINATED,OTHER,"University Hospital, Strasbourg, France",PHASE4,approved,False,,cf,metabolic_cfrd,cfrd,N5,therapeutic,0,0,0,auto_suggested,rules,,"University Hospital, Strasbourg, France",,,2026-09-09T22:49:42+00:00,clinicaltrials_gov_api_v2
NCT04411901,The Role of Vitamin D3 in Pediatric Bronchiectasis Severity,COMPLETED,OTHER,Heba Omara,PHASE2;PHASE3,phase_2,False,non-cf bronchiectasis,ncfb,other,no_keyword_match,,not_cf_primary,0,0,0,auto_suggested,rules,,Heba Omara,,,2026-09-09T22:49:42+00:00,clinicaltrials_gov_api_v2
NCT04415268,Combined Effect of CFTR Protein Modulator Drugs and Exercise in Cystic Fibrosis,WITHDRAWN,OTHER,Universidad Europea de Madrid,NA,not_applicable,False,,cf,diagnostic,diagnostic,,diagnostic,0,0,0,auto_suggested,rules,,Universidad Europea de Madrid,,,2026-09-09T22:49:42+00:00,clinicaltrials_gov_api_v2
NCT04451213,Magnetic Resonance Imaging and Neuro-Psychological Testing In Cystic Fibrosis,COMPLETED,OTHER_GOV,Cardiff and Vale University Health Board,NA,not_applicable,False,,cf,diagnostic,diagnostic,,diagnostic,0,0,0,auto_suggested,rules,,Cardiff and Vale University Health Board,,,2026-09-09T22:49:42+00:00,clinicaltrials_gov_api_v2
NCT04453358,Cystic Fibrosis Remote Monitoring System,UNKNOWN,INDUSTRY,Koronis Biomedical Technologies,NA,not_applicable,False,,cf,mucociliary_clearance,mucociliary,N3,supportive,0,0,0,auto_suggested,rules,,Koronis Biomedical Technologies,,,2026-09-09T22:49:42+00:00,clinicaltrials_gov_api_v2
NCT04458129,Polyethylene Glycol and Intestinal Inflammation in Cystic Fibrosis,TERMINATED,OTHER,"University Hospital, Bordeaux",PHASE2,phase_2,False,,cf,other,no_keyword_match,,supportive,0,0,0,auto_suggested,rules,,"University Hospital, Bordeaux",,,2026-09-09T22:49:42+00:00,clinicaltrials_gov_api_v2
NCT04460586,Pharmacokinetics of Omadacycline in Cystic Fibrosis,COMPLETED,OTHER,Paul Beringer,PHASE4,approved,False,,cf,other,no_keyword_match,,supportive,0,0,0,auto_suggested,rules,,Paul Beringer,,,2026-09-09T22:49:42+00:00,clinicaltrials_gov_api_v2
NCT04461561,Using NPT to Evaluate Providing PPC as ELNEC-PPC WBT for Nurses,UNKNOWN,OTHER,Altoosi University College,NA,not_applicable,False,,cf,other,no_keyword_match,,supportive,0,0,0,auto_suggested,rules,,Altoosi University College,,,2026-09-09T22:49:42+00:00,clinicaltrials_gov_api_v2
NCT04467957,Non-contrast Lung Perfusion Mapping Applied for New Insights in Cystic Fibrosis,ACTIVE_NOT_RECRUITING,OTHER,"Children's Hospital Medical Center, Cincinnati",PHASE4,approved,True,,cf,cftr_modulator,modulator,N2,label_expansion,0,0,0,auto_suggested,rules,,"Children's Hospital Medical Center, Cincinnati",,,2026-09-09T22:49:42+00:00,clinicaltrials_gov_api_v2
NCT04468100,Efficacy and Safety of Tigerase® vs. Pulmozyme® in Patients With Cystic Fibrosis,COMPLETED,INDUSTRY,AO GENERIUM,PHASE3,phase_3,False,,cf,mucociliary_clearance,mucociliary,N3,therapeutic,0,0,0,auto_suggested,rules,,AO GENERIUM,,,2026-09-09T22:49:42+00:00,clinicaltrials_gov_api_v2
NCT04476433,Intervention in Chronic Pediatric Patients and Their Families.,COMPLETED,OTHER,University of Valencia,NA,not_applicable,False,,cf,other,no_keyword_match,,supportive,0,0,0,auto_suggested,rules,,University of Valencia,,,2026-09-09T22:49:42+00:00,clinicaltrials_gov_api_v2
NCT04488705,"A First in Human Study to Evaluate the Safety, Tolerability and Pharmacokinetics of Single and Multiple Ascending Doses of Inhaled ETD002 in Healthy Subjects",COMPLETED,INDUSTRY,Enterprise Therapeutics Ltd,PHASE1,phase_1,False,,cf,other,no_keyword_match,,supportive,0,0,0,auto_suggested,rules,,Enterprise Therapeutics Ltd,,,2026-09-09T22:49:42+00:00,clinicaltrials_gov_api_v2
NCT04489186,Continuous Cardiorespiratory Monitoring in Cystic Fibrosis,COMPLETED,INDUSTRY,Byteflies,NA,not_applicable,False,,cf,care_delivery,care_delivery,N8,supportive,0,0,0,auto_suggested,rules,,Byteflies,,,2026-09-09T22:49:42+00:00,clinicaltrials_gov_api_v2
NCT04496921,Vitamin K Supplementation to Reduce Deficiencies in Adults With Cystic Fibrosis,WITHDRAWN,OTHER,Institut de Recherches Cliniques de Montreal,NA,not_applicable,False,,cf,other,no_keyword_match,,supportive,0,0,0,auto_suggested,rules,,Institut de Recherches Cliniques de Montreal,,,2026-09-09T22:49:42+00:00,clinicaltrials_gov_api_v2
NCT04509661,Efficacy and Safety of Inhaled Bronchodilator in Non-CF Bronchiectasis With Airflow Limitation,UNKNOWN,OTHER,"Shanghai Pulmonary Hospital, Shanghai, China",PHASE4,approved,False,non-cystic fibrosis bronchiectasis,ncfb,other,no_keyword_match,,not_cf_primary,0,0,0,auto_suggested,rules,,"Shanghai Pulmonary Hospital, Shanghai, China",,,2026-09-09T22:49:42+00:00,clinicaltrials_gov_api_v2
NCT04519853,A Pilot Study of a Low Glycemic Load Diet in Adults With Cystic Fibrosis,COMPLETED,OTHER,Boston Children's Hospital,NA,not_applicable,False,,cf,metabolic_cfrd,cfrd,N5,supportive,0,0,0,auto_suggested,rules,,Boston Children's Hospital,,,2026-09-09T22:49:42+00:00,clinicaltrials_gov_api_v2
NCT04530383,Metformin for People With CFRD on CFTR Modulator Therapy to Improve Ion Channel Function,RECRUITING,OTHER,University of Kansas Medical Center,PHASE2,phase_2,True,,cf,metabolic_cfrd,modulator,N5,therapeutic,1,1,0,reviewed,trial_review_overrides,Metformin in CFRD,University of Kansas Medical Center,,Academic repurposing on modulator therapy. Crowding unit 0: not a CF-specific product franchise.,2026-09-09T22:49:42+00:00,clinicaltrials_gov_api_v2
NCT04531410,NETwork of Linoleic Acid Supplementation in Cystic Fibrosis,COMPLETED,OTHER,Karolinska Institutet,NA,not_applicable,False,,cf,other,no_keyword_match,,supportive,0,0,0,auto_suggested,rules,,Karolinska Institutet,,,2026-09-09T22:49:42+00:00,clinicaltrials_gov_api_v2
NCT04533646,Comparison of Meal-Time Dosing of Insulin in Cystic Fibrosis Related Diabetes,COMPLETED,OTHER,Jagdeesh Ullal,PHASE4,approved,False,,cf,metabolic_cfrd,cfrd,N5,therapeutic,0,0,0,auto_suggested,rules,,Jagdeesh Ullal,,,2026-09-09T22:49:42+00:00,clinicaltrials_gov_api_v2
NCT04537793,Evaluation of ELX/TEZ/IVA in Cystic Fibrosis (CF) Subjects 2 Through 5 Years,COMPLETED,INDUSTRY,Vertex Pharmaceuticals Incorporated,PHASE3,phase_3,False,,cf,cftr_modulator,modulator,N2,therapeutic,0,0,0,auto_suggested,rules,,Vertex Pharmaceuticals Incorporated,,,2026-09-09T22:49:42+00:00,clinicaltrials_gov_api_v2
NCT04543929,Effects of Innovative Aerobic Exercise Training in Cystic Fibrosis,COMPLETED,OTHER,University of Kansas Medical Center,NA,not_applicable,False,,cf,care_delivery,care_delivery,N8,supportive,0,0,0,auto_suggested,rules,,University of Kansas Medical Center,,,2026-09-09T22:49:42+00:00,clinicaltrials_gov_api_v2
NCT04545515,A Study Evaluating the Long-term Safety and Efficacy of Elexacaftor/Tezacaftor/Ivacaftor in Cystic Fibrosis (CF) Particpants 6 Years and Older and F/MF Genotypes,COMPLETED,INDUSTRY,Vertex Pharmaceuticals Incorporated,PHASE3,phase_3,False,,cf,cftr_modulator,modulator,N2,therapeutic,0,0,0,auto_suggested,rules,,Vertex Pharmaceuticals Incorporated,,,2026-09-09T22:49:42+00:00,clinicaltrials_gov_api_v2
NCT04553419,Antibiotic Treatment Of Staphylococcus Aureus In Stable People With CF,UNKNOWN,OTHER,University of British Columbia,PHASE3,phase_3,False,,cf,antimicrobial,antimicrobial,N4,therapeutic,0,0,0,auto_suggested,rules,,University of British Columbia,,,2026-09-09T22:49:42+00:00,clinicaltrials_gov_api_v2
NCT04574050,SELF-BREATHE RCT for Chronic Breathlessness,COMPLETED,OTHER,King's College Hospital NHS Trust,NA,not_applicable,False,,cf,other,no_keyword_match,,supportive,0,0,0,auto_suggested,rules,,King's College Hospital NHS Trust,,,2026-09-09T22:49:42+00:00,clinicaltrials_gov_api_v2
NCT04579939,Oral Glucose Tolerance Testing Using Candy for Cystic Fibrosis,COMPLETED,OTHER,Mayo Clinic,NA,not_applicable,False,,cf,other,no_keyword_match,,diagnostic,0,0,0,auto_suggested,rules,,Mayo Clinic,,,2026-09-09T22:49:42+00:00,clinicaltrials_gov_api_v2
NCT04580368,Testing Drug Efficacy in Cystic Fibrosis Through N-of-1 Trials,RECRUITING,OTHER,"Children's Hospital Medical Center, Cincinnati",NA,not_applicable,True,,cf,cftr_modulator,diagnostic,N2,supportive,0,0,0,reviewed,trial_review_overrides,N-of-1 modulator efficacy,"Children's Hospital Medical Center, Cincinnati",,Methodology study of approved modulators.,2026-09-09T22:49:42+00:00,clinicaltrials_gov_api_v2
NCT04589897,Manuka Honey Sinus Rinse Study,COMPLETED,OTHER,Swansea University,NA,not_applicable,False,,cf,other,no_keyword_match,,diagnostic,0,0,0,auto_suggested,rules,,Swansea University,,,2026-09-09T22:49:42+00:00,clinicaltrials_gov_api_v2
NCT04594369,"A Study to Assess the Efficacy, Safety, and Tolerability of Brensocatib in Participants With Non-Cystic Fibrosis Bronchiectasis",COMPLETED,INDUSTRY,Insmed Incorporated,PHASE3,phase_3,False,non-cystic fibrosis bronchiectasis,ncfb,anti_inflammatory,anti_inflammatory,,not_cf_primary,0,0,0,auto_suggested,rules,,Insmed Incorporated,,,2026-09-09T22:49:42+00:00,clinicaltrials_gov_api_v2
NCT04596319,Ph 1/2 Study Evaluating Safety and Tolerability of Inhaled AP-PA02 in Subjects With Chronic Pseudomonas Aeruginosa Lung Infections and Cystic Fibrosis,COMPLETED,INDUSTRY,"Armata Pharmaceuticals, Inc.",PHASE1;PHASE2,phase_1,False,,cf,phage,phage,N4,therapeutic,0,0,0,auto_suggested,rules,,"Armata Pharmaceuticals, Inc.",,,2026-09-09T22:49:42+00:00,clinicaltrials_gov_api_v2
NCT04599465,A Study to Assess the Effect of ELX/TEZ/IVA on Glucose Tolerance in Participants With Cystic Fibrosis (CF),COMPLETED,INDUSTRY,Vertex Pharmaceuticals Incorporated,PHASE3,phase_3,False,,cf,cftr_modulator,modulator,N2,therapeutic,0,0,0,auto_suggested,rules,,Vertex Pharmaceuticals Incorporated,,,2026-09-09T22:49:42+00:00,clinicaltrials_gov_api_v2
NCT04602468,Real World Clinical Outcomes With Novel Modulator Therapy Combinations in People With CF (RECOVER),ACTIVE_NOT_RECRUITING,OTHER,"Royal College of Surgeons, Ireland",PHASE4,approved,True,,cf,cftr_modulator,modulator,N2,label_expansion,1,0,0,reviewed,trial_review_overrides,RECOVER real-world ETI,"Royal College of Surgeons, Ireland",cff-trikafta,Academic real-world ETI outcomes. Duplicate of approved franchise; crowding_unit 0.,2026-09-09T22:49:42+00:00,clinicaltrials_gov_api_v2
NCT04608019,Streamlined Treatment of Pulmonary Exacerbations in Pediatrics Pilot Study,COMPLETED,OTHER,"University of Washington, the Collaborative Health Studies Coordinating Center",NA,not_applicable,False,,cf,other,no_keyword_match,,supportive,0,0,0,auto_suggested,rules,,"University of Washington, the Collaborative Health Studies Coordinating Center",,,2026-09-09T22:49:42+00:00,clinicaltrials_gov_api_v2
NCT04624490,Hyperpolarized 129Xe MR Imaging of Lung Function in Healthy Volunteers and Subjects With Pulmonary Disease,RECRUITING,OTHER,"Mario Castro, MD, MPH",PHASE1,phase_1,True,,cf,diagnostic,diagnostic,,diagnostic,0,0,0,auto_suggested,rules,,"Mario Castro, MD, MPH",,,2026-09-09T22:49:42+00:00,clinicaltrials_gov_api_v2
NCT04643587,Study to Assess CSL787 in Non-cystic Fibrosis Bronchiectasis (NCFB),COMPLETED,INDUSTRY,CSL Behring,PHASE1,phase_1,False,non-cystic fibrosis bronchiectasis,ncfb,other,no_keyword_match,,not_cf_primary,0,0,0,auto_suggested,rules,,CSL Behring,,,2026-09-09T22:49:42+00:00,clinicaltrials_gov_api_v2
NCT04644471,Comparison Between Ultra-low-dose Computed Tomography and Lung MRI in Cystic Fibrosis,COMPLETED,OTHER,Assistance Publique - Hôpitaux de Paris,NA,not_applicable,False,,cf,diagnostic,diagnostic,,diagnostic,0,0,0,auto_suggested,rules,,Assistance Publique - Hôpitaux de Paris,,,2026-09-09T22:49:42+00:00,clinicaltrials_gov_api_v2
NCT04656275,A Study in Patients With Non-cystic Fibrosis Bronchiectasis to Test How Well Different Doses of BI 1323495 Are Tolerated and How BI 1323495 Affects Biomarkers of Inflammation,TERMINATED,INDUSTRY,Boehringer Ingelheim,PHASE1,phase_1,False,non-cystic fibrosis bronchiectasis,ncfb,other,no_keyword_match,,not_cf_primary,0,0,0,auto_suggested,rules,,Boehringer Ingelheim,,,2026-09-09T22:49:42+00:00,clinicaltrials_gov_api_v2
NCT04658277,Effect of Long Term Clarithromycin for Prevention of Exacerbations in Non-cystic Fibrosis Bronchiectasis in Asian Populations,UNKNOWN,OTHER,Chinese University of Hong Kong,NA,not_applicable,False,non-cystic fibrosis bronchiectasis,ncfb,other,no_keyword_match,,not_cf_primary,0,0,0,auto_suggested,rules,,Chinese University of Hong Kong,,,2026-09-09T22:49:42+00:00,clinicaltrials_gov_api_v2
NCT04680403,Video Telehealth Exercise Training in Cystic Fibrosis,COMPLETED,OTHER,University of Alabama at Birmingham,NA,not_applicable,False,,cf,care_delivery,care_delivery,N8,supportive,0,0,0,auto_suggested,rules,,University of Alabama at Birmingham,,,2026-09-09T22:49:42+00:00,clinicaltrials_gov_api_v2
NCT04683809,Effects of a Telerehabilitation Approach in Children With Cystic Fibrosis,UNKNOWN,OTHER,Marmara University,NA,not_applicable,False,,cf,care_delivery,care_delivery,N8,supportive,0,0,0,auto_suggested,rules,,Marmara University,,,2026-09-09T22:49:42+00:00,clinicaltrials_gov_api_v2
NCT04684641,CYstic Fibrosis bacterioPHage Study at Yale (CYPHY),COMPLETED,OTHER,Yale University,PHASE1;PHASE2,phase_1,False,,cf,phage,phage,N4,therapeutic,0,0,0,auto_suggested,rules,,Yale University,,,2026-09-09T22:49:42+00:00,clinicaltrials_gov_api_v2
NCT04684823,The Impact of Patch Rx Technologies on Adherence to Vitamin and Trikafta Therapies in Patients With Cystic Fibrosis,COMPLETED,OTHER,The University of Texas Health Science Center at San Antonio,NA,not_applicable,False,,cf,cftr_modulator,modulator,N2,diagnostic,0,0,0,auto_suggested,rules,,The University of Texas Health Science Center at San Antonio,,,2026-09-09T22:49:42+00:00,clinicaltrials_gov_api_v2
NCT04685720,A Pilot Study to Assess the Effect of Intermittent iNO on the Treatment of NTM Lung Infection in CF and Non-CF Patients,COMPLETED,INDUSTRY,Beyond Air Inc.,NA,not_applicable,False,non-cystic fibrosis phrase,ncfb,antimicrobial,gallium_ntm,,not_cf_primary,0,0,0,auto_suggested,rules,,Beyond Air Inc.,,,2026-09-09T22:49:42+00:00,clinicaltrials_gov_api_v2
NCT04687475,Implementation of a Clinical Tool to Improve Waitlist Mortality in Patients With Cystic Fibrosis,COMPLETED,OTHER,The Cleveland Clinic,NA,not_applicable,False,,cf,other,no_keyword_match,,supportive,0,0,0,auto_suggested,rules,,The Cleveland Clinic,,,2026-09-09T22:49:42+00:00,clinicaltrials_gov_api_v2
NCT04696198,Thoracic Mobility in Cystic Fibrosis Care,COMPLETED,OTHER,Göteborg University,NA,not_applicable,False,,cf,other,no_keyword_match,,supportive,0,0,0,auto_suggested,rules,,Göteborg University,,,2026-09-09T22:49:42+00:00,clinicaltrials_gov_api_v2
NCT04696484,Feasibility of a Goal-based Agenda Setting Intervention,COMPLETED,OTHER,Dartmouth-Hitchcock Medical Center,NA,not_applicable,False,,cf,other,no_keyword_match,,supportive,0,0,0,auto_suggested,rules,,Dartmouth-Hitchcock Medical Center,,,2026-09-09T22:49:42+00:00,clinicaltrials_gov_api_v2
NCT04705636,Use of a Connected Companion in Children With Cystic Fibrosis,UNKNOWN,OTHER,Centre Hospitalier de Saint-Brieuc,NA,not_applicable,False,,cf,other,no_keyword_match,,diagnostic,0,0,0,auto_suggested,rules,,Centre Hospitalier de Saint-Brieuc,,,2026-09-09T22:49:42+00:00,clinicaltrials_gov_api_v2
NCT04731272,GLP-1 Agonist Therapy in Cystic Fibrosis-Related Glucose Intolerance,RECRUITING,OTHER,University of Pennsylvania,PHASE2,phase_2,True,,cf,metabolic_cfrd,cfrd,N5,therapeutic,1,1,0,reviewed,trial_review_overrides,Dulaglutide in CF-related glucose intolerance,University of Pennsylvania,,Academic GLP-1 agonist study. Crowding unit 0.,2026-09-09T22:49:42+00:00,clinicaltrials_gov_api_v2
NCT04732195,Pilocarpine Microneedles for Sweat Induction (PMN-SI),COMPLETED,OTHER,Emory University,NA,not_applicable,False,,cf,other,no_keyword_match,,diagnostic,0,0,0,auto_suggested,rules,,Emory University,,,2026-09-09T22:49:42+00:00,clinicaltrials_gov_api_v2
NCT04734743,"Muscle Strength, Functional Capacity, Respiratory Function and Quality Of Life In Cystic Fibrosis Patients",COMPLETED,OTHER,Cagtay Maden,NA,not_applicable,False,,cf,care_delivery,care_delivery,N8,supportive,0,0,0,auto_suggested,rules,,Cagtay Maden,,,2026-09-09T22:49:42+00:00,clinicaltrials_gov_api_v2
NCT04742049,"The Effects of Telerehabilitation on Muscle Function, Physical Activity and Sleep in Cystic Fibrosis During Pandemic",COMPLETED,OTHER,Hacettepe University,NA,not_applicable,False,,cf,care_delivery,care_delivery,N8,supportive,0,0,0,auto_suggested,rules,,Hacettepe University,,,2026-09-09T22:49:42+00:00,clinicaltrials_gov_api_v2
NCT04742270,Home Airway Clearance in Patients With Bronchiectasis (Home-Care Bronchiectasis),COMPLETED,INDUSTRY,Physio-Assist,NA,not_applicable,False,non-cystic fibrosis bronchiectasis,ncfb,mucociliary_clearance,mucociliary,,not_cf_primary,0,0,0,auto_suggested,rules,,Physio-Assist,,,2026-09-09T22:49:42+00:00,clinicaltrials_gov_api_v2
NCT04743206,Airway Clearance for Pediatric and Adult Cystic Fibrosis Patients Using a Portable Intra-Pulmonary Percussion Device,TERMINATED,OTHER,University of Florida,NA,not_applicable,False,,cf,mucociliary_clearance,mucociliary,N3,supportive,0,0,0,auto_suggested,rules,,University of Florida,,,2026-09-09T22:49:42+00:00,clinicaltrials_gov_api_v2
NCT04744766,Central Mammary Duct Excision; How to Improve the Outcome?,COMPLETED,OTHER,Alexandria University,NA,not_applicable,False,,cf,other,no_keyword_match,,supportive,0,0,0,auto_suggested,rules,,Alexandria University,,,2026-09-09T22:49:42+00:00,clinicaltrials_gov_api_v2
NCT04777344,Clinical Effort Against Smoke Exposure in Cystic Fibrosis,COMPLETED,OTHER,University of Alabama at Birmingham,NA,not_applicable,False,,cf,other,no_keyword_match,,supportive,0,0,0,auto_suggested,rules,,University of Alabama at Birmingham,,,2026-09-09T22:49:42+00:00,clinicaltrials_gov_api_v2
NCT04798118,Role of Toilet Bronchoscopy in RICU,UNKNOWN,OTHER,Assiut University,NA,not_applicable,False,,cf,other,no_keyword_match,,supportive,0,0,0,auto_suggested,rules,,Assiut University,,,2026-09-09T22:49:42+00:00,clinicaltrials_gov_api_v2
NCT04809207,"Acceptability, Feasibility and Preliminary Efficacy of CFWP to Treat Clinically Elevated Fatigue in Adults With CF",COMPLETED,OTHER,Johns Hopkins University,NA,not_applicable,False,,cf,care_delivery,care_delivery,N8,supportive,0,0,0,auto_suggested,rules,,Johns Hopkins University,,,2026-09-09T22:49:42+00:00,clinicaltrials_gov_api_v2
NCT04825067,Remote Monitoring of High-Risk Patients With Chronic Cardiopulmonary Diseases,UNKNOWN,OTHER_GOV,Institute of Bioengineering and Bioimaging (IBB),NA,not_applicable,False,,cf,other,no_keyword_match,,diagnostic,0,0,0,auto_suggested,rules,,Institute of Bioengineering and Bioimaging (IBB),,,2026-09-09T22:49:42+00:00,clinicaltrials_gov_api_v2
NCT04825236,MyVoice:CF Decision Aid for Women With Cystic Fibrosis,COMPLETED,OTHER,University of Pittsburgh,NA,not_applicable,False,,cf,other,no_keyword_match,,supportive,0,0,0,auto_suggested,rules,,University of Pittsburgh,,,2026-09-09T22:49:42+00:00,clinicaltrials_gov_api_v2
NCT04835376,Percussion Palm Cup: Safety and Usability in Infants and Children With Cystic Fibrosis,COMPLETED,OTHER,West Park Healthcare Centre,NA,not_applicable,False,,cf,mucociliary_clearance,mucociliary,N3,supportive,0,0,0,auto_suggested,rules,,West Park Healthcare Centre,,,2026-09-09T22:49:42+00:00,clinicaltrials_gov_api_v2
NCT04837911,Use of a Portable Spirometer in Pediatric Patients With Cystic Fibrosis at the Nancy CHRU: Feasibility Study,UNKNOWN,OTHER,"Central Hospital, Nancy, France",NA,not_applicable,False,,cf,other,no_keyword_match,,diagnostic,0,0,0,auto_suggested,rules,,"Central Hospital, Nancy, France",,,2026-09-09T22:49:42+00:00,clinicaltrials_gov_api_v2
NCT04853368,Study to Evaluate Adverse Events and Change in Disease Activity With Oral Capsules of Galicaftor/Navocaftor/ABBV-119 or Galicaftor/Navocaftor/ABBV-576 Combination Therapies in Adult Participants With Cystic Fibrosis,TERMINATED,INDUSTRY,AbbVie,PHASE2,phase_2,False,,cf,other,no_keyword_match,,supportive,0,0,0,auto_suggested,rules,,AbbVie,,,2026-09-09T22:49:42+00:00,clinicaltrials_gov_api_v2
NCT04857814,Integrating Electronic Patient Reported Biometric Measures (ePReBMs) From Wearable Devices in Respiratory Diseases,COMPLETED,OTHER,University of Alberta,NA,not_applicable,False,,cf,other,no_keyword_match,,diagnostic,0,0,0,auto_suggested,rules,,University of Alberta,,,2026-09-09T22:49:42+00:00,clinicaltrials_gov_api_v2
NCT04882267,"General Health, Attitudes, and Activity in Self-directed Exercise in Patients With Cystic Fibrosis (GAINS-CF)",UNKNOWN,OTHER,University of Virginia,NA,not_applicable,False,,cf,care_delivery,care_delivery,N8,supportive,0,0,0,auto_suggested,rules,,University of Virginia,,,2026-09-09T22:49:42+00:00,clinicaltrials_gov_api_v2
NCT04884308,Bacille Calmette-Guerin (BCG) Vaccine for Immune Protection Against Infections,COMPLETED,OTHER,Johns Hopkins University,PHASE2,phase_2,False,non-cystic fibrosis bronchiectasis,ncfb,other,no_keyword_match,,not_cf_primary,0,0,0,auto_suggested,rules,,Johns Hopkins University,,,2026-09-09T22:49:42+00:00,clinicaltrials_gov_api_v2
NCT04888767,Safety and Feasibility of High-intensity Interval Training Program in CF Patients,COMPLETED,OTHER,Fondation Ildys,NA,not_applicable,False,,cf,other,no_keyword_match,,supportive,0,0,0,auto_suggested,rules,,Fondation Ildys,,,2026-09-09T22:49:42+00:00,clinicaltrials_gov_api_v2
NCT04921332,Bright Light Therapy for Depression Symptoms in Adults With Cystic Fibrosis (CF) and COPD,TERMINATED,OTHER,Erica Osborn,NA,not_applicable,False,,cf,other,no_keyword_match,,diagnostic,0,0,0,auto_suggested,rules,,Erica Osborn,,,2026-09-09T22:49:42+00:00,clinicaltrials_gov_api_v2
NCT04922255,Cystic Fibrosis and Urinary Incontinence,TERMINATED,OTHER,Megan Bradley,NA,not_applicable,False,,cf,other,no_keyword_match,,diagnostic,0,0,0,auto_suggested,rules,,Megan Bradley,,,2026-09-09T22:49:42+00:00,clinicaltrials_gov_api_v2
NCT04923880,Pragmatic Implementation Trial of a CF Primary Palliative Care Intervention,COMPLETED,OTHER,Massachusetts General Hospital,NA,not_applicable,False,,cf,other,no_keyword_match,,supportive,0,0,0,auto_suggested,rules,,Massachusetts General Hospital,,,2026-09-09T22:49:42+00:00,clinicaltrials_gov_api_v2
NCT04926701,"A First in Human Study to Evaluate the Safety, Tolerability and Pharmacokinetics of Single and Multiple Ascending Doses of Inhaled ETD001 in Healthy Subjects",COMPLETED,INDUSTRY,Enterprise Therapeutics Ltd,PHASE1,phase_1,False,,cf,other,no_keyword_match,,supportive,0,0,0,auto_suggested,rules,,Enterprise Therapeutics Ltd,,,2026-09-09T22:49:42+00:00,clinicaltrials_gov_api_v2
NCT04938726,Ketone Supplementation in Cystic Fibrosis,COMPLETED,OTHER,University of Alabama at Birmingham,NA,not_applicable,False,,cf,other,no_keyword_match,,supportive,0,0,0,auto_suggested,rules,,University of Alabama at Birmingham,,,2026-09-09T22:49:42+00:00,clinicaltrials_gov_api_v2
NCT04961008,Bottle PEP in Cystic Fibrosis,COMPLETED,OTHER,Marmara University,NA,not_applicable,False,,cf,other,no_keyword_match,,supportive,0,0,0,auto_suggested,rules,,Marmara University,,,2026-09-09T22:49:42+00:00,clinicaltrials_gov_api_v2
NCT04966234,A New Posaconazole Dosing Regimen for Paediatric Patients With Cystic Fibrosis and Aspergillus Infection,UNKNOWN,OTHER,Bambino Gesù Hospital and Research Institute,PHASE2;PHASE3,phase_2,False,,cf,antifungal,antifungal,N4,therapeutic,0,0,0,auto_suggested,rules,,Bambino Gesù Hospital and Research Institute,,,2026-09-09T22:49:42+00:00,clinicaltrials_gov_api_v2
NCT04966897,Assessment of a PERT-free Nutritional Therapeutic Delivery System for Cystic Fibrosis,COMPLETED,INDUSTRY,"GlycosBio, Inc.",NA,not_applicable,False,,cf,gi_nutrition,gi,N6,supportive,0,0,0,auto_suggested,rules,,"GlycosBio, Inc.",,,2026-09-09T22:49:42+00:00,clinicaltrials_gov_api_v2
NCT04969224,A Study to Evaluate ELX/TEZ/IVA on Cough and Physical Activity in Participants With Cystic Fibrosis (CF),COMPLETED,INDUSTRY,Vertex Pharmaceuticals Incorporated,PHASE3,phase_3,False,,cf,cftr_modulator,modulator,N2,therapeutic,0,0,0,auto_suggested,rules,,Vertex Pharmaceuticals Incorporated,,,2026-09-09T22:49:42+00:00,clinicaltrials_gov_api_v2
NCT04970225,Cystic Fibrosis Blood Neutrophils,COMPLETED,OTHER,Assistance Publique - Hôpitaux de Paris,NA,not_applicable,False,,cf,other,no_keyword_match,,supportive,0,0,0,auto_suggested,rules,,Assistance Publique - Hôpitaux de Paris,,,2026-09-09T22:49:42+00:00,clinicaltrials_gov_api_v2
NCT04987567,Effect of Antioxidant Docosahexaenoic Acid (DHA) in Cystic Fibrosis Patients,COMPLETED,OTHER,Corporacion Parc Tauli,NA,not_applicable,False,,cf,other,no_keyword_match,,supportive,0,0,0,auto_suggested,rules,,Corporacion Parc Tauli,,,2026-09-09T22:49:42+00:00,clinicaltrials_gov_api_v2
NCT05006573,Efficacy and Safety of Benralizumab in Patients With Non-cystic Fibrosis Bronchiectasis,TERMINATED,INDUSTRY,AstraZeneca,PHASE3,phase_3,False,non-cystic fibrosis bronchiectasis,ncfb,other,no_keyword_match,,not_cf_primary,0,0,0,auto_suggested,rules,,AstraZeneca,,,2026-09-09T22:49:42+00:00,clinicaltrials_gov_api_v2
NCT05010577,Nebulized Bacteriophage Therapy in Cystic Fibrosis Patients With Chronic Pseudomonas Aeruginosa Pulmonary Infection,COMPLETED,INDUSTRY,"BiomX, Inc.",PHASE1;PHASE2,phase_1,False,,cf,phage,phage,N4,therapeutic,0,0,0,auto_suggested,rules,,"BiomX, Inc.",,,2026-09-09T22:49:42+00:00,clinicaltrials_gov_api_v2
NCT05026918,Manual Chest Physiotherapy and Active Cycle of Breathing Techniques (ACBT) in Patients of Cystic Fibrosis,COMPLETED,OTHER,Riphah International University,NA,not_applicable,False,,cf,other,no_keyword_match,,supportive,0,0,0,auto_suggested,rules,,Riphah International University,,,2026-09-09T22:49:42+00:00,clinicaltrials_gov_api_v2
NCT05027503,Effectiveness of the Hippotherapy Simulator in Children and Adolescents with Cystic Fibrosis,COMPLETED,OTHER,Istanbul University - Cerrahpasa,NA,not_applicable,False,,cf,care_delivery,care_delivery,N8,supportive,0,0,0,auto_suggested,rules,,Istanbul University - Cerrahpasa,,,2026-09-09T22:49:42+00:00,clinicaltrials_gov_api_v2
NCT05033080,A Phase 3 Study of VX-121 Combination Therapy in Participants With Cystic Fibrosis (CF) Heterozygous for F508del and a Minimal Function Mutation (F/MF),COMPLETED,INDUSTRY,Vertex Pharmaceuticals Incorporated,PHASE3,phase_3,False,,cf,cftr_modulator,modulator,N2,therapeutic,0,0,0,auto_suggested,rules,,Vertex Pharmaceuticals Incorporated,,,2026-09-09T22:49:42+00:00,clinicaltrials_gov_api_v2
NCT05037643,Pre-emptive Transjugular Intrahepatic Portosystemic Shunt (TIPS) in Cystic Fibrosis Related Liver Disease,COMPLETED,OTHER,"University Hospital, Ghent",NA,not_applicable,False,,cf,other,no_keyword_match,,supportive,0,0,0,auto_suggested,rules,,"University Hospital, Ghent",,,2026-09-09T22:49:42+00:00,clinicaltrials_gov_api_v2
NCT05069597,Study to Evaluate Symptoms of Exocrine Pancreatic Insufficiency in Adult Participants With Cystic Fibrosis or Chronic Pancreatitis Treated With Creon,COMPLETED,INDUSTRY,AbbVie,PHASE4,approved,False,,cf,gi_nutrition,gi,N6,therapeutic,0,0,0,auto_suggested,rules,,AbbVie,,,2026-09-09T22:49:42+00:00,clinicaltrials_gov_api_v2
NCT05076149,"A Study of VX-121 Combination Therapy in Participants With Cystic Fibrosis (CF) Who Are Homozygous for F508del, Heterozygous for F508del and a Gating (F/G) or Residual Function (F/RF) Mutation, or Have At Least 1 Other Triple Combination Responsive (TCR) CFTR Mutation and No F508del Mutation",COMPLETED,INDUSTRY,Vertex Pharmaceuticals Incorporated,PHASE3,phase_3,False,,cf,cftr_modulator,modulator,N2,therapeutic,0,0,0,auto_suggested,rules,,Vertex Pharmaceuticals Incorporated,,,2026-09-09T22:49:42+00:00,clinicaltrials_gov_api_v2
NCT05090904,"A Study to Assess the Safety, Tolerability, and Pharmacokinetics of Brensocatib Tablets in Adults With Cystic Fibrosis",COMPLETED,INDUSTRY,Insmed Incorporated,PHASE2,phase_2,False,,cf,anti_inflammatory,anti_inflammatory,N3,therapeutic,0,0,0,auto_suggested,rules,,Insmed Incorporated,,,2026-09-09T22:49:42+00:00,clinicaltrials_gov_api_v2
NCT05095246,A Study of Inhaled KB407 for the Treatment of Cystic Fibrosis,WITHDRAWN,INDUSTRY,"Krystal Biotech, Inc.",PHASE1,phase_1,False,,cf,gene_therapy,gene_therapy,N1,therapeutic,0,0,0,auto_suggested,rules,,"Krystal Biotech, Inc.",,,2026-09-09T22:49:42+00:00,clinicaltrials_gov_api_v2
NCT05100823,Validation of Therapeutic Efficacy Targeting the Splicing Variants in Cystic Fibrosis and CFTR Pathologies,TERMINATED,OTHER,"University Hospital, Montpellier",NA,not_applicable,False,,cf,aso_oligonucleotide,aso,N1,supportive,0,0,0,auto_suggested,rules,,"University Hospital, Montpellier",,,2026-09-09T22:49:42+00:00,clinicaltrials_gov_api_v2
NCT05101915,Study of a Nebulised Nitric Oxide Generating Solution in Patients With Mycobacterium Abscessus,TERMINATED,OTHER_GOV,Papworth Hospital NHS Foundation Trust,PHASE2,phase_2,False,,cf,other,no_keyword_match,,supportive,0,0,0,auto_suggested,rules,,Papworth Hospital NHS Foundation Trust,,,2026-09-09T22:49:42+00:00,clinicaltrials_gov_api_v2
NCT05111145,A Study Evaluating the Safety of Elexacaftor/Tezacaftor/Ivacaftor in Participants With Cystic Fibrosis (CF),COMPLETED,INDUSTRY,Vertex Pharmaceuticals Incorporated,PHASE3,phase_3,False,,cf,cftr_modulator,modulator,N2,therapeutic,0,0,0,auto_suggested,rules,,Vertex Pharmaceuticals Incorporated,,,2026-09-09T22:49:42+00:00,clinicaltrials_gov_api_v2
NCT05135156,Lung Transplant READY Pilot Study,COMPLETED,OTHER,University of Washington,NA,not_applicable,False,,cf,care_delivery,care_delivery,N8,supportive,0,0,0,auto_suggested,rules,,University of Washington,,,2026-09-09T22:49:42+00:00,clinicaltrials_gov_api_v2
NCT05140967,Effects of Training Intensity on Physical Fitness and Body Composition in Cystic Fibrosis,COMPLETED,OTHER,University of Kiel,NA,not_applicable,False,,cf,care_delivery,care_delivery,N8,supportive,0,0,0,auto_suggested,rules,,University of Kiel,,,2026-09-09T22:49:42+00:00,clinicaltrials_gov_api_v2
NCT05147285,"The Effect of Telerehabilitation on Functional Capacity, Oxidative Stress and Respiratory Parameters in Cystic Fibrosis",COMPLETED,OTHER,Hacettepe University,NA,not_applicable,False,,cf,care_delivery,care_delivery,N8,supportive,0,0,0,auto_suggested,rules,,Hacettepe University,,,2026-09-09T22:49:42+00:00,clinicaltrials_gov_api_v2
NCT05153317,Evaluation of Long-term Safety and Efficacy of ELX/TEZ/IVA in Cystic Fibrosis (CF) Participants 2 Years and Older,COMPLETED,INDUSTRY,Vertex Pharmaceuticals Incorporated,PHASE3,phase_3,False,,cf,cftr_modulator,modulator,N2,therapeutic,0,0,0,auto_suggested,rules,,Vertex Pharmaceuticals Incorporated,,,2026-09-09T22:49:42+00:00,clinicaltrials_gov_api_v2
NCT05157646,The Relationship Between CFTR Gene Mutations and Exercise Capacity,WITHDRAWN,OTHER,Virginia Commonwealth University,NA,not_applicable,False,,cf,care_delivery,care_delivery,N8,supportive,0,0,0,auto_suggested,rules,,Virginia Commonwealth University,,,2026-09-09T22:49:42+00:00,clinicaltrials_gov_api_v2
NCT05173194,Remotely Supervised Exercise for Adults With Cystic Fibrosis,COMPLETED,OTHER,Universidad Europea de Madrid,NA,not_applicable,False,,cf,care_delivery,care_delivery,N8,supportive,0,0,0,auto_suggested,rules,,Universidad Europea de Madrid,,,2026-09-09T22:49:42+00:00,clinicaltrials_gov_api_v2
NCT05206097,Determinants of Daily Physical Activity Level in Patients With Cystic Fibrosis - Pilot Study Protocol,ACTIVE_NOT_RECRUITING,OTHER,"University Hospital, Limoges",NA,not_applicable,True,,cf,care_delivery,care_delivery,N8,supportive,0,0,0,auto_suggested,rules,,"University Hospital, Limoges",,,2026-09-09T22:49:42+00:00,clinicaltrials_gov_api_v2
NCT05223881,Gastroparesis in Cystic Fibrosis,WITHDRAWN,OTHER,University of Miami,NA,not_applicable,False,,cf,other,no_keyword_match,,diagnostic,0,0,0,auto_suggested,rules,,University of Miami,,,2026-09-09T22:49:42+00:00,clinicaltrials_gov_api_v2
NCT05225805,Study to Assess the Safety and PK of Oral and IV Xenleta in Adults With Cystic Fibrosis,COMPLETED,INDUSTRY,Nabriva Therapeutics AG,PHASE1,phase_1,False,,cf,other,no_keyword_match,,supportive,0,0,0,auto_suggested,rules,,Nabriva Therapeutics AG,,,2026-09-09T22:49:42+00:00,clinicaltrials_gov_api_v2
NCT05229640,"Relationship Between the Development of Impaired Glucose Tolerance, the Phenotype of CFLD, and the Risk of Liver Fibrosis",WITHDRAWN,OTHER,Dartmouth-Hitchcock Medical Center,NA,not_applicable,False,,cf,metabolic_cfrd,cfrd,N5,diagnostic,0,0,0,auto_suggested,rules,,Dartmouth-Hitchcock Medical Center,,,2026-09-09T22:49:42+00:00,clinicaltrials_gov_api_v2
NCT05239611,Feasibility of Home-based Exercise Program for Adults With Cystic Fibrosis,COMPLETED,OTHER,University of Kansas Medical Center,PHASE2,phase_2,False,,cf,diagnostic,diagnostic,,diagnostic,0,0,0,auto_suggested,rules,,University of Kansas Medical Center,,,2026-09-09T22:49:42+00:00,clinicaltrials_gov_api_v2
NCT05248230,4D-710 in Adult Patients With Cystic Fibrosis,RECRUITING,INDUSTRY,4D Molecular Therapeutics,PHASE2,phase_2,True,,cf,gene_therapy,gene_therapy,N1,therapeutic,1,1,1,reviewed,trial_review_overrides,4D-710,4D Molecular Therapeutics,cff-4d-710,Recruiting Phase 2 AAV CFTR gene therapy.,2026-09-09T22:49:42+00:00,clinicaltrials_gov_api_v2
NCT05249322,Study of Satisfaction of Patients and Care Providers for an Alternate Follow-up With In-hospital Consults and Tele-consult for Patients With Cystic Fibrosis,UNKNOWN,OTHER,Hospices Civils de Lyon,NA,not_applicable,False,,cf,other,no_keyword_match,,supportive,0,0,0,auto_suggested,rules,,Hospices Civils de Lyon,,,2026-09-09T22:49:42+00:00,clinicaltrials_gov_api_v2
NCT05267418,Effects of Automated Oxygen Titration Alone or With High Flow Nasal Therapy on Dyspnea and Exercise Tolerance,TERMINATED,OTHER,Laval University,NA,not_applicable,False,,cf,care_delivery,care_delivery,N8,supportive,0,0,0,auto_suggested,rules,,Laval University,,,2026-09-09T22:49:42+00:00,clinicaltrials_gov_api_v2
NCT05271643,Pilot Study of a CF-specific CBT Intervention for Adolescents,COMPLETED,OTHER,Massachusetts General Hospital,NA,not_applicable,False,,cf,care_delivery,care_delivery,N8,supportive,0,0,0,auto_suggested,rules,,Massachusetts General Hospital,,,2026-09-09T22:49:42+00:00,clinicaltrials_gov_api_v2
NCT05274269,Evaluation of Efficacy and Safety of Elexacaftor/Tezacaftor/Ivacaftor (ELX/TEZ/IVA) in Cystic Fibrosis Subjects Without an F508del Mutation,COMPLETED,INDUSTRY,Vertex Pharmaceuticals Incorporated,PHASE3,phase_3,False,,cf,cftr_modulator,modulator,N2,therapeutic,0,0,0,auto_suggested,rules,,Vertex Pharmaceuticals Incorporated,,,2026-09-09T22:49:42+00:00,clinicaltrials_gov_api_v2
NCT05276960,Efficacy of Intensive Cholecalciferol Monitoring and Supplementation on Serum vitD Levels in Pediatric Patients With CF,COMPLETED,OTHER,Hospital Infantil de Mexico Federico Gomez,PHASE4,approved,False,,cf,other,no_keyword_match,,supportive,0,0,0,auto_suggested,rules,,Hospital Infantil de Mexico Federico Gomez,,,2026-09-09T22:49:42+00:00,clinicaltrials_gov_api_v2
NCT05295524,Description of the Short-term Effects of KAFTRIO® by Continuous Monitoring With the PHEAL-CR-K Application in Real Life in Patients With Cystic Fibrosis Eligible for KAFTRIO® Treatment,UNKNOWN,OTHER,Hopital Foch,NA,not_applicable,False,,cf,cftr_modulator,modulator,N2,supportive,0,0,0,auto_suggested,rules,,Hopital Foch,,,2026-09-09T22:49:42+00:00,clinicaltrials_gov_api_v2
NCT05314764,Cefiderocol Pharmacokinetics in Adult Patients With Cystic Fibrosis,COMPLETED,OTHER,Hartford Hospital,PHASE4,approved,False,,cf,antimicrobial,antimicrobial,N4,therapeutic,0,0,0,auto_suggested,rules,,Hartford Hospital,,,2026-09-09T22:49:42+00:00,clinicaltrials_gov_api_v2
NCT05331183,Study to Evaluate Elexacaftor/Tezacaftor/Ivacaftor (ELX/TEZ/IVA) Long-term Safety and Efficacy in Subjects Without F508del,ACTIVE_NOT_RECRUITING,INDUSTRY,Vertex Pharmaceuticals Incorporated,PHASE3,phase_3,True,,cf,cftr_modulator,modulator,N2,label_expansion,1,0,0,reviewed,trial_review_overrides,Trikafta (ELX/TEZ/IVA),Vertex Pharmaceuticals,cff-trikafta,Pediatric/long-term ETI safety. Approved franchise; not investigational whitespace.,2026-09-09T22:49:42+00:00,clinicaltrials_gov_api_v2
NCT05359991,Exercise in Child Health,RECRUITING,OTHER,"University of California, Irvine",NA,not_applicable,True,,cf,care_delivery,care_delivery,N8,supportive,0,0,0,auto_suggested,rules,,"University of California, Irvine",,,2026-09-09T22:49:42+00:00,clinicaltrials_gov_api_v2
NCT05369624,Exercise Capacity in Non-cystic Fibrosis Bronchiectasis After a Pulmonary Rehabilitation Home-based Program,COMPLETED,OTHER,Hospital Universitario Virgen Macarena,NA,not_applicable,False,non-cystic fibrosis bronchiectasis,ncfb,care_delivery,care_delivery,,not_cf_primary,0,0,0,auto_suggested,rules,,Hospital Universitario Virgen Macarena,,,2026-09-09T22:49:42+00:00,clinicaltrials_gov_api_v2
NCT05392855,Symptom Based Performance of Airway Clearance After Starting Highly Effective Modulators for Cystic Fibrosis (SPACE-CF),TERMINATED,OTHER,University of Missouri-Columbia,NA,not_applicable,False,,cf,cftr_modulator,modulator,N2,supportive,0,0,0,auto_suggested,rules,,University of Missouri-Columbia,,,2026-09-09T22:49:42+00:00,clinicaltrials_gov_api_v2
NCT05407272,"Explore the Sharing Model Intervene to Improve the Knowledge, Attitudes, Service Intentions and Service Start-up Effects of the Eight Major Non-cancer Disease End-stage Caregivers on Well-being and Palliative Care",COMPLETED,OTHER,Wen-Shiou Pan,NA,not_applicable,False,,cf,other,no_keyword_match,,supportive,0,0,0,auto_suggested,rules,,Wen-Shiou Pan,,,2026-09-09T22:49:42+00:00,clinicaltrials_gov_api_v2
NCT05408910,Rifaximin for Treatment of Bloating in Children and Adults With Cystic Fibrosis,WITHDRAWN,OTHER,Wake Forest University Health Sciences,PHASE2;PHASE3,phase_2,False,,cf,gi_nutrition,gi,N6,therapeutic,0,0,0,auto_suggested,rules,,Wake Forest University Health Sciences,,,2026-09-09T22:49:42+00:00,clinicaltrials_gov_api_v2
NCT05420844,Pilot Study to Evaluate a Voice Journaling Application in Adolescents With Cystic Fibrosis,COMPLETED,OTHER,"University of Colorado, Denver",NA,not_applicable,False,,cf,other,no_keyword_match,,supportive,0,0,0,auto_suggested,rules,,"University of Colorado, Denver",,,2026-09-09T22:49:42+00:00,clinicaltrials_gov_api_v2
NCT05422222,Evaluation of VX-121/Tezacaftor/Deutivacaftor in Cystic Fibrosis (CF) Participants 1 Through 11 Years of Age,ACTIVE_NOT_RECRUITING,INDUSTRY,Vertex Pharmaceuticals Incorporated,PHASE3,phase_3,True,,cf,cftr_modulator,modulator,N2,label_expansion,1,0,0,reviewed,trial_review_overrides,Alyftrek (VX-121/TEZ/D-IVA),Vertex Pharmaceuticals,cff-alyftrek,Ages 1-11 VTD. Label expansion of an approved product.,2026-09-09T22:49:42+00:00,clinicaltrials_gov_api_v2
NCT05437120,Pharmacokinetics and Safety Assessment of VX-121/Tezacaftor/Deutivacaftor in Participants With Moderate Hepatic Impairment,COMPLETED,INDUSTRY,Vertex Pharmaceuticals Incorporated,PHASE1,phase_1,False,,cf,cftr_modulator,modulator,N2,therapeutic,0,0,0,auto_suggested,rules,,Vertex Pharmaceuticals Incorporated,,,2026-09-09T22:49:42+00:00,clinicaltrials_gov_api_v2
NCT05444257,A Study Evaluating the Long-term Safety and Efficacy of VX-121 Combination Therapy,ACTIVE_NOT_RECRUITING,INDUSTRY,Vertex Pharmaceuticals Incorporated,PHASE3,phase_3,True,,cf,cftr_modulator,modulator,N2,label_expansion,1,0,0,reviewed,trial_review_overrides,Alyftrek long-term,Vertex Pharmaceuticals,cff-alyftrek,VTD long-term extension.,2026-09-09T22:49:42+00:00,clinicaltrials_gov_api_v2
NCT05453578,A Phase 1b/2 Trial of the Safety and Microbiological Activity of Bacteriophage Therapy in Cystic Fibrosis Subjects Colonized With Pseudomonas Aeruginosa,COMPLETED,NIH,National Institute of Allergy and Infectious Diseases (NIAID),PHASE1;PHASE2,phase_1,False,,cf,phage,phage,N4,therapeutic,0,0,0,auto_suggested,rules,,National Institute of Allergy and Infectious Diseases (NIAID),,,2026-09-09T22:49:42+00:00,clinicaltrials_gov_api_v2
NCT05463289,ACCESS 2: AI for pediatriC diabetiC Eye examS Study 2,RECRUITING,OTHER,Johns Hopkins University,NA,not_applicable,True,,cf,metabolic_cfrd,cfrd,N5,diagnostic,0,0,0,auto_suggested,rules,,Johns Hopkins University,,,2026-09-09T22:49:42+00:00,clinicaltrials_gov_api_v2
NCT05469711,PlayPhysio: Making Physio Fun,COMPLETED,OTHER,Alder Hey Children's NHS Foundation Trust,NA,not_applicable,False,,cf,mucociliary_clearance,mucociliary,N3,supportive,0,0,0,auto_suggested,rules,,Alder Hey Children's NHS Foundation Trust,,,2026-09-09T22:49:42+00:00,clinicaltrials_gov_api_v2
NCT05481190,The Impact Of A Tele-Exercise Program For Children With Cystic Fibrosis During The Covid-19 Pandemic On Quality Of Life,COMPLETED,OTHER,Ondokuz Mayıs University,NA,not_applicable,False,,cf,care_delivery,care_delivery,N8,supportive,0,0,0,auto_suggested,rules,,Ondokuz Mayıs University,,,2026-09-09T22:49:42+00:00,clinicaltrials_gov_api_v2
NCT05482048,Pilot Trial of ExACT (Exercise as Airway Clearance Therapy) for People With Cystic Fibrosis,UNKNOWN,OTHER,University Hospital Southampton NHS Foundation Trust,NA,not_applicable,False,,cf,mucociliary_clearance,mucociliary,N3,supportive,0,0,0,auto_suggested,rules,,University Hospital Southampton NHS Foundation Trust,,,2026-09-09T22:49:42+00:00,clinicaltrials_gov_api_v2
NCT05495243,"Phase 2a, 28-day Investigational Use Study of ARINA-1 in Non-Cystic Fibrosis Bronchiectasis (NCFBE) With Excess Mucus and Cough",COMPLETED,INDUSTRY,"Renovion, Inc.",PHASE2,phase_2,False,non-cystic fibrosis bronchiectasis,ncfb,other,no_keyword_match,,not_cf_primary,0,0,0,auto_suggested,rules,,"Renovion, Inc.",,,2026-09-09T22:49:42+00:00,clinicaltrials_gov_api_v2
NCT05504837,A Study Assessing KB407 for the Treatment of Cystic Fibrosis,RECRUITING,INDUSTRY,"Krystal Biotech, Inc.",PHASE1,phase_1,True,,cf,gene_therapy,gene_therapy,N1,therapeutic,1,1,1,reviewed,trial_review_overrides,KB407,Krystal Biotech,cff-kb407,Recruiting Phase 1 inhaled HSV-1 CFTR gene therapy.,2026-09-09T22:49:42+00:00,clinicaltrials_gov_api_v2
NCT05515250,Neuromodulation for Children With Cystic Fibrosis Experiencing Chronic Abdominal Pain,TERMINATED,OTHER,St. Louis University,NA,not_applicable,False,,cf,other,no_keyword_match,,diagnostic,0,0,0,auto_suggested,rules,,St. Louis University,,,2026-09-09T22:49:42+00:00,clinicaltrials_gov_api_v2
NCT05517655,BEGIN Novel ImagiNG Biomarkers,RECRUITING,OTHER,"Children's Hospital Medical Center, Cincinnati",PHASE4,approved,True,,cf,diagnostic,diagnostic,,diagnostic,0,0,0,auto_suggested,rules,,"Children's Hospital Medical Center, Cincinnati",,,2026-09-09T22:49:42+00:00,clinicaltrials_gov_api_v2
NCT05523180,A Study to Evaluate the Effect of Probiotic Supplement on Quality of Life,COMPLETED,INDUSTRY,"ResBiotic Nutrition, Inc.",NA,not_applicable,False,non-cystic fibrosis bronchiectasis,ncfb,other,no_keyword_match,,not_cf_primary,0,0,0,auto_suggested,rules,,"ResBiotic Nutrition, Inc.",,,2026-09-09T22:49:42+00:00,clinicaltrials_gov_api_v2
NCT05526027,Real-world Efficacy and Safety of Cystic Fibrosis Transmembrane Conductance Regulator (CFTR) Modulator Therapy in Adult Patients With Cystic Fibrosis (CF),UNKNOWN,OTHER,Universitair Ziekenhuis Brussel,NA,not_applicable,False,,cf,cftr_modulator,modulator,N2,diagnostic,0,0,0,auto_suggested,rules,,Universitair Ziekenhuis Brussel,,,2026-09-09T22:49:42+00:00,clinicaltrials_gov_api_v2
NCT05530278,"A Study to Assess the Pharmacokinetics and Safety of Co-administered Oral Galicaftor, Navocaftor, and ABBV-576 in Healthy Adults for the Treatment of Cystic Fibrosis",COMPLETED,INDUSTRY,AbbVie,PHASE1,phase_1,False,,cf,other,no_keyword_match,,supportive,0,0,0,auto_suggested,rules,,AbbVie,,,2026-09-09T22:49:42+00:00,clinicaltrials_gov_api_v2
NCT05531630,Xylitol vs Saline Nasal Irrigations in CF-CRS,ENROLLING_BY_INVITATION,OTHER,Universitaire Ziekenhuizen KU Leuven,NA,not_applicable,True,,cf,other,no_keyword_match,,diagnostic,0,0,0,auto_suggested,rules,,Universitaire Ziekenhuizen KU Leuven,,,2026-09-09T22:49:42+00:00,clinicaltrials_gov_api_v2
NCT05535959,A Study to Evaluate the Relative Bioavailability of a Fixed-dose Combination Tablet of VX-121/Tezacaftor/Deutivacaftor,COMPLETED,INDUSTRY,Vertex Pharmaceuticals Incorporated,PHASE1,phase_1,False,,cf,cftr_modulator,modulator,N2,therapeutic,0,0,0,auto_suggested,rules,,Vertex Pharmaceuticals Incorporated,,,2026-09-09T22:49:42+00:00,clinicaltrials_gov_api_v2
NCT05548283,Standardizing Treatments for Pulmonary Exacerbations - Aminoglycoside Study,RECRUITING,OTHER,Chris Goss,PHASE4,approved,True,,cf,antimicrobial,antimicrobial,N4,supportive,0,0,0,reviewed,trial_review_overrides,STOP PEx aminoglycoside regimens,Chris Goss,,Standard-of-care antibiotic optimization. Not a new product.,2026-09-09T22:49:42+00:00,clinicaltrials_gov_api_v2
NCT05561764,"Imipenem/Cilastatin/Relebactam Pharmacokinetics, Safety, and Outcomes in Adults and Adolescents With Cystic Fibrosis",TERMINATED,OTHER,Hartford Hospital,PHASE4,approved,False,,cf,antimicrobial,antimicrobial,N4,therapeutic,0,0,0,auto_suggested,rules,,Hartford Hospital,,,2026-09-09T22:49:42+00:00,clinicaltrials_gov_api_v2
NCT05562492,Closed-loop for People Living With Cystic Fibrosis Related Diabetes,ACTIVE_NOT_RECRUITING,OTHER,University of Cambridge,NA,not_applicable,True,,cf,metabolic_cfrd,cfrd,N5,diagnostic,0,0,0,auto_suggested,rules,,University of Cambridge,,,2026-09-09T22:49:42+00:00,clinicaltrials_gov_api_v2
NCT05584982,Clinical Performance of the AtbFinder® Test System for Selection of Antibiotic Therapy in Persons With Cystic Fibrosis,COMPLETED,INDUSTRY,TGV-Dx,NA,not_applicable,False,,cf,antimicrobial,antimicrobial,N4,diagnostic,0,0,0,auto_suggested,rules,,TGV-Dx,,,2026-09-09T22:49:42+00:00,clinicaltrials_gov_api_v2
NCT05590169,Effects of Telerehabilitation-based Exercises in Cystic Fibrosis,COMPLETED,OTHER,Istanbul Bilgi University,NA,not_applicable,False,,cf,care_delivery,care_delivery,N8,supportive,0,0,0,auto_suggested,rules,,Istanbul Bilgi University,,,2026-09-09T22:49:42+00:00,clinicaltrials_gov_api_v2
NCT05601778,A Study of HSK31858 in Participants with Non-Cystic Fibrosis Bronchiectasis,COMPLETED,INDUSTRY,"Haisco Pharmaceutical Group Co., Ltd.",PHASE2,phase_2,False,non-cystic fibrosis bronchiectasis,ncfb,other,no_keyword_match,,not_cf_primary,0,0,0,auto_suggested,rules,,"Haisco Pharmaceutical Group Co., Ltd.",,,2026-09-09T22:49:42+00:00,clinicaltrials_gov_api_v2
NCT05614336,COVID-19 Antibody Responses in Cystic Fibrosis,COMPLETED,OTHER,Hospices Civils de Lyon,NA,not_applicable,False,,cf,cftr_modulator,modulator,N2,therapeutic,0,0,0,auto_suggested,rules,,Hospices Civils de Lyon,,,2026-09-09T22:49:42+00:00,clinicaltrials_gov_api_v2
NCT05616221,"Study to Evaluate the Safety, Phage Kinetics, and Efficacy of Inhaled AP-PA02 in Subjects With Non-Cystic Fibrosis Bronchiectasis and Chronic Pulmonary Pseudomonas Aeruginosa Infection",COMPLETED,INDUSTRY,"Armata Pharmaceuticals, Inc.",PHASE2,phase_2,False,non-cystic fibrosis bronchiectasis,ncfb,phage,phage,,not_cf_primary,0,0,0,auto_suggested,rules,,"Armata Pharmaceuticals, Inc.",,,2026-09-09T22:49:42+00:00,clinicaltrials_gov_api_v2
NCT05641298,Study to Determine the Efficacy&Safety of ARV-1801(ACG-701) for the Treatment of Cystic Fibrosis Pulmonary Exacerbations,WITHDRAWN,INDUSTRY,Aceragen,PHASE2,phase_2,False,,cf,other,no_keyword_match,,supportive,0,0,0,auto_suggested,rules,,Aceragen,,,2026-09-09T22:49:42+00:00,clinicaltrials_gov_api_v2
NCT05655637,Effects of Breathing Exercises Combined With Endurance and Strength Training in Patients With Cystic Fibrosis.,COMPLETED,OTHER,Riphah International University,NA,not_applicable,False,,cf,care_delivery,care_delivery,N8,supportive,0,0,0,auto_suggested,rules,,Riphah International University,,,2026-09-09T22:49:42+00:00,clinicaltrials_gov_api_v2
NCT05668741,A Phase 1/2 Study of VX-522 in Participants With Cystic Fibrosis (CF),ACTIVE_NOT_RECRUITING,INDUSTRY,Vertex Pharmaceuticals Incorporated,PHASE1;PHASE2,phase_1,True,,cf,mrna,mrna,N1,therapeutic,1,1,1,reviewed,trial_review_overrides,VX-522,Vertex Pharmaceuticals,cff-vx-522,ACTIVE_NOT_RECRUITING Phase 1/2 inhaled CFTR mRNA. Treat as active_clinical unless a stop is documented.,2026-09-09T22:49:42+00:00,clinicaltrials_gov_api_v2
NCT05696912,Functional Tests to Resolve Unsolved Rare Diseases. Rares.,UNKNOWN,OTHER,"University Hospital, Bordeaux",NA,not_applicable,False,,cf,other,no_keyword_match,,supportive,0,0,0,auto_suggested,rules,,"University Hospital, Bordeaux",,,2026-09-09T22:49:42+00:00,clinicaltrials_gov_api_v2
NCT05704036,Estrogen Supplementation and Bone Health in Women With CF,RECRUITING,OTHER,Johns Hopkins University,PHASE4,approved,True,,cf,other,no_keyword_match,N7,supportive,0,0,0,reviewed,trial_review_overrides,Estrogen supplementation and bone health,Johns Hopkins University,,Adult women's health / N7. Not a CF-specific newco asset.,2026-09-09T22:49:42+00:00,clinicaltrials_gov_api_v2
NCT05712538,"Safety, Tolerability, and Pharmacokinetics of ARCT-032 in Healthy Adult Subjects and Adults With Cystic Fibrosis.",COMPLETED,INDUSTRY,"Arcturus Therapeutics, Inc.",PHASE1,phase_1,False,,cf,mrna,mrna,N1,therapeutic,0,0,0,auto_suggested,rules,,"Arcturus Therapeutics, Inc.",,,2026-09-09T22:49:42+00:00,clinicaltrials_gov_api_v2
NCT05719311,Study to Assess an Enteric Microgranule Formulation of Adrulipase in Patients With Cystic Fibrosis,COMPLETED,INDUSTRY,Entero Therapeutics,PHASE2,phase_2,False,,cf,gi_nutrition,gi,N6,therapeutic,0,0,0,auto_suggested,rules,,Entero Therapeutics,,,2026-09-09T22:49:42+00:00,clinicaltrials_gov_api_v2
NCT05723445,The Effects of a Low Glycemic Load Diet on Dysglycemia and Body Composition in Adults With Cystic Fibrosis-Related Diabetes,RECRUITING,OTHER,Rhode Island Hospital,NA,not_applicable,True,,cf,metabolic_cfrd,cfrd,N5,supportive,0,0,0,auto_suggested,rules,,Rhode Island Hospital,,,2026-09-09T22:49:42+00:00,clinicaltrials_gov_api_v2
NCT05740618,Inhaled Mannitol on Mucociliary Clearance in Moderate to Severe Cystic Fibrosis,COMPLETED,OTHER,"University of North Carolina, Chapel Hill",PHASE4,approved,False,,cf,cftr_modulator,modulator,N2,label_expansion,0,0,0,auto_suggested,rules,,"University of North Carolina, Chapel Hill",,,2026-09-09T22:49:42+00:00,clinicaltrials_gov_api_v2
NCT05743946,Trikafta for Patients With Non-cystic Fibrosis Bronchiectasis,COMPLETED,OTHER,Emory University,PHASE4,approved,False,non-cystic fibrosis bronchiectasis,ncfb,cftr_modulator,modulator,,not_cf_primary,0,0,0,auto_suggested,rules,,Emory University,,,2026-09-09T22:49:42+00:00,clinicaltrials_gov_api_v2
NCT05766774,FEED-Cystic Fibrosis (FEED-CF),RECRUITING,OTHER,Emory University,NA,not_applicable,True,,cf,metabolic_cfrd,cfrd,N5,supportive,0,0,0,auto_suggested,rules,,Emory University,,,2026-09-09T22:49:42+00:00,clinicaltrials_gov_api_v2
NCT05788965,Semaglutide in CFRD,COMPLETED,OTHER,University of Minnesota,PHASE2;PHASE3,phase_2,False,,cf,metabolic_cfrd,cfrd,N5,therapeutic,0,0,0,auto_suggested,rules,,University of Minnesota,,,2026-09-09T22:49:42+00:00,clinicaltrials_gov_api_v2
NCT05795673,Peer-supporting for Teenagers With Cystic Fibrosis in the Transition of Care From Paediatric to Adult Services,UNKNOWN,OTHER,Hospices Civils de Lyon,NA,not_applicable,False,,cf,other,no_keyword_match,,supportive,0,0,0,auto_suggested,rules,,Hospices Civils de Lyon,,,2026-09-09T22:49:42+00:00,clinicaltrials_gov_api_v2
NCT05801952,PEP and OPEP Devices in Cystic Fibrosis,UNKNOWN,OTHER,"National Institute for Tuberculosis and Lung Diseases, Poland",NA,not_applicable,False,,cf,mucociliary_clearance,mucociliary,N3,supportive,0,0,0,auto_suggested,rules,,"National Institute for Tuberculosis and Lung Diseases, Poland",,,2026-09-09T22:49:42+00:00,clinicaltrials_gov_api_v2
NCT05802264,Study to Assess Amphotericin B Cystetic for Inhalation (ABCI) Doses in Healthy Volunteers & People with Cystic Fibrosis,RECRUITING,INDUSTRY,"Cystetic Medicines, Inc.",PHASE1,phase_1,True,,cf,anion_bypass,anion_bypass,N1,therapeutic,1,1,1,reviewed,trial_review_overrides,ABCI (amphotericin B cystetic for inhalation),Cystetic Medicines,,CFTR-independent anion ionophore. Healthy volunteers and people with CF.,2026-09-09T22:49:42+00:00,clinicaltrials_gov_api_v2
NCT05809492,Use of A-STEP Test in Cystic Fibrosis Patients,UNKNOWN,OTHER,Marmara University,NA,not_applicable,False,,cf,care_delivery,care_delivery,N8,supportive,0,0,0,auto_suggested,rules,,Marmara University,,,2026-09-09T22:49:42+00:00,clinicaltrials_gov_api_v2
NCT05818319,Cystic Fibrosis in the Kidney: Monitoring the Effectiveness of Elexacaftor/tezacaftor/ivacaftor in Urine After a Short Pause of Therapy,RECRUITING,OTHER,University of Aarhus,NA,not_applicable,True,,cf,cftr_modulator,modulator,N2,supportive,0,0,0,auto_suggested,rules,,University of Aarhus,,,2026-09-09T22:49:42+00:00,clinicaltrials_gov_api_v2
NCT05844449,Evaluation of Long-Term Safety and Efficacy of Vanzacaftor/Tezacaftor/Deutivacaftor in Cystic Fibrosis Participants 1 Year of Age and Older,ENROLLING_BY_INVITATION,INDUSTRY,Vertex Pharmaceuticals Incorporated,PHASE3,phase_3,True,,cf,cftr_modulator,modulator,N2,label_expansion,1,0,0,reviewed,trial_review_overrides,Alyftrek long-term,Vertex Pharmaceuticals,cff-alyftrek,VTD long-term safety.,2026-09-09T22:49:42+00:00,clinicaltrials_gov_api_v2
NCT05850351,Virtual Reality Based Tele-Exercises on Exercise Capacity in Cystic Fibrosis,COMPLETED,OTHER,Koç University,NA,not_applicable,False,,cf,care_delivery,care_delivery,N8,supportive,0,0,0,auto_suggested,rules,,Koç University,,,2026-09-09T22:49:42+00:00,clinicaltrials_gov_api_v2
NCT05860803,Breathing Training and Exercise Capacity in Non-CFB,RECRUITING,OTHER,Mayo Clinic,NA,not_applicable,True,non-cystic fibrosis bronchiectasis,ncfb,care_delivery,care_delivery,N8,not_cf_primary,0,0,0,reviewed,trial_review_overrides,Breathing training in non-CF bronchiectasis,Mayo Clinic,,Non-CF bronchiectasis. Exclude from CF map.,2026-09-09T22:49:42+00:00,clinicaltrials_gov_api_v2
NCT05865886,A Study to Test How Well BI 1291583 is Tolerated by People With Cystic Fibrosis Bronchiectasis (Clairafly™),COMPLETED,INDUSTRY,Boehringer Ingelheim,PHASE2,phase_2,False,,cf,other,no_keyword_match,,supportive,0,0,0,auto_suggested,rules,,Boehringer Ingelheim,,,2026-09-09T22:49:42+00:00,clinicaltrials_gov_api_v2
NCT05867147,An Electrocardiogram Study to Evaluate the Effect of Vanzacaftor on the QT/QTc Interval in Healthy Participants,COMPLETED,INDUSTRY,Vertex Pharmaceuticals Incorporated,PHASE1,phase_1,False,,cf,cftr_modulator,modulator,N2,therapeutic,0,0,0,auto_suggested,rules,,Vertex Pharmaceuticals Incorporated,,,2026-09-09T22:49:42+00:00,clinicaltrials_gov_api_v2
NCT05882357,Evaluation of Elexacaftor/Tezacaftor/Ivacaftor (ELX/TEZ/IVA) in Cystic Fibrosis (CF) Participants 12 to Less Than 24 Months of Age,COMPLETED,INDUSTRY,Vertex Pharmaceuticals Incorporated,PHASE3,phase_3,False,,cf,cftr_modulator,modulator,N2,therapeutic,0,0,0,auto_suggested,rules,,Vertex Pharmaceuticals Incorporated,,,2026-09-09T22:49:42+00:00,clinicaltrials_gov_api_v2
NCT05932316,Evaluating Bronchodilator Response in Patients With Bronchiectasis,UNKNOWN,OTHER,Rambam Health Care Campus,NA,not_applicable,False,,cf,other,no_keyword_match,,supportive,0,0,0,auto_suggested,rules,,Rambam Health Care Campus,,,2026-09-09T22:49:42+00:00,clinicaltrials_gov_api_v2
NCT05937815,Intestine-lung Axis of Cystic Fibrosis Patients Treated With the Combination Elexacaftor/Tezacaftor/Ivacaftor,RECRUITING,OTHER,"University Hospital, Bordeaux",NA,not_applicable,True,,cf,cftr_modulator,modulator,N2,supportive,0,0,0,auto_suggested,rules,,"University Hospital, Bordeaux",,,2026-09-09T22:49:42+00:00,clinicaltrials_gov_api_v2
NCT05968612,Bioequivalence and Food Effect Bioavailability Study of Lumacaftor Film-Coated Tablets,COMPLETED,INDUSTRY,Qanatpharma Canada LTD,PHASE1,phase_1,False,,cf,cftr_modulator,modulator,N2,therapeutic,0,0,0,auto_suggested,rules,,Qanatpharma Canada LTD,,,2026-09-09T22:49:42+00:00,clinicaltrials_gov_api_v2
NCT05980221,The Development of a Metabolomic Test to Diagnose and Quantify Pancreatic Exocrine Insufficiency (The DETECTION Study),UNKNOWN,OTHER,University Hospital Birmingham NHS Foundation Trust,NA,not_applicable,False,,cf,other,no_keyword_match,,diagnostic,0,0,0,auto_suggested,rules,,University Hospital Birmingham NHS Foundation Trust,,,2026-09-09T22:49:42+00:00,clinicaltrials_gov_api_v2
NCT05998629,Skin-interfaced Colorimetric Bifluidic Sweat Sensor Device for the Diagnosis of Cystic Fibrosis (CF),RECRUITING,OTHER,Milton S. Hershey Medical Center,NA,not_applicable,True,,cf,diagnostic,diagnostic,,diagnostic,0,0,0,auto_suggested,rules,,Milton S. Hershey Medical Center,,,2026-09-09T22:49:42+00:00,clinicaltrials_gov_api_v2
NCT06012084,The Development and Evaluation of iCF-PWR for Healthy Siblings of Individuals With Cystic Fibrosis,COMPLETED,OTHER,University of Regina,NA,not_applicable,False,,cf,care_delivery,care_delivery,N8,supportive,0,0,0,auto_suggested,rules,,University of Regina,,,2026-09-09T22:49:42+00:00,clinicaltrials_gov_api_v2
NCT06016088,"A Double-Blind, Active-Controlled, Multiple-Ascending Dose Study of Aerosolized RSP-1502 in Subjects With CF and Chronic PA Lung Infection",COMPLETED,INDUSTRY,Respirion Pharmaceuticals Pty Ltd,PHASE1;PHASE2,phase_1,False,,cf,antimicrobial,antimicrobial,N4,therapeutic,0,0,0,auto_suggested,rules,,Respirion Pharmaceuticals Pty Ltd,,,2026-09-09T22:49:42+00:00,clinicaltrials_gov_api_v2
NCT06020274,"Internet-delivered Cystic Fibrosis Mental Health Prevention, Wellness, Resource Program: How Does it Work?",NOT_YET_RECRUITING,OTHER,University of Regina,NA,not_applicable,True,,cf,care_delivery,care_delivery,N8,supportive,0,0,0,auto_suggested,rules,,University of Regina,,,2026-09-09T22:49:42+00:00,clinicaltrials_gov_api_v2
NCT06030206,Lung Transplant READY CF 2: A Multi-site RCT,ACTIVE_NOT_RECRUITING,OTHER,University of Washington,NA,not_applicable,True,,cf,care_delivery,care_delivery,N8,supportive,0,0,0,auto_suggested,rules,,University of Washington,,,2026-09-09T22:49:42+00:00,clinicaltrials_gov_api_v2
NCT06032273,Lung Transplant READY CF 2: CARING CF Ancillary RCT,RECRUITING,OTHER,University of Washington,NA,not_applicable,True,,cf,other,no_keyword_match,,supportive,0,0,0,auto_suggested,rules,,University of Washington,,,2026-09-09T22:49:42+00:00,clinicaltrials_gov_api_v2
NCT06035055,Ceftolozane/Tazobactam Continuous Infusion for Infective Exacerbations of Cystic Fibrosis and Bronchiectasis,UNKNOWN,OTHER,Sunshine Coast Hospital and Health Service,PHASE4,approved,False,,cf,antimicrobial,antimicrobial,N4,therapeutic,0,0,0,auto_suggested,rules,,Sunshine Coast Hospital and Health Service,,,2026-09-09T22:49:42+00:00,clinicaltrials_gov_api_v2
NCT06052293,Phase 1 Study to Assess Safety and Efficacy of ANG003,COMPLETED,INDUSTRY,"Anagram Therapeutics, Inc.",PHASE1,phase_1,False,,cf,gi_nutrition,gi,N6,therapeutic,0,0,0,auto_suggested,rules,,"Anagram Therapeutics, Inc.",,,2026-09-09T22:49:42+00:00,clinicaltrials_gov_api_v2
NCT06057558,Airway Microbiome of Cystic Fibrosis Patients,UNKNOWN,OTHER,"University Hospital, Antwerp",NA,not_applicable,False,,cf,other,no_keyword_match,,supportive,0,0,0,auto_suggested,rules,,"University Hospital, Antwerp",,,2026-09-09T22:49:42+00:00,clinicaltrials_gov_api_v2
NCT06109675,Nutritional Status Assessment of Pediatric Cystic Fibrosis Patients and Effect of Nutrition Education on Nutritional Status,COMPLETED,OTHER,Medipol University,NA,not_applicable,False,,cf,other,no_keyword_match,,supportive,0,0,0,auto_suggested,rules,,Medipol University,,,2026-09-09T22:49:42+00:00,clinicaltrials_gov_api_v2
NCT06112717,The Application of the Self Care Deficit Nursing Theory in Adolescents With Cystic Fibrosis,COMPLETED,OTHER,Hacettepe University,NA,not_applicable,False,,cf,other,no_keyword_match,,supportive,0,0,0,auto_suggested,rules,,Hacettepe University,,,2026-09-09T22:49:42+00:00,clinicaltrials_gov_api_v2
NCT06120465,YOGA-CF (Yoga Outcomes Get Assessed in Cystic Fibrosis),ACTIVE_NOT_RECRUITING,OTHER,Royal Brompton & Harefield NHS Foundation Trust,NA,not_applicable,True,,cf,care_delivery,care_delivery,N8,supportive,0,0,0,auto_suggested,rules,,Royal Brompton & Harefield NHS Foundation Trust,,,2026-09-09T22:49:42+00:00,clinicaltrials_gov_api_v2
NCT06122025,Evaluation of Patient Access to People With Cystic Fibrosis (CF) and Healthcare Professionals,COMPLETED,OTHER,The Leeds Teaching Hospitals NHS Trust,NA,not_applicable,False,,cf,other,no_keyword_match,,diagnostic,0,0,0,auto_suggested,rules,,The Leeds Teaching Hospitals NHS Trust,,,2026-09-09T22:49:42+00:00,clinicaltrials_gov_api_v2
NCT06132048,"A Usability Validation of the MuCopilot Mobile Application, a Digital Tool for the Unsupervised Objective Assessment of Cystic Fibrosis",RECRUITING,OTHER,Ad scientiam,NA,not_applicable,True,,cf,care_delivery,care_delivery,N8,supportive,0,0,0,auto_suggested,rules,,Ad scientiam,,,2026-09-09T22:49:42+00:00,clinicaltrials_gov_api_v2
NCT06133335,Cystic Fibrosis and Periodontal Diseases,UNKNOWN,OTHER,CHU de Reims,NA,not_applicable,False,,cf,antimicrobial,antimicrobial,N4,supportive,0,0,0,auto_suggested,rules,,CHU de Reims,,,2026-09-09T22:49:42+00:00,clinicaltrials_gov_api_v2
NCT06147778,"Performances and Safety of MuCopilot, a Digital Tool for the Unsupervised Objective Assessment of Cystic Fibrosis",COMPLETED,OTHER,Ad scientiam,NA,not_applicable,False,,cf,care_delivery,care_delivery,N8,supportive,0,0,0,auto_suggested,rules,,Ad scientiam,,,2026-09-09T22:49:42+00:00,clinicaltrials_gov_api_v2
NCT06149793,SGLT2 Inhibitor Therapy in Cystic Fibrosis-related Diabetes,ACTIVE_NOT_RECRUITING,OTHER,University of Minnesota,PHASE2;PHASE3,phase_2,True,,cf,metabolic_cfrd,cfrd,N5,therapeutic,1,1,0,reviewed,trial_review_overrides,Empagliflozin in CFRD,University of Minnesota,,Academic SGLT2 inhibitor study. Crowding unit 0.,2026-09-09T22:49:42+00:00,clinicaltrials_gov_api_v2
NCT06154447,Evaluation of VX-828 in Healthy Participants and in Participants With Cystic Fibrosis,COMPLETED,INDUSTRY,Vertex Pharmaceuticals Incorporated,PHASE1,phase_1,False,,cf,cftr_modulator,modulator,N2,therapeutic,0,0,0,auto_suggested,rules,,Vertex Pharmaceuticals Incorporated,,,2026-09-09T22:49:42+00:00,clinicaltrials_gov_api_v2
NCT06159725,A Study To Evaluate The Safety Of CMTX-101 In People With Cystic Fibrosis,COMPLETED,INDUSTRY,"Clarametyx Biosciences, Inc.",PHASE1;PHASE2,phase_1,False,,cf,other,no_keyword_match,,supportive,0,0,0,auto_suggested,rules,,"Clarametyx Biosciences, Inc.",,,2026-09-09T22:49:42+00:00,clinicaltrials_gov_api_v2
NCT06160713,Compare Oral Itraconazole and Standard Care Versus Standard Care Alone in Patients With Non-cystic Fibrosis Related Bronchiectasis With Chronic Aspergillus Infection in Reducing Bronchiectasis Exacerbations,UNKNOWN,OTHER,"Post Graduate Institute of Medical Education and Research, Chandigarh",PHASE3,phase_3,False,non-cystic fibrosis phrase,ncfb,antifungal,antifungal,,not_cf_primary,0,0,0,auto_suggested,rules,,"Post Graduate Institute of Medical Education and Research, Chandigarh",,,2026-09-09T22:49:42+00:00,clinicaltrials_gov_api_v2
NCT06164470,Impact of Support Groups for Patients With Non-Cystic Fibrosis Bronchiectasis,COMPLETED,OTHER,"University of California, San Francisco",NA,not_applicable,False,non-cystic fibrosis bronchiectasis,ncfb,other,no_keyword_match,,not_cf_primary,0,0,0,auto_suggested,rules,,"University of California, San Francisco",,,2026-09-09T22:49:42+00:00,clinicaltrials_gov_api_v2
NCT06217952,"Safety, Tolerability, and Pharmacokinetics of SPL84 in Healthy Volunteers",COMPLETED,INDUSTRY,SpliSense Ltd.,PHASE1,phase_1,False,,cf,aso_oligonucleotide,aso,N1,therapeutic,0,0,0,auto_suggested,rules,,SpliSense Ltd.,,,2026-09-09T22:49:42+00:00,clinicaltrials_gov_api_v2
NCT06237335,A Phase 2 Study Evaluating Safety and Tolerability of RCT2100 (CFTR mRNA) in Healthy Participants and in Participants With CF,ACTIVE_NOT_RECRUITING,INDUSTRY,ReCode Therapeutics,PHASE2,phase_2,True,,cf,mrna,mrna,N1,therapeutic,1,1,1,reviewed,trial_review_overrides,RCT2100,ReCode Therapeutics,cff-rct2100,Phase 2 inhaled CFTR mRNA including CF participants.,2026-09-09T22:49:42+00:00,clinicaltrials_gov_api_v2
NCT06237348,Simeox Therapy at Home Versus Standard of Care in NCFB Patients With CMH,COMPLETED,INDUSTRY,Physio-Assist,NA,not_applicable,False,non-cystic fibrosis bronchiectasis,ncfb,mucociliary_clearance,mucociliary,,not_cf_primary,0,0,0,auto_suggested,rules,,Physio-Assist,,,2026-09-09T22:49:42+00:00,clinicaltrials_gov_api_v2
NCT06238856,Single Dose Escalation Study of TR02 (Sustained Lipid Inhalation Technology [SLIT™] Amikacin) in Participants With Cystic Fibrosis (CF) Having Chronic Infections of Pseudomonas Aeruginosa,COMPLETED,INDUSTRY,Insmed Incorporated,PHASE1,phase_1,False,,cf,antimicrobial,antimicrobial,N4,therapeutic,0,0,0,auto_suggested,rules,,Insmed Incorporated,,,2026-09-09T22:49:42+00:00,clinicaltrials_gov_api_v2
NCT06242795,Hypertonic Saline in NCFB,RECRUITING,OTHER,"University of North Carolina, Chapel Hill",PHASE4,approved,True,non-cystic fibrosis bronchiectasis,ncfb,mucociliary_clearance,mucociliary,N3,not_cf_primary,0,0,0,reviewed,trial_review_overrides,Hypertonic saline in NCFB,"University of North Carolina, Chapel Hill",,Non-CF bronchiectasis. Exclude from CF map.,2026-09-09T22:49:42+00:00,clinicaltrials_gov_api_v2
NCT06280066,An Intervention-Based Approach to Strengthen the Psychological Health of Children With Cystic Fibrosis and Their Mothers,COMPLETED,OTHER,Kirsehir Ahi Evran Universitesi,NA,not_applicable,False,,cf,care_delivery,care_delivery,N8,supportive,0,0,0,auto_suggested,rules,,Kirsehir Ahi Evran Universitesi,,,2026-09-09T22:49:42+00:00,clinicaltrials_gov_api_v2
NCT06280391,"A Proof-of-Concept Study to Assess the Efficacy, Safety and Tolerability of Itepekimab (Anti-IL-33 mAb) in Participants With Non-cystic Fibrosis Bronchiectasis",COMPLETED,INDUSTRY,Sanofi,PHASE2,phase_2,False,non-cystic fibrosis bronchiectasis,ncfb,other,no_keyword_match,,not_cf_primary,0,0,0,auto_suggested,rules,,Sanofi,,,2026-09-09T22:49:42+00:00,clinicaltrials_gov_api_v2
NCT06284577,Quality of Life and Gut Health in Pediatric Patients With Cystic Fibrosis,RECRUITING,OTHER,Oslo University Hospital,NA,not_applicable,True,,cf,cftr_modulator,modulator,N2,supportive,0,0,0,auto_suggested,rules,,Oslo University Hospital,,,2026-09-09T22:49:42+00:00,clinicaltrials_gov_api_v2
NCT06299696,A Study of Vanzacaftor/Tezacaftor/Deutivacaftor (VNZ/TEZ/D-IVA) in Healthy Adult Panelists,COMPLETED,INDUSTRY,Vertex Pharmaceuticals Incorporated,PHASE1,phase_1,False,,cf,cftr_modulator,modulator,N2,therapeutic,0,0,0,auto_suggested,rules,,Vertex Pharmaceuticals Incorporated,,,2026-09-09T22:49:42+00:00,clinicaltrials_gov_api_v2
NCT06299709,"A Study To Evaluate the Relative Bioavailability, Food Effect, and Dose Proportionality of a Granule Formulation of Vanzacaftor/Tezacaftor/Deutivacaftor(VNZ/TEZ/D-IVA)",COMPLETED,INDUSTRY,Vertex Pharmaceuticals Incorporated,PHASE1,phase_1,False,,cf,cftr_modulator,modulator,N2,therapeutic,0,0,0,auto_suggested,rules,,Vertex Pharmaceuticals Incorporated,,,2026-09-09T22:49:42+00:00,clinicaltrials_gov_api_v2
NCT06311292,Intrapulmonary Percussive Ventilation for Sputum Induction in Adults With Cystic Fibrosis,COMPLETED,OTHER,Daniel J. Weiner,NA,not_applicable,False,,cf,other,no_keyword_match,,diagnostic,0,0,0,auto_suggested,rules,,Daniel J. Weiner,,,2026-09-09T22:49:42+00:00,clinicaltrials_gov_api_v2
NCT06312787,A Study to Evaluate the Relative Bioavailability and Food Effect of a VX-118 Tablet Formulation,COMPLETED,INDUSTRY,Vertex Pharmaceuticals Incorporated,PHASE1,phase_1,False,,cf,other,no_keyword_match,,supportive,0,0,0,auto_suggested,rules,,Vertex Pharmaceuticals Incorporated,,,2026-09-09T22:49:42+00:00,clinicaltrials_gov_api_v2
NCT06313827,e-Health Program to Prevent Exacerbations in the Cystic Fibrosis Population,RECRUITING,OTHER,University of Valencia,NA,not_applicable,True,,cf,care_delivery,care_delivery,N8,supportive,0,0,0,auto_suggested,rules,,University of Valencia,,,2026-09-09T22:49:42+00:00,clinicaltrials_gov_api_v2
NCT06322446,Exercise in People With Cystic Fibrosis on CFTR Modulator Therapy,ACTIVE_NOT_RECRUITING,OTHER,Universidad Politecnica de Madrid,NA,not_applicable,True,,cf,cftr_modulator,modulator,N2,supportive,0,0,0,auto_suggested,rules,,Universidad Politecnica de Madrid,,,2026-09-09T22:49:42+00:00,clinicaltrials_gov_api_v2
NCT06339450,Real World Environmental Exposure Study With Healthy and Cystic Fibrosis Subjects,WITHDRAWN,OTHER,Centre Hospitalier Intercommunal Creteil,NA,not_applicable,False,,cf,other,no_keyword_match,,supportive,0,0,0,auto_suggested,rules,,Centre Hospitalier Intercommunal Creteil,,,2026-09-09T22:49:42+00:00,clinicaltrials_gov_api_v2
NCT06339593,Regional Monitoring of CF Lung Disease,RECRUITING,OTHER,"Children's Hospital Medical Center, Cincinnati",EARLY_PHASE1,phase_1,True,,cf,mucociliary_clearance,mucociliary,N3,therapeutic,0,0,0,auto_suggested,rules,,"Children's Hospital Medical Center, Cincinnati",,,2026-09-09T22:49:42+00:00,clinicaltrials_gov_api_v2
NCT06350149,A Pilot and Feasibility Study to Evaluate High vs Low Glycemic Index Mixed Meal Tolerance Test in Adolescents and Young Adults With Cystic Fibrosis,UNKNOWN,OTHER,Emory University,NA,not_applicable,False,,cf,metabolic_cfrd,cfrd,N5,supportive,0,0,0,auto_suggested,rules,,Emory University,,,2026-09-09T22:49:42+00:00,clinicaltrials_gov_api_v2
NCT06350461,Impact of Discontinuing Hypertonic Saline in People With CF on Highly Effective CFTR Modulators- A SIMPLIFY Sub-Study,COMPLETED,OTHER,Nicole Hamblett,NA,not_applicable,False,,cf,cftr_modulator,modulator,N2,supportive,0,0,0,auto_suggested,rules,,Nicole Hamblett,,,2026-09-09T22:49:42+00:00,clinicaltrials_gov_api_v2
NCT06350474,Impact of Discontinuing Dornase Alfa in People With CF on Highly Effective CFTR Modulator Therapy-A SIMPLIFY Sub-Study,COMPLETED,OTHER,Nicole Hamblett,NA,not_applicable,False,,cf,cftr_modulator,modulator,N2,supportive,0,0,0,auto_suggested,rules,,Nicole Hamblett,,,2026-09-09T22:49:42+00:00,clinicaltrials_gov_api_v2
NCT06364176,Targeting Inflammation With Losartan to Improve Response to Modulator Therapy in Cystic Fibrosis.,RECRUITING,OTHER,University of Kansas Medical Center,PHASE2,phase_2,True,,cf,anti_inflammatory,anti_inflammatory,N3,therapeutic,1,1,1,reviewed,trial_review_overrides,Losartan as adjunct to modulators,University of Kansas Medical Center,,Academic Phase 2 anti-inflammatory adjunct.,2026-09-09T22:49:42+00:00,clinicaltrials_gov_api_v2
NCT06368804,Comparison of Two Antibiotic Regimens for the Treatment of Early Airways Infection With PA in Adults With Bronchiectasis,RECRUITING,OTHER,Centre Hospitalier Intercommunal Creteil,PHASE2,phase_2,True,,cf,antimicrobial,antimicrobial,N4,supportive,0,0,0,reviewed,trial_review_overrides,Early PA antibiotic regimens,Centre Hospitalier Intercommunal Creteil,,Standard antibiotic comparison in bronchiectasis/CF airways. Not a new product.,2026-09-09T22:49:42+00:00,clinicaltrials_gov_api_v2
NCT06413368,Maralixibat in Patients With Cystic Fibrosis and Constipation,RECRUITING,OTHER,Children's Hospital Los Angeles,PHASE2;PHASE3,phase_2,True,,cf,gi_nutrition,gi,N6,therapeutic,1,1,0,reviewed,trial_review_overrides,Maralixibat for CF constipation,Children's Hospital Los Angeles,,Academic/repurposed IBAT inhibitor. Crowding unit 0.,2026-09-09T22:49:42+00:00,clinicaltrials_gov_api_v2
NCT06429176,"Safety, Tolerability, Pharmacokinetics, and Preliminary Efficacy of SPL84 in Patients With Cystic Fibrosis",RECRUITING,INDUSTRY,SpliSense Ltd.,PHASE2,phase_2,True,,cf,aso_oligonucleotide,aso,N1,therapeutic,1,1,1,reviewed,trial_review_overrides,SPL84,SpliSense,cff-spl84,Recruiting Phase 2 splicing oligonucleotide.,2026-09-09T22:49:42+00:00,clinicaltrials_gov_api_v2
NCT06449677,Bionic Pancreas in CFRD,RECRUITING,OTHER,Jaeb Center for Health Research,PHASE3,phase_3,True,,cf,metabolic_cfrd,cfrd,N5,therapeutic,1,1,1,reviewed,trial_review_overrides,iLet bionic pancreas,Jaeb Center for Health Research,cff-bionic-pancreas,Phase 3 automated insulin delivery in CFRD.,2026-09-09T22:49:42+00:00,clinicaltrials_gov_api_v2
NCT06457451,Impact of a Coordinated Dietetic-adapted Physical Activity Program on the Percentage of Lean Body Mass in Adults With Cystic Fibrosis Treated With Elexacaftor-Tezacaftor-Ivacaftor: Multicentre Randomised Controlled Trial,RECRUITING,OTHER,"University Hospital, Tours",NA,not_applicable,True,,cf,cftr_modulator,modulator,N2,supportive,0,0,0,auto_suggested,rules,,"University Hospital, Tours",,,2026-09-09T22:49:42+00:00,clinicaltrials_gov_api_v2
NCT06460506,Evaluation of Long-term Safety and Efficacy of ELX/TEZ/IVA in Cystic Fibrosis Participants 12 Months of Age and Older,ACTIVE_NOT_RECRUITING,INDUSTRY,Vertex Pharmaceuticals Incorporated,PHASE3,phase_3,True,,cf,cftr_modulator,modulator,N2,label_expansion,1,0,0,reviewed,trial_review_overrides,Trikafta ages 12 months+,Vertex Pharmaceuticals,cff-trikafta,Infant ETI label-expansion OLE.,2026-09-09T22:49:42+00:00,clinicaltrials_gov_api_v2
NCT06468527,Clinical Trial to Evaluate the Efficacy and Safety of Dirocaftor/Posenacaftor/Nesolicaftor in Adults With CF,COMPLETED,OTHER,Kors van der Ent,PHASE2,phase_2,False,,cf,other,no_keyword_match,,supportive,0,0,0,auto_suggested,rules,,Kors van der Ent,,,2026-09-09T22:49:42+00:00,clinicaltrials_gov_api_v2
NCT06478706,"A Two-Part Study to Evaluate the Efficacy, Safety, Tolerability and Pharmacokinetics of Repeat Doses of Inhaled ETD001 in People With Cystic Fibrosis",COMPLETED,INDUSTRY,Enterprise Therapeutics Ltd,PHASE2,phase_2,False,,cf,other,no_keyword_match,,supportive,0,0,0,auto_suggested,rules,,Enterprise Therapeutics Ltd,,,2026-09-09T22:49:42+00:00,clinicaltrials_gov_api_v2
NCT06482710,The Effect of Breathing Exercise With Pinwheel on the Quality of Life in Children With Cystic Fibrosis Disease,COMPLETED,OTHER,Maltepe University,NA,not_applicable,False,,cf,care_delivery,care_delivery,N8,supportive,0,0,0,auto_suggested,rules,,Maltepe University,,,2026-09-09T22:49:42+00:00,clinicaltrials_gov_api_v2
NCT06487273,Long-term Evaluation of the SIMEOX Device at Home in Non-cystic Fibrosis Bronchiectasis,RECRUITING,INDUSTRY,Physio-Assist,NA,not_applicable,True,non-cystic fibrosis bronchiectasis,ncfb,mucociliary_clearance,mucociliary,N3,not_cf_primary,0,0,0,reviewed,trial_review_overrides,SIMEOX device in NCFB,Physio-Assist,,Non-CF bronchiectasis device study. Exclude from CF map.,2026-09-09T22:49:42+00:00,clinicaltrials_gov_api_v2
NCT06512064,Acoustic Waveform Respiratory Evaluation,RECRUITING,OTHER,Indiana University,NA,not_applicable,True,,cf,other,no_keyword_match,,diagnostic,0,0,0,auto_suggested,rules,,Indiana University,,,2026-09-09T22:49:42+00:00,clinicaltrials_gov_api_v2
NCT06515002,A Study to Test How Well BI 3720931 is Tolerated and Whether it Improves Lung Function in People With Cystic Fibrosis (Lenticlair™ 1),TERMINATED,INDUSTRY,Boehringer Ingelheim,PHASE1;PHASE2,phase_1,False,,cf,gene_therapy,gene_therapy,N1,therapeutic,0,0,0,auto_suggested,rules,,Boehringer Ingelheim,,,2026-09-09T22:49:42+00:00,clinicaltrials_gov_api_v2
NCT06526923,A Phase 1/2 Trial of SP-101 for the Treatment of Cystic Fibrosis (CF),RECRUITING,INDUSTRY,"Spirovant Sciences, Inc.",PHASE1;PHASE2,phase_1,True,,cf,gene_therapy,gene_therapy,N1,therapeutic,1,1,1,reviewed,trial_review_overrides,SP-101,Spirovant Sciences,cff-sp-101,Recruiting Phase 1/2 AAV CFTR gene therapy.,2026-09-09T22:49:42+00:00,clinicaltrials_gov_api_v2
NCT06559150,A Phase II Study of Ensifentrine in Non-Cystic Fibrosis Bronchiectasis,RECRUITING,INDUSTRY,"Verona Pharma, Inc., a subsidiary of Merck & Co., Inc. (Rahway, New Jersey USA",PHASE2,phase_2,True,non-cystic fibrosis bronchiectasis,ncfb,anti_inflammatory,no_keyword_match,N3,not_cf_primary,0,0,0,reviewed,trial_review_overrides,Ensifentrine,Verona Pharma,,NCFB Phase 2. Do not treat as CF anti-inflammatory crowding.,2026-09-09T22:49:42+00:00,clinicaltrials_gov_api_v2
NCT06565832,Reproducibility of Virtual Exercise Assessments Versus Face-to-face Exercise Testing in Adults With Cystic Fibrosis,COMPLETED,OTHER,Royal Brompton & Harefield NHS Foundation Trust,NA,not_applicable,False,,cf,care_delivery,care_delivery,N8,supportive,0,0,0,auto_suggested,rules,,Royal Brompton & Harefield NHS Foundation Trust,,,2026-09-09T22:49:42+00:00,clinicaltrials_gov_api_v2
NCT06592742,"Progressive Muscle Relaxation in Pulmonary Rehab for Quality of Life, Mental Health, and Sleep in Cystic Fibrosis",COMPLETED,OTHER_GOV,Spitalul Clinic de Boli Infecțioase și Pneumoftiziologie Dr. Victor Babeș Timișoara,NA,not_applicable,False,,cf,other,no_keyword_match,,supportive,0,0,0,auto_suggested,rules,,Spitalul Clinic de Boli Infecțioase și Pneumoftiziologie Dr. Victor Babeș Timișoara,,,2026-09-09T22:49:42+00:00,clinicaltrials_gov_api_v2
NCT06603246,A Study to Test the Safety and Effects of Inhaled GDC-6988 in Participants With Muco-obstructive Disease,RECRUITING,INDUSTRY,"Genentech, Inc.",PHASE1,phase_1,True,non-cystic fibrosis bronchiectasis,mixed_muco_obstructive,mucociliary_clearance,no_keyword_match,N3,not_cf_primary,0,0,0,reviewed,trial_review_overrides,GDC-6988,Genentech / Roche,,Muco-obstructive disease basket; not a CF-specific program.,2026-09-09T22:49:42+00:00,clinicaltrials_gov_api_v2
NCT06606457,"PACE CF, a 3-session Mind-body Pain Management Program for Adults With Cystic Fibrosis",COMPLETED,OTHER,Massachusetts General Hospital,NA,not_applicable,False,,cf,care_delivery,care_delivery,N8,supportive,0,0,0,auto_suggested,rules,,Massachusetts General Hospital,,,2026-09-09T22:49:42+00:00,clinicaltrials_gov_api_v2
NCT06616857,Personalized Mobile Health Platform to Promote Physical Activity in Adolescents and Young Adults With Cystic Fibrosis,RECRUITING,OTHER,Nemours Children's Clinic,NA,not_applicable,True,,cf,care_delivery,care_delivery,N8,supportive,0,0,0,auto_suggested,rules,,Nemours Children's Clinic,,,2026-09-09T22:49:42+00:00,clinicaltrials_gov_api_v2
NCT06617013,GERD in Children With Cystic Fibrosis,RECRUITING,OTHER,Duke University,NA,not_applicable,True,,cf,other,no_keyword_match,,supportive,0,0,0,auto_suggested,rules,,Duke University,,,2026-09-09T22:49:42+00:00,clinicaltrials_gov_api_v2
NCT06642610,CGM Dynamic Index for Predicting Prediabetes in Cystic Fibrosis,RECRUITING,OTHER,Indiana University,NA,not_applicable,True,,cf,metabolic_cfrd,cfrd,N5,diagnostic,0,0,0,auto_suggested,rules,,Indiana University,,,2026-09-09T22:49:42+00:00,clinicaltrials_gov_api_v2
NCT06645782,Group Cognitive Behavioural Therapy for Adults With Cystic Fibrosis,COMPLETED,OTHER,University of Regina,NA,not_applicable,False,,cf,other,no_keyword_match,,supportive,0,0,0,auto_suggested,rules,,University of Regina,,,2026-09-09T22:49:42+00:00,clinicaltrials_gov_api_v2
NCT06654752,Streamlined Treatment of Pulmonary Exacerbations in Pediatrics,RECRUITING,OTHER,"University of Washington, the Collaborative Health Studies Coordinating Center",NA,not_applicable,True,,cf,antimicrobial,antimicrobial,N4,supportive,0,0,0,auto_suggested,rules,,"University of Washington, the Collaborative Health Studies Coordinating Center",,,2026-09-09T22:49:42+00:00,clinicaltrials_gov_api_v2
NCT06659757,A Study to Investigate the Safety and Tolerability of Single and Multiple Ascending Doses of KIT2014 in Healthy Subjects,COMPLETED,INDUSTRY,Kither Biotech Srl,PHASE1,phase_1,False,,cf,other,no_keyword_match,,supportive,0,0,0,auto_suggested,rules,,Kither Biotech Srl,,,2026-09-09T22:49:42+00:00,clinicaltrials_gov_api_v2
NCT06660745,The Effect of Telenursing on Self-efficacy and Treatment Adherence in Children With Cystic Fibrosis,COMPLETED,OTHER,Shahid Beheshti University of Medical Sciences,NA,not_applicable,False,,cf,care_delivery,care_delivery,N8,supportive,0,0,0,auto_suggested,rules,,Shahid Beheshti University of Medical Sciences,,,2026-09-09T22:49:42+00:00,clinicaltrials_gov_api_v2
NCT06660992,A Study to Assess the Efficacy and Safety of HSK31858 in Participants With Non-Cystic Fibrosis Bronchiectasis,RECRUITING,INDUSTRY,"Haisco Pharmaceutical Group Co., Ltd.",PHASE3,phase_3,True,non-cystic fibrosis bronchiectasis,ncfb,anti_inflammatory,no_keyword_match,N3,not_cf_primary,0,0,0,reviewed,trial_review_overrides,HSK31858,"Haisco Pharmaceutical Group Co., Ltd.",,NCFB DPP1-class candidate. Exclude from CF map.,2026-09-09T22:49:42+00:00,clinicaltrials_gov_api_v2
NCT06663176,Nebulised RESP30X Nitric Oxide Formulations in NCFB Patients With Pseudomonas Aeruginosa (Pa),ACTIVE_NOT_RECRUITING,INDUSTRY,Thirty Respiratory Limited,PHASE1;PHASE2,phase_1,True,non-cystic fibrosis bronchiectasis,ncfb,antimicrobial,no_keyword_match,N4,not_cf_primary,0,0,0,reviewed,trial_review_overrides,RESP30X nitric oxide,Thirty Respiratory Limited,,NCFB with Pseudomonas. Exclude from CF map.,2026-09-09T22:49:42+00:00,clinicaltrials_gov_api_v2
NCT06747858,"Safety, Tolerability and Efficacy Study of ARCT-032 in People With Cystic Fibrosis",RECRUITING,INDUSTRY,"Arcturus Therapeutics, Inc.",PHASE2,phase_2,True,,cf,mrna,mrna,N1,therapeutic,1,1,1,reviewed,trial_review_overrides,ARCT-032,Arcturus Therapeutics,cff-arct-032,Recruiting Phase 2 inhaled CFTR mRNA.,2026-09-09T22:49:42+00:00,clinicaltrials_gov_api_v2
NCT06775340,Study of RSS0343 Tablets in Patients With Non-cystic Fibrosis Bronchiectasis,RECRUITING,INDUSTRY,"Jiangsu HengRui Medicine Co., Ltd.",PHASE2,phase_2,True,non-cystic fibrosis bronchiectasis,ncfb,anti_inflammatory,no_keyword_match,N3,not_cf_primary,0,0,0,reviewed,trial_review_overrides,RSS0343,"Jiangsu HengRui Medicine Co., Ltd.",,NCFB. Exclude from CF map.,2026-09-09T22:49:42+00:00,clinicaltrials_gov_api_v2
NCT06810167,Assessing Tenapanor as a Treatment of CF-related Constipation.,ACTIVE_NOT_RECRUITING,OTHER,Massachusetts General Hospital,PHASE3,phase_3,True,,cf,gi_nutrition,gi,N6,therapeutic,1,1,0,reviewed,trial_review_overrides,Tenapanor for CF-related constipation,Massachusetts General Hospital,,Academic/repurposed NHE3 inhibitor. Crowding unit 0.,2026-09-09T22:49:42+00:00,clinicaltrials_gov_api_v2
NCT06836453,Evaluation of New Device for Beta-adrenergic Sweat Test in the Context of Stratification of Patient With Cystic Fibrosis,RECRUITING,OTHER,Cliniques universitaires Saint-Luc- Université Catholique de Louvain,NA,not_applicable,True,,cf,diagnostic,diagnostic,,diagnostic,0,0,0,auto_suggested,rules,,Cliniques universitaires Saint-Luc- Université Catholique de Louvain,,,2026-09-09T22:49:42+00:00,clinicaltrials_gov_api_v2
NCT06861413,A Phase 1 Study to Evaluate the Relative Bioavailability of a VX-828 Tablet Formulation,COMPLETED,INDUSTRY,Vertex Pharmaceuticals Incorporated,PHASE1,phase_1,False,,cf,cftr_modulator,modulator,N2,therapeutic,0,0,0,auto_suggested,rules,,Vertex Pharmaceuticals Incorporated,,,2026-09-09T22:49:42+00:00,clinicaltrials_gov_api_v2
NCT06875050,Antioxidant Supplements in Cystic Fibrosis Children,COMPLETED,OTHER,Ain Shams University,NA,not_applicable,False,,cf,care_delivery,care_delivery,N8,supportive,0,0,0,auto_suggested,rules,,Ain Shams University,,,2026-09-09T22:49:42+00:00,clinicaltrials_gov_api_v2
NCT06902363,Sweat Testing in Infants: Comparing Sweat Collection on Upper Vs Lower Limbs,NOT_YET_RECRUITING,OTHER,Universitair Ziekenhuis Brussel,NA,not_applicable,True,,cf,other,no_keyword_match,,diagnostic,0,0,0,auto_suggested,rules,,Universitair Ziekenhuis Brussel,,,2026-09-09T22:49:42+00:00,clinicaltrials_gov_api_v2
NCT06909903,Cell Content of Sputum Induced by Hypertonic Saline in Adolescents With Cystic Fibrosis,TERMINATED,OTHER,Assistance Publique Hopitaux De Marseille,NA,not_applicable,False,,cf,antimicrobial,antimicrobial,N4,supportive,0,0,0,auto_suggested,rules,,Assistance Publique Hopitaux De Marseille,,,2026-09-09T22:49:42+00:00,clinicaltrials_gov_api_v2
NCT06958094,Effectiveness of Gamified Mobile Health Apps for Airway Clearance Therapy in Children and Adolescents With Cystic Fibrosis,NOT_YET_RECRUITING,OTHER,Universidad de Córdoba,NA,not_applicable,True,,cf,mucociliary_clearance,mucociliary,N3,supportive,0,0,0,auto_suggested,rules,,Universidad de Córdoba,,,2026-09-09T22:49:42+00:00,clinicaltrials_gov_api_v2
NCT06962852,A Long-term Study to Monitor the Health Status of People With Cystic Fibrosis Who Took Part in a Previous Study With BI 3720931 (Lenticlair™-ON),ACTIVE_NOT_RECRUITING,INDUSTRY,Boehringer Ingelheim,PHASE1;PHASE2,phase_1,True,,cf,gene_therapy,gene_therapy,N1,therapeutic,1,1,1,reviewed,trial_review_overrides,BI 3720931,Boehringer Ingelheim,,Long-term follow-up of BI CFTR gene-therapy participants. No matching CFF pipeline row in this snapshot.,2026-09-09T22:49:42+00:00,clinicaltrials_gov_api_v2
NCT06963008,"A Prospective, Single-center, Open-label Clinical Study to Evaluate the Safety and Efficacy of Inhaled BMD003(CFTR mRNA) in Chinese Adult Patients With Cystic Fibrosis",NOT_YET_RECRUITING,OTHER,Peking Union Medical College Hospital,EARLY_PHASE1,phase_1,True,,cf,mrna,mrna,N1,therapeutic,1,1,1,reviewed,trial_review_overrides,BMD003,Peking Union Medical College Hospital,,Chinese investigator-initiated inhaled CFTR mRNA. Pair with NCT07485543 as one asset via shared name; this row carries crowding_unit.,2026-09-09T22:49:42+00:00,clinicaltrials_gov_api_v2
NCT06964074,PEP and O-PEP Device for Nebulization in Cystic Fibrosis,ACTIVE_NOT_RECRUITING,OTHER,"National Institute for Tuberculosis and Lung Diseases, Poland",NA,not_applicable,True,,cf,mucociliary_clearance,mucociliary,N3,supportive,0,0,0,auto_suggested,rules,,"National Institute for Tuberculosis and Lung Diseases, Poland",,,2026-09-09T22:49:42+00:00,clinicaltrials_gov_api_v2
NCT06981091,"A Multicenter, Randomized, Double-blind, Placebo-controlled Parallel-group Phase 2 Clinical Trial to Evaluate the Efficacy and Safety of XH-S004 Tablets in Patients With Non-cystic Fibrosis Bronchiectasis",NOT_YET_RECRUITING,INDUSTRY,"S-INFINITY Pharmaceuticals Co., Ltd",PHASE2,phase_2,True,non-cystic fibrosis bronchiectasis,ncfb,other,no_keyword_match,,not_cf_primary,0,0,0,reviewed,trial_review_overrides,,"S-INFINITY Pharmaceuticals Co., Ltd",,Industry NCFB-flagged trial. Exclude from CF map.,2026-09-09T22:49:42+00:00,clinicaltrials_gov_api_v2
NCT06995651,Dorzagliatin in Pancreatic Insufficient Cystic Fibrosis,RECRUITING,OTHER,"Michael R. Rickels, MD, MS",PHASE1,phase_1,True,,cf,metabolic_cfrd,cfrd,N5,therapeutic,1,1,0,reviewed,trial_review_overrides,Dorzagliatin in pancreatic-insufficient CF,"Michael R. Rickels, MD, MS",,Academic glucokinase activator. Crowding unit 0.,2026-09-09T22:49:42+00:00,clinicaltrials_gov_api_v2
NCT06996951,Sinonasal Therapies and Histologic Correlations of Patients With Cystic Fibrosis in the Era of Highly Effective Modulator Therapy,RECRUITING,OTHER,Indiana University,PHASE3,phase_3,True,,cf,other,no_keyword_match,,supportive,0,0,0,auto_suggested,rules,,Indiana University,,,2026-09-09T22:49:42+00:00,clinicaltrials_gov_api_v2
NCT06998043,Study With Phage for CF Subjects With Pseudomonas Lung Infection,RECRUITING,INDUSTRY,BiomX Ltd,PHASE2,phase_2,True,,cf,phage,phage,N4,therapeutic,1,1,1,reviewed,trial_review_overrides,BX004,BiomX,cff-bx004,Recruiting Phase 2 P. aeruginosa phage in CF.,2026-09-09T22:49:42+00:00,clinicaltrials_gov_api_v2
NCT07027553,Remote Exercise to Improve Physical Activity Levels and Markers of Heart Health in Cystic Fibrosis (RHH-CF),NOT_YET_RECRUITING,OTHER,University of Bath,NA,not_applicable,True,,cf,care_delivery,care_delivery,N8,supportive,0,0,0,auto_suggested,rules,,University of Bath,,,2026-09-09T22:49:42+00:00,clinicaltrials_gov_api_v2
NCT07031323,"OnTrackCF: Engagement, Feasibility, and Acceptability Study",RECRUITING,OTHER,Boston Children's Hospital,NA,not_applicable,True,,cf,other,no_keyword_match,,supportive,0,0,0,auto_suggested,rules,,Boston Children's Hospital,,,2026-09-09T22:49:42+00:00,clinicaltrials_gov_api_v2
NCT07035990,"Safety, Tolerability, and Pharmacokinetics of Multiple Dose Combinations of SION-451 and Complementary Modulators SION-2222 and SION-109 in Healthy Participants.",RECRUITING,INDUSTRY,Sionna Therapeutics Inc.,PHASE1,phase_1,True,,cf,cftr_modulator,modulator,N2,therapeutic,1,1,1,reviewed,trial_review_overrides,SION-451 combination,Sionna Therapeutics,cff-sion-451,Phase 1 combination of SION-451 with complementary modulators SION-2222 and SION-109. Count once for crowding.,2026-09-09T22:49:42+00:00,clinicaltrials_gov_api_v2
NCT07048262,"Dose Range Finding, Efficacy, and Safety Study of Nebulized CSL787 in Adults With Non-cystic Fibrosis Bronchiectasis (NCFB)",RECRUITING,INDUSTRY,CSL Behring,PHASE2,phase_2,True,non-cystic fibrosis bronchiectasis,ncfb,antimicrobial,no_keyword_match,N4,not_cf_primary,0,0,0,reviewed,trial_review_overrides,CSL787,CSL,,NCFB inhaled biologic. Exclude from CF map.,2026-09-09T22:49:42+00:00,clinicaltrials_gov_api_v2
NCT07062939,Comparative Effects of Mechanical and Manual Airway Clearance Techniques in Cystic Fibrosis,NOT_YET_RECRUITING,OTHER,Riphah International University,NA,not_applicable,True,,cf,mucociliary_clearance,mucociliary,N3,supportive,0,0,0,auto_suggested,rules,,Riphah International University,,,2026-09-09T22:49:42+00:00,clinicaltrials_gov_api_v2
NCT07071324,CF Wellness Program,RECRUITING,OTHER,Johns Hopkins University,NA,not_applicable,True,,cf,care_delivery,care_delivery,N8,supportive,0,0,0,auto_suggested,rules,,Johns Hopkins University,,,2026-09-09T22:49:42+00:00,clinicaltrials_gov_api_v2
NCT07088614,"Effectiveness of Respiratory Physiotherapy on Frequency of Exacerbations, Lung Function and Quality of Life After 6 Months in Children With Cystic Fibrosis",COMPLETED,OTHER,University of Americas,NA,not_applicable,False,,cf,care_delivery,care_delivery,N8,supportive,0,0,0,auto_suggested,rules,,University of Americas,,,2026-09-09T22:49:42+00:00,clinicaltrials_gov_api_v2
NCT07108153,"Proof-of-concept Study to Evaluate the Safety, Tolerability, Pharmacodynamics, and Pharmacokinetics of SION-719 When Added to Trikafta",ACTIVE_NOT_RECRUITING,INDUSTRY,Sionna Therapeutics Inc.,PHASE2,phase_2,True,,cf,cftr_modulator,modulator,N2,therapeutic,1,1,1,reviewed,trial_review_overrides,SION-719,Sionna Therapeutics,cff-sion-719,Phase 2 proof-of-concept NBD1 stabilizer. Next-gen modulator; protein-producing genotypes.,2026-09-09T22:49:42+00:00,clinicaltrials_gov_api_v2
NCT07148739,Ensuring Access to Optimal Therapy in CF: The ENACT Study,RECRUITING,OTHER,Arkansas Children's Hospital Research Institute,PHASE4,approved,True,,cf,cftr_modulator,modulator,N2,label_expansion,0,0,0,reviewed,trial_review_overrides,ENACT therapeutic drug monitoring of ETI,Arkansas Children's Hospital Research Institute,,Access/TDM of approved ETI. Care-delivery adjacent; not map-eligible crowding.,2026-09-09T22:49:42+00:00,clinicaltrials_gov_api_v2
NCT07163078,Nutrition Supplement for Cystic Fibrosis,NOT_YET_RECRUITING,OTHER,Ohio State University,NA,not_applicable,True,,cf,other,no_keyword_match,,supportive,0,0,0,auto_suggested,rules,,Ohio State University,,,2026-09-09T22:49:42+00:00,clinicaltrials_gov_api_v2
NCT07175012,ELECTROVEST: Electro-Stimulation Vibratory Vest for Pulmonary Rehabilitation in Patients With Chronic Respiratory Diseases,COMPLETED,OTHER,Hospitales Universitarios Virgen del Rocío,NA,not_applicable,False,,cf,mucociliary_clearance,mucociliary,N3,supportive,0,0,0,auto_suggested,rules,,Hospitales Universitarios Virgen del Rocío,,,2026-09-09T22:49:42+00:00,clinicaltrials_gov_api_v2
NCT07223255,Gastrointestinal Response of Pediatric Cystic Fibrosis Patients on Mediterranean Diet,RECRUITING,OTHER,Dartmouth-Hitchcock Medical Center,NA,not_applicable,True,,cf,care_delivery,care_delivery,N8,supportive,0,0,0,auto_suggested,rules,,Dartmouth-Hitchcock Medical Center,,,2026-09-09T22:49:42+00:00,clinicaltrials_gov_api_v2
NCT07255131,The Effectiveness and Efficacy of an Online Cognitive Behavioral Psychotherapeutic Program,RECRUITING,OTHER,"Rakitzi, Stavroula",NA,not_applicable,True,,cf,care_delivery,care_delivery,N8,supportive,0,0,0,auto_suggested,rules,,"Rakitzi, Stavroula",,,2026-09-09T22:49:42+00:00,clinicaltrials_gov_api_v2
NCT07274020,Long-Term Safety and Efficacy of Moxifloxacin in Bronchiectasis Patients,NOT_YET_RECRUITING,OTHER,Assiut University,PHASE3,phase_3,True,non-cystic fibrosis bronchiectasis,ncfb,antimicrobial,antimicrobial,N4,not_cf_primary,0,0,0,reviewed,trial_review_overrides,Moxifloxacin in bronchiectasis,Assiut University,,Bronchiectasis not CF-specific. Exclude from CF map.,2026-09-09T22:49:42+00:00,clinicaltrials_gov_api_v2
NCT07275905,Bacteriophages for Adults With Cystic Fibrosis and Chronic Achromobacter Lung Infection,RECRUITING,OTHER,Ghady Haidar,PHASE1,phase_1,True,,cf,phage,phage,N4,therapeutic,1,1,1,reviewed,trial_review_overrides,AchromoPhage,Ghady Haidar,,Academic Achromobacter phage Phase 1.,2026-09-09T22:49:42+00:00,clinicaltrials_gov_api_v2
NCT07280598,Safety of Combined Intravenous Antibiotic and Bacteriophage Therapy in Adults With Cystic Fibrosis and Antibiotic-Resistant Lung Infections,NOT_YET_RECRUITING,OTHER,"University of California, San Diego",PHASE1,phase_1,True,,cf,phage,phage,N4,therapeutic,1,1,0,reviewed,trial_review_overrides,IV bacteriophage cocktail plus IV antibiotics,"University of California, San Diego",,Academic combination phage-antibiotic safety study. Crowding counted on other phage assets if industry; this remains map-visible but crowding_unit 0 to avoid triple-counting academic phage.,2026-09-09T22:49:42+00:00,clinicaltrials_gov_api_v2
NCT07283770,Dose Escalation Study Evaluating the Safety and Pharmacokinetics of VX-581 in Healthy Participants,RECRUITING,INDUSTRY,Vertex Pharmaceuticals Incorporated,PHASE1,phase_1,True,,cf,cftr_modulator,modulator,N2,therapeutic,1,1,1,reviewed,trial_review_overrides,VX-581,Vertex Pharmaceuticals,,Healthy-volunteer dose-escalation of a next-gen Vertex modulator. CF franchise; not an approved product.,2026-09-09T22:49:42+00:00,clinicaltrials_gov_api_v2
NCT07289035,Early Study on Tamoxifen Safety/Tolerability in Cystic Fibrosis Patients Unable to Use CFTR Modulators.,NOT_YET_RECRUITING,OTHER,Azienda Ospedaliera Universitaria Integrata Verona,PHASE2,phase_2,True,,cf,other,modulator,N1,therapeutic,1,1,1,reviewed,trial_review_overrides,Tamoxifen in modulator-ineligible CF,Azienda Ospedaliera Universitaria Integrata Verona,,Early academic study in people unable to use modulators. Mechanism (CFTR trafficking vs other) is unconfirmed; keep strategy=other.,2026-09-09T22:49:42+00:00,clinicaltrials_gov_api_v2
NCT07289464,A Clinical Study of RSS0343 in Healthy Subjects,COMPLETED,INDUSTRY,Reistone Biopharma Company Limited,PHASE1,phase_1,False,non-cystic fibrosis bronchiectasis,ncfb,other,no_keyword_match,,not_cf_primary,0,0,0,auto_suggested,rules,,Reistone Biopharma Company Limited,,,2026-09-09T22:49:42+00:00,clinicaltrials_gov_api_v2
NCT07304362,The School-Age Children With Cystic Fibrosis and Their Parents on Health Literacy,COMPLETED,OTHER,University of Yalova,NA,not_applicable,False,,cf,other,no_keyword_match,,supportive,0,0,0,auto_suggested,rules,,University of Yalova,,,2026-09-09T22:49:42+00:00,clinicaltrials_gov_api_v2
NCT07314229,Prevalence of Exercise-induced Ventilatory Limitation and Associated Factors in Patients With Cystic Fibrosis Receiving Elexacaftor-Tezacaftor-Ivacaftor,RECRUITING,OTHER,"University Hospital, Lille",NA,not_applicable,True,,cf,cftr_modulator,modulator,N2,diagnostic,0,0,0,auto_suggested,rules,,"University Hospital, Lille",,,2026-09-09T22:49:42+00:00,clinicaltrials_gov_api_v2
NCT07349394,Effect of Vanzacaftor/Tezacaftor/Deutivacaftor (VNZ/TEZ/D-IVA) on the PK of Rosuvastatin in Healthy Participants,COMPLETED,INDUSTRY,Vertex Pharmaceuticals Incorporated,PHASE1,phase_1,False,,cf,cftr_modulator,modulator,N2,therapeutic,0,0,0,auto_suggested,rules,,Vertex Pharmaceuticals Incorporated,,,2026-09-09T22:49:42+00:00,clinicaltrials_gov_api_v2
NCT07376187,Digital Physiotherapy for Pediatric Chronic Suppurative Lung Diseases,NOT_YET_RECRUITING,OTHER,University of Thessaly,NA,not_applicable,True,non-cystic fibrosis bronchiectasis,ncfb,care_delivery,mucociliary,N8,not_cf_primary,0,0,0,reviewed,trial_review_overrides,Digital physiotherapy in pediatric CSLD,University of Thessaly,,Chronic suppurative lung disease / non-CF. Exclude from CF map.,2026-09-09T22:49:42+00:00,clinicaltrials_gov_api_v2
NCT07414810,Novel Point-of-care Sweat Chloride Testing Device for Monitoring CFTR Function,NOT_YET_RECRUITING,OTHER,Emory University,NA,not_applicable,True,,cf,diagnostic,diagnostic,,diagnostic,0,0,0,auto_suggested,rules,,Emory University,,,2026-09-09T22:49:42+00:00,clinicaltrials_gov_api_v2
NCT07417267,Clean Air for Rare MUcociliary Clearance dIsorders,ENROLLING_BY_INVITATION,OTHER,University of Cyprus,NA,not_applicable,True,,mixed_muco_obstructive,care_delivery,care_delivery,N8,supportive,0,0,0,reviewed,trial_review_overrides,Clean-air purifiers for rare mucociliary disorders,University of Cyprus,,Basket across mucociliary disorders; not CF-specific crowding.,2026-09-09T22:49:42+00:00,clinicaltrials_gov_api_v2
NCT07436351,ACT With CF Self-Help Toolkit,RECRUITING,OTHER,Thomas Jefferson University,NA,not_applicable,True,,cf,care_delivery,care_delivery,N8,supportive,0,0,0,auto_suggested,rules,,Thomas Jefferson University,,,2026-09-09T22:49:42+00:00,clinicaltrials_gov_api_v2
NCT07437105,Dose Escalation Study Evaluating the Safety and Pharmacokinetics of VX-272 in Healthy Participants,RECRUITING,INDUSTRY,Vertex Pharmaceuticals Incorporated,PHASE1,phase_1,True,,cf,cftr_modulator,modulator,N2,therapeutic,1,1,1,reviewed,trial_review_overrides,VX-272,Vertex Pharmaceuticals,,Healthy-volunteer dose-escalation of a next-gen Vertex modulator.,2026-09-09T22:49:42+00:00,clinicaltrials_gov_api_v2
NCT07450547,Phase 2 Study to Assess the Safety and Efficacy of ANG003,RECRUITING,INDUSTRY,"Anagram Therapeutics, Inc.",PHASE2,phase_2,True,,cf,gi_nutrition,gi,N6,therapeutic,1,1,1,reviewed,trial_review_overrides,ANG003,"Anagram Therapeutics, Inc.",cff-ang003,Recruiting Phase 2 GI/nutritional candidate versus pancrelipase.,2026-09-09T22:49:42+00:00,clinicaltrials_gov_api_v2
NCT07485010,Testing a Novel Combination Treatment (Arm D) Versus Standard of Care for Intensive Phase Treatment for Mycobacterium Abscessus Pulmonary Disease in People With or Without Cystic Fibrosis in the Finding the Optimal Regimen for Mycobacterium Abscessus Treatment (FORMaT) Adaptive Platform Trial,NOT_YET_RECRUITING,OTHER,The University of Queensland,PHASE2,phase_2,True,,cf,antimicrobial,gallium_ntm,N4,therapeutic,1,0,0,reviewed,trial_review_overrides,Intensive-phase NTM combination including bedaquiline,The University of Queensland,,NTM regimen comparison that includes people with CF. Not a CF-specific new asset; map_eligible for coverage of N4 activity but crowding_unit 0 and not whitespace.,2026-09-09T22:49:42+00:00,clinicaltrials_gov_api_v2
NCT07485543,Safety and Efficacy of Inhaled BMD003 (CFTR mRNA) in Chinese Cystic Fibrosis Patients Aged ≥12 Years,NOT_YET_RECRUITING,OTHER,Peking Union Medical College Hospital,EARLY_PHASE1,phase_1,True,,cf,mrna,mrna,N1,therapeutic,0,0,0,reviewed,trial_review_overrides,BMD003,Peking Union Medical College Hospital,,Second BMD003 protocol. Counted once via NCT06963008; this row is reviewed CF but not a second map asset.,2026-09-09T22:49:42+00:00,clinicaltrials_gov_api_v2
NCT07500493,Tele-Rehabilitation in Adults With Cystic Fibrosis,NOT_YET_RECRUITING,OTHER,King Saud University,NA,not_applicable,True,,cf,care_delivery,care_delivery,N8,supportive,0,0,0,auto_suggested,rules,,King Saud University,,,2026-09-09T22:49:42+00:00,clinicaltrials_gov_api_v2
NCT07508904,"Exercises' Effect on Muscle Strength, Aerobic Capacity and Respiratory Functions in Cystic Fibrosis",RECRUITING,OTHER,Riphah International University,NA,not_applicable,True,,cf,care_delivery,care_delivery,N8,supportive,0,0,0,auto_suggested,rules,,Riphah International University,,,2026-09-09T22:49:42+00:00,clinicaltrials_gov_api_v2
NCT07519460,"Effects of High-Frequency Chest Wall Oscillation Combined With Concurrent Training on Cough,in Cystic Fibrosis Patients",NOT_YET_RECRUITING,OTHER,Riphah International University,NA,not_applicable,True,,cf,mucociliary_clearance,mucociliary,N3,supportive,0,0,0,auto_suggested,rules,,Riphah International University,,,2026-09-09T22:49:42+00:00,clinicaltrials_gov_api_v2
NCT07540936,Effects of an Online Yoga Program on Exercise Capacity and Quality of Life in Bronchiectasis Patients,COMPLETED,OTHER,Istanbul Medipol University Hospital,NA,not_applicable,False,non-cystic fibrosis bronchiectasis,ncfb,care_delivery,care_delivery,,not_cf_primary,0,0,0,auto_suggested,rules,,Istanbul Medipol University Hospital,,,2026-09-09T22:49:42+00:00,clinicaltrials_gov_api_v2
NCT07547436,A Study to Access Activity and Safety With SAR445399 Compared With Placebo in Participants Aged 18 to 80 Years of Age With Non-Cystic Fibrosis Bronchiectasis,SUSPENDED,INDUSTRY,Sanofi,PHASE2,phase_2,False,non-cystic fibrosis bronchiectasis,ncfb,other,no_keyword_match,,not_cf_primary,0,0,0,auto_suggested,rules,,Sanofi,,,2026-09-09T22:49:42+00:00,clinicaltrials_gov_api_v2
NCT07559175,A Study to Evaluate Safety and Explore Efficacy of New Lipase NHS7108 in Adult Participants With Exocrine Pancreatic Insufficiency.,NOT_YET_RECRUITING,INDUSTRY,"Aimmune Nestlé Health Science US R&D, LLC",PHASE2,phase_2,True,,cf,gi_nutrition,gi,N6,therapeutic,1,1,1,reviewed,trial_review_overrides,NHS7108,"Aimmune Nestlé Health Science US R&D, LLC",,Industry lipase for exocrine pancreatic insufficiency. Not on the CFF pipeline snapshot.,2026-09-09T22:49:42+00:00,clinicaltrials_gov_api_v2
NCT07569419,Proof of Principle Study for an Efficacy Trial of Linaclotide for Cystic Fibrosis,RECRUITING,OTHER,University of Nottingham,EARLY_PHASE1,phase_1,True,,cf,gi_nutrition,gi,N6,therapeutic,1,1,0,reviewed,trial_review_overrides,Linaclotide for CF GI disease,University of Nottingham,,Academic proof-of-principle. Crowding unit 0.,2026-09-09T22:49:42+00:00,clinicaltrials_gov_api_v2
NCT07608328,Azithromycin to Modify Bronchiectasis Exacerbation Risk,NOT_YET_RECRUITING,OTHER,Assiut University,PHASE4,approved,True,non-cystic fibrosis bronchiectasis,ncfb,antimicrobial,antimicrobial,N4,not_cf_primary,0,0,0,reviewed,trial_review_overrides,Azithromycin in bronchiectasis,Assiut University,,Bronchiectasis exacerbation study. Exclude from CF map.,2026-09-09T22:49:42+00:00,clinicaltrials_gov_api_v2
NCT07616375,A Study to Assess the Safety of HSK31858 in Participants With Non-Cystic Fibrosis Bronchiectasis,RECRUITING,INDUSTRY,"Haisco Pharmaceutical Group Co., Ltd.",PHASE3,phase_3,True,non-cystic fibrosis bronchiectasis,ncfb,anti_inflammatory,no_keyword_match,N3,not_cf_primary,0,0,0,reviewed,trial_review_overrides,HSK31858 long-term,"Haisco Pharmaceutical Group Co., Ltd.",,NCFB extension. Exclude from CF map.,2026-09-09T22:49:42+00:00,clinicaltrials_gov_api_v2
NCT07632768,Safety of Stopping Pancreatic Enzyme Replacement Therapy in Children With Improved Pancreatic Function After Highly Effective Modulator Therapy,COMPLETED,OTHER,Indiana University,PHASE4,approved,False,,cf,cftr_modulator,modulator,N2,label_expansion,0,0,0,auto_suggested,rules,,Indiana University,,,2026-09-09T22:49:42+00:00,clinicaltrials_gov_api_v2
NCT07688070,Verapamil Effect in Cystic Fibrosis-related Dysglycemia,NOT_YET_RECRUITING,OTHER,Rhode Island Hospital,PHASE2,phase_2,True,,cf,metabolic_cfrd,cfrd,N5,therapeutic,1,1,0,reviewed,trial_review_overrides,Verapamil in CF-related dysglycemia,Rhode Island Hospital,,Academic metabolic study. Crowding unit 0.,2026-09-09T22:49:42+00:00,clinicaltrials_gov_api_v2
NCT07696091,Study on Drug Interactions Affecting the Pharmacokinetics of RSS0343 Tablet,NOT_YET_RECRUITING,INDUSTRY,Reistone Biopharma Company Limited,PHASE1,phase_1,True,non-cystic fibrosis bronchiectasis,ncfb,other,no_keyword_match,,not_cf_primary,0,0,0,reviewed,trial_review_overrides,RSS0343 drug-interaction,Reistone Biopharma Company Limited,,NCFB PK interaction. Exclude from CF map.,2026-09-09T22:49:42+00:00,clinicaltrials_gov_api_v2
NCT07696338,Rethinking Early Airway Clearence Therapies,NOT_YET_RECRUITING,OTHER,Nicole Hamblett,NA,not_applicable,True,,cf,cftr_modulator,modulator,N2,supportive,0,0,0,auto_suggested,rules,,Nicole Hamblett,,,2026-09-09T22:49:42+00:00,clinicaltrials_gov_api_v2
NCT07709494,"A Phase 1a/1b Study to Investigate the Safety, Tolerability, Microbiological Response, and Pharmacokinetics of Inhaled Rev-56 in Adult Healthy Volunteers and Adult Non-cystic Fibrosis Bronchiectasis (NCFB) Patients With Chronic P. Aeruginosa",RECRUITING,INDUSTRY,"Revagenix, Inc.",PHASE1,phase_1,True,non-cystic fibrosis bronchiectasis,ncfb,antimicrobial,no_keyword_match,N4,not_cf_primary,0,0,0,reviewed,trial_review_overrides,,"Revagenix, Inc.",,Heuristic flagged as NCFB; keep off the CF map pending a CF-specific protocol.,2026-09-09T22:49:42+00:00,clinicaltrials_gov_api_v2
NCT07720375,A Study of 24 to 52 Weeks Treatment to Evaluate The Efficacy And Safety of Galvokimig in Adult Study Participants With Non-Cystic Fibrosis Bronchiectasis,RECRUITING,INDUSTRY,UCB Biopharma SRL,PHASE2,phase_2,True,non-cystic fibrosis bronchiectasis,ncfb,anti_inflammatory,no_keyword_match,N3,not_cf_primary,0,0,0,reviewed,trial_review_overrides,Galvokimig,UCB Biopharma SRL,,Heuristic flagged as NCFB / non-CF. Exclude from CF map.,2026-09-09T22:49:42+00:00,clinicaltrials_gov_api_v2
NCT07722364,HFCWO in Children With Non-CF Bronchiectasis,NOT_YET_RECRUITING,OTHER,Sphinx university,NA,not_applicable,True,non-cystic fibrosis bronchiectasis,ncfb,mucociliary_clearance,mucociliary,N3,not_cf_primary,0,0,0,reviewed,trial_review_overrides,HFCWO in non-CF bronchiectasis,Sphinx university,,Explicit non-CF bronchiectasis. Exclude from CF map.,2026-09-09T22:49:42+00:00,clinicaltrials_gov_api_v2
NCT07729787,Autogenic Drainage Versus Mechanical Percussion in Children With Cystic Fibrosis,RECRUITING,OTHER,Riphah International University,NA,not_applicable,True,,cf,mucociliary_clearance,mucociliary,N3,supportive,0,0,0,auto_suggested,rules,,Riphah International University,,,2026-09-09T22:49:42+00:00,clinicaltrials_gov_api_v2
NCT07780344,MRI Parameters as Biomarkers in Cystic Fibrosis (FEMPTO),NOT_YET_RECRUITING,OTHER,University of Nottingham,NA,not_applicable,True,,cf,gi_nutrition,gi,N6,therapeutic,0,0,0,auto_suggested,rules,,University of Nottingham,,,2026-09-09T22:49:42+00:00,clinicaltrials_gov_api_v2
NCT07805174,High-Intensity Interval Exercise in Bronchiectasis Patients,RECRUITING,OTHER,Saglik Bilimleri Universitesi,NA,not_applicable,True,non-cystic fibrosis phrase,ncfb,care_delivery,mucociliary,N8,not_cf_primary,0,0,0,reviewed,trial_review_overrides,HIIT in bronchiectasis,Saglik Bilimleri Universitesi,,Bronchiectasis exercise study. Exclude from CF map.,2026-09-09T22:49:42+00:00,clinicaltrials_gov_api_v2
NCT07809867,Pharmacokinetics of Elexacaftor/Tezacaftor/Ivacaftor in Cystic Fibrosis,NOT_YET_RECRUITING,OTHER,Istituto Giannina Gaslini,PHASE4,approved,True,,cf,cftr_modulator,modulator,N2,label_expansion,1,0,0,reviewed,trial_review_overrides,ETI pharmacokinetics,Istituto Giannina Gaslini,cff-trikafta,Phase 4 PK of approved ETI.,2026-09-09T22:49:42+00:00,clinicaltrials_gov_api_v2
